Customer_ID,Age,Location,Income_Level,Total_Transactions,Avg_Transaction_Value,Max_Transaction_Value,Min_Transaction_Value,Total_Spent,Active_Days,Last_Transaction_Days_Ago,Loyalty_Points_Earned,Referral_Count,App_Usage_Frequency,Support_Tickets_Raised,Issue_Resolution_Time,Customer_Satisfaction_Score,LTV,
1,67,Suburban,High,979,14536.7,48350.1,2186.7,14231463.3,229,240,2960,20,Monthly,17,60.4,8,1437052.914,
2,44,Urban,High,329,7061.4,32521.2,2743.4,2323191.7,73,21,3170,0,Monthly,11,45.3,4,241938.6594,
3,30,Rural,High,71,16426.9,17827.9,4360.8,1166308.2,299,285,4756,35,Weekly,6,22.0,1,128459.895,
4,58,Urban,Middle,878,10800.1,17497.6,4532.9,9482481.4,236,329,1992,18,Daily,18,20.6,5,956951.3736,
5,23,Rural,Middle,741,6093.2,21310.9,2069.6,4515033.4,195,93,3231,5,Daily,6,17.2,10,467166.6391,
6,36,Rural,Low,946,8751.2,11055.5,2117.4,8278599.8,88,255,4123,46,Weekly,1,11.4,8,846943.3434,
7,54,Urban,Low,63,1324.7,4742.3,239.5,83456,97,162,2513,17,Daily,13,28.9,8,20661.52523,
8,34,Rural,Low,297,18898.7,93293.3,8057.8,5612921.2,166,303,1861,36,Monthly,3,61.8,10,577484.0084,
9,38,Urban,High,245,12386.1,55926.3,4014.1,3034603.6,296,252,1221,7,Daily,10,71.7,3,308366.8488,
10,26,Urban,High,519,14627.4,49201.6,7240.4,7591605.3,203,265,2313,10,Daily,13,50.2,4,766979.5225,
11,26,Rural,High,393,13534.9,61934.4,3375.5,5319216.3,187,188,769,4,Monthly,5,12.1,10,542893.5655,
12,39,Rural,High,772,13358.3,19570.9,4999.9,10312624.7,275,112,3562,20,Monthly,2,48.8,4,1041983.399,
13,68,Suburban,Low,601,355,1000.8,124,213383.3,20,30,1432,39,Monthly,15,20.6,3,31001.24129,
14,51,Rural,Middle,177,10512.2,28537.4,3732.2,1860654.4,73,273,1957,42,Weekly,19,52.0,6,199170.9976,
15,55,Suburban,Middle,204,16436,38555.4,6488.8,3352941.4,338,315,2304,20,Daily,15,17.8,3,343117.5167,
16,39,Rural,High,646,899.9,900.7,140.1,581356,361,168,1359,19,Weekly,2,12.6,6,67680.14528,
17,18,Urban,Middle,594,19123.8,87283,6116.9,11359508.7,310,96,4953,41,Weekly,15,46.0,5,1154308.749,
18,37,Rural,Middle,1000,8489,34896.6,2577.7,8488952.1,82,135,1256,8,Monthly,17,49.6,2,853173.5709,
19,68,Urban,Middle,533,5805,20964.4,1375.9,3094070.8,296,38,72,1,Daily,7,14.1,8,315447.2882,
20,17,Urban,High,911,10641.1,16130.5,2920.6,9694050.3,356,288,1182,48,Weekly,9,37.4,7,982201.5135,
21,39,Urban,Low,128,16026.3,40271.1,4928.5,2051362.8,27,69,482,3,Monthly,2,63.5,7,212562.5012,
22,59,Suburban,Low,195,9500.4,44626.1,2169.6,1852569,141,234,1239,25,Weekly,13,49.6,6,194556.0894,
23,45,Rural,Middle,194,12905.7,44753.2,2803.9,2503698.5,47,67,2242,11,Daily,14,49.0,9,263424.2394,
24,53,Urban,Low,184,10003.3,34147.6,3954.4,1840605.1,112,56,3383,18,Monthly,1,52.4,4,195225.3934,
25,17,Urban,Low,247,12629.1,58757.1,1601,3119395.7,235,276,402,18,Weekly,15,25.9,5,318565.6774,
26,36,Suburban,High,873,2769.2,8970.5,623.6,2417544.8,151,192,764,18,Daily,12,15.6,9,253901.9762,
27,48,Rural,High,872,782.9,2654.4,283,682672.3,315,120,1835,28,Daily,14,53.1,3,76185.40228,
28,27,Rural,Middle,324,2746.7,6544.9,504,889917.5,333,11,2589,38,Weekly,13,58.6,3,99920.28293,
29,37,Suburban,Middle,160,5723.9,14228.3,1882.6,915824.7,126,146,803,44,Daily,17,64.6,8,104516.562,
30,59,Suburban,Middle,706,5074.6,18991.3,1120.8,3582658.9,7,14,4201,33,Monthly,15,57.5,10,379382.6897,
31,40,Rural,High,622,12307.4,28082.2,5382.3,7655175,50,34,4217,7,Monthly,11,25.6,6,780027.9459,
32,64,Suburban,Low,925,9123.2,29526.7,2189.5,8438987.4,360,204,3002,5,Monthly,13,34.2,2,850434.0837,
33,42,Rural,High,66,785.9,1663.5,150.7,51866.2,66,86,2762,31,Monthly,14,56.4,3,15612.20792,
34,57,Rural,High,930,707,1176.8,220.6,657481.6,362,154,2819,27,Weekly,1,39.2,8,81812.91568,
35,43,Urban,Low,254,1820.9,5130.5,280.9,462497,167,170,3124,10,Weekly,4,40.6,5,58383.06831,
36,31,Urban,Low,283,7068.1,13215.8,2961.5,2000270.1,252,167,3195,27,Daily,12,67.9,2,210555.2245,
37,30,Rural,Middle,60,133.6,613.7,49.7,8015.8,263,185,309,31,Daily,17,69.0,3,6300.978674,
38,62,Rural,Low,118,9884.8,21889.4,4035,1166407,196,306,3827,40,Daily,12,55.0,2,128751.5789,
39,66,Rural,Low,423,7219.8,24472.2,1873.9,3053969.7,183,113,4652,7,Monthly,8,58.5,5,320041.7758,
40,59,Rural,Low,556,11113.3,22824.1,4823.2,6178979,264,144,2960,19,Weekly,9,19.8,5,629633.2553,
41,67,Rural,Low,998,14419.3,29301.1,4288.6,14390457.7,288,318,2256,23,Weekly,19,43.2,9,1454676.391,
42,18,Rural,Middle,722,5026.9,12077.5,693.1,3629455.4,275,354,434,26,Daily,4,34.9,6,372319.2285,
43,52,Suburban,Middle,36,3150.1,14690.5,597.3,113403.7,118,211,3123,46,Weekly,5,3.9,2,22027.99777,
44,66,Rural,Low,531,5568.3,14288.2,2140.6,2956762.3,313,191,849,10,Weekly,8,63.7,1,297728.3944,
45,22,Suburban,Low,91,45.2,193.9,20.7,4117.4,347,286,106,46,Daily,10,22.0,7,10271.0042,
46,36,Suburban,Middle,301,2409.1,4310.3,332.6,725126.8,277,182,2671,22,Weekly,14,67.2,7,86599.98176,
47,24,Rural,Middle,724,15019.1,17913,6693.8,10873827.7,132,155,119,21,Monthly,5,46.2,10,1098915.371,
48,54,Rural,Low,917,4463.9,18421.3,1873.2,4093404.4,147,342,3034,4,Weekly,16,58.7,6,420698.9568,
49,33,Suburban,High,919,19886,62989.1,4824.8,18275279.7,29,192,4809,47,Monthly,0,33.6,2,1842200.88,
50,19,Suburban,Middle,734,3365,10145,1264.2,2469874.9,327,81,1892,33,Monthly,8,14.3,8,260734.3756,
51,40,Rural,Middle,217,15777.5,32956.5,2757.6,3423727.6,320,335,2161,30,Daily,17,63.1,4,352316.118,
52,29,Rural,Middle,735,14103.8,18183.6,5999.2,10366321.7,225,332,3716,46,Daily,20,56.6,7,1055271.809,
53,65,Suburban,Low,923,6449.4,18906.1,2340.7,5952816.1,139,49,759,36,Daily,5,54.6,8,607212.6401,
54,24,Suburban,Low,98,6621.5,29590.7,1824.4,648904.6,289,304,1646,46,Weekly,13,16.1,7,77722.96398,
55,41,Suburban,Middle,456,11275.4,16688.6,5026.6,5141580.6,281,55,4549,25,Daily,1,38.0,3,527482.4102,
56,68,Urban,Low,531,17049,80414.5,2654.4,9052996.8,26,336,231,22,Monthly,9,23.9,8,915462.3264,
57,17,Suburban,Low,809,7729.9,16224.4,3388.1,6253470.5,292,67,1594,42,Daily,0,44.5,4,635701.5574,
58,35,Urban,Middle,538,1233,3857.7,135.1,663346.4,267,115,561,37,Monthly,17,38.8,8,77269.6155,
59,43,Rural,Low,28,7494.6,9488.5,3007.5,209849.9,286,112,1806,37,Monthly,1,13.6,5,32959.50912,
60,62,Rural,High,576,4154.2,11217.1,1368.2,2392807.9,313,159,875,31,Weekly,20,45.3,9,251679.629,
61,22,Suburban,Low,324,18784.7,28244.6,7113.6,6086258.4,97,107,1638,4,Monthly,0,3.7,3,612888.5572,
62,59,Rural,Low,223,13948.5,16625.2,3695.5,3110518.7,138,26,992,24,Weekly,14,6.0,2,316485.1115,
63,23,Rural,Middle,80,1026.1,4993.5,457.4,82091.6,281,110,3735,32,Weekly,10,14.0,4,22770.05655,
64,62,Rural,Middle,563,5866.8,23000.2,1321.6,3303031.4,96,66,1556,6,Daily,1,42.1,2,334432.3804,
65,50,Rural,High,458,1013.8,3929.8,212.9,464328.2,57,205,4353,15,Weekly,14,54.9,2,58521.06617,
66,29,Urban,Low,614,16602,22615.3,3664.1,10193648.4,123,101,4818,48,Monthly,20,56.6,1,1034321.827,
67,32,Urban,High,176,18126.9,85511.7,7427.4,3190328.3,231,206,2476,28,Monthly,13,20.6,8,334663.8321,
68,51,Suburban,High,522,2254.5,6488.1,672.1,1176833,290,1,3571,14,Monthly,4,28.3,1,126798.672,
69,65,Suburban,Middle,749,8811.4,38850.7,2774.1,6599737.1,86,224,676,19,Monthly,3,17.6,8,669088.3811,
70,55,Suburban,Low,457,18638.3,19577.8,8064.1,8517724.5,310,70,3756,21,Monthly,8,3.6,9,868547.3206,
71,19,Rural,Middle,423,2912.8,6387.2,1262.2,1232106.6,51,150,424,9,Daily,12,36.1,6,130104.0308,
72,17,Rural,High,100,5845.2,29133.3,962.7,584515.3,228,215,1600,7,Daily,2,39.7,7,67108.68322,
73,21,Urban,High,890,6092.5,16518.8,1949,5422280.7,6,310,1340,31,Weekly,10,67.4,6,552345.1173,
74,69,Urban,Middle,740,610.9,2781.9,91.9,452040.6,310,142,629,27,Monthly,13,51.5,1,49042.69242,
75,57,Suburban,Middle,403,735.1,1699.6,328.9,296246.1,273,14,4229,8,Monthly,8,67.3,1,39711.77684,
76,19,Urban,Middle,576,19056.3,59099.7,8285.7,10976445.3,344,199,3008,30,Weekly,12,20.8,1,1105833.725,
77,69,Urban,Middle,380,11426.1,50467.9,5024.5,4341933.7,2,19,2065,22,Daily,1,52.4,3,442584.5523,
78,44,Urban,Middle,531,6139.9,21018.6,2345.1,3260286.9,276,315,4463,18,Weekly,17,43.5,7,342997.6146,
79,33,Urban,High,332,7579.7,29566.7,2173.5,2516462.5,91,150,167,31,Monthly,6,22.1,8,262359.5722,
80,41,Urban,Middle,318,14299.7,27388.7,3744.9,4547307.8,262,262,4005,9,Daily,2,16.0,1,464621.5096,
81,59,Suburban,Low,653,7336.7,11911.6,1893.5,4790851.3,242,319,4012,19,Weekly,6,21.7,6,493152.5191,
82,49,Suburban,High,537,4562.9,8766.4,577.1,2450293.7,246,333,16,34,Weekly,6,70.6,8,256098.0897,
83,25,Urban,High,740,2045.7,6080.3,981,1513839.1,79,74,1545,30,Monthly,1,2.6,5,161172.2938,
84,51,Suburban,Low,89,14581.4,61298,4084.4,1297742,311,351,1530,10,Monthly,7,65.2,2,135793.9975,
85,29,Rural,Low,604,3619.5,8744.6,1708.6,2186174.8,304,266,3813,42,Daily,10,55.8,4,232873.7707,
86,46,Urban,High,511,1402.3,4570.4,633.4,716559.4,58,293,1497,39,Monthly,15,39.6,4,81626.21073,
87,63,Rural,Middle,42,8544.8,36052.7,3686.6,358882.4,225,145,542,9,Weekly,7,61.9,4,40295.37271,
88,30,Suburban,High,885,801,1566.1,268.6,708905.8,202,133,726,8,Monthly,13,4.7,8,80917.84474,
89,23,Suburban,High,807,19300.3,87467.1,2714.1,15575351.1,6,148,378,41,Weekly,4,39.6,6,1567725.278,
90,29,Rural,Low,926,12549.6,60392.7,2880.9,11620917,30,79,4435,9,Monthly,6,21.3,9,1180585.936,
91,38,Suburban,High,389,3062.4,3539.8,1045.6,1191277.2,151,309,4302,49,Daily,9,1.7,10,141016.5425,
92,55,Urban,Middle,81,3457.4,4274.8,364.3,280045.9,36,215,3493,36,Daily,19,45.0,1,39319.20948,
93,36,Rural,Low,402,11400.9,15549,1334.5,4583150.3,110,33,3463,36,Daily,20,47.7,1,468298.2716,
94,31,Urban,High,107,7137.7,29315.3,2648.6,763739.2,121,194,845,6,Monthly,5,42.9,2,80327.19336,
95,60,Rural,High,111,15487.6,27217.1,7051.2,1719122.7,241,178,3852,19,Daily,5,28.7,5,184157.8871,
96,33,Suburban,Middle,277,10920.7,42621,4827.6,3025026,259,288,4821,19,Weekly,9,58.1,6,319003.6529,
97,62,Rural,High,214,8672.3,23979.9,1450.5,1855881.7,90,335,673,7,Monthly,8,25.4,3,190317.6901,
98,68,Rural,High,743,19260,83685,8946.1,14310161.5,30,201,3520,16,Daily,2,43.9,1,1440551.628,
99,39,Urban,High,818,7820.7,33114.5,2960.3,6397311.2,237,3,3039,37,Monthly,4,71.7,7,655685.5632,
100,41,Suburban,High,506,8018.2,38797.3,3099.3,4057215.5,170,53,2057,24,Monthly,16,61.1,1,411007.0797,
101,40,Urban,Middle,121,13318.8,26692.9,2951.7,1611573.7,149,258,4445,12,Weekly,0,46.7,7,177887.8295,
102,60,Suburban,High,134,16191.5,31038.4,6256.4,2169657.9,88,121,737,44,Monthly,9,48.9,9,229862.7102,
103,56,Urban,High,818,12528,14107,4809.6,10247934.8,4,150,3958,12,Monthly,4,60.7,1,1033866.052,
104,44,Rural,High,720,13975.2,36917.8,4721.8,10062157.2,252,153,4312,47,Monthly,0,13.5,8,1025532.401,
105,30,Urban,Low,962,7464.9,21172.3,1813.3,7181235.8,51,217,3449,1,Weekly,9,8.8,10,732935.8494,
106,60,Suburban,Middle,371,9595.1,46613.7,4072.2,3559797.6,24,135,1724,36,Daily,13,16.7,9,369533.2154,
107,16,Suburban,Low,257,3948.7,17070.9,1875.7,1014824,46,256,2653,41,Daily,15,53.9,8,118717.9027,
108,40,Rural,Low,697,13608.1,22687,6095.8,9484864.8,116,62,1061,41,Monthly,17,55.7,1,953717.7231,
109,22,Suburban,Middle,798,4436.8,18607.9,874.9,3540585.8,27,287,4683,10,Daily,18,3.0,4,368250.3561,
110,24,Urban,Low,954,35.1,60.2,9.8,33507.7,95,63,1318,19,Monthly,13,5.3,10,17099.78485,
111,39,Rural,Low,875,18675.9,24485.2,4425.5,16341416.7,99,293,829,8,Daily,9,70.7,4,1638984.087,
112,16,Suburban,Low,180,6127.2,26643.3,2346.7,1102904,116,68,3585,44,Daily,7,35.9,1,121742.183,
113,59,Suburban,Middle,933,3940.7,19324.4,1704.7,3676649.3,276,225,3221,44,Weekly,15,39.0,7,384093.7914,
114,23,Urban,High,48,5370.3,7263.1,1000.6,257772.2,336,335,3384,28,Weekly,10,44.5,7,39929.73483,
115,39,Urban,Middle,599,6615.6,28154.2,3168.3,3962774,95,137,2147,33,Weekly,16,69.5,10,411824.7617,
116,26,Rural,Middle,897,9496.2,42133.1,3522.4,8518076.2,199,46,1302,4,Daily,12,12.3,9,862902.447,
117,66,Suburban,Middle,19,1396.3,2059.6,261.6,26530.5,146,95,3075,30,Daily,4,45.9,8,18303.18423,
118,32,Urban,Low,46,1062.9,2267.3,264.1,48895.1,155,290,4805,25,Daily,14,6.4,3,19878.29984,
119,23,Rural,High,451,5865.3,23077.8,831.9,2645244.1,270,364,1960,36,Daily,15,37.5,2,272912.1622,
120,50,Suburban,Middle,898,5922.4,25057.1,2006.7,5318283.7,321,247,1700,43,Weekly,9,32.3,10,548007.3823,
121,50,Suburban,Middle,56,2361.7,5705.7,396,132257.9,276,316,3020,19,Weekly,16,20.0,3,22378.9965,
122,48,Rural,High,741,8101.8,13284.6,3056.3,6003421.9,326,292,1024,7,Daily,14,32.3,8,608836.399,
123,20,Rural,High,657,5687.7,20438.2,2246.1,3736840.6,256,214,599,5,Daily,7,50.6,6,380674.4176,
124,57,Urban,High,92,530.9,2021.4,154.9,48838.2,45,256,1441,17,Weekly,8,60.7,3,10210.39852,
125,54,Suburban,Low,82,17715.6,53402.3,2436.4,1452675.8,1,48,4105,7,Daily,8,56.7,2,154523.7826,
126,56,Suburban,High,737,17721.5,27995.8,6102.4,13060760.4,147,93,2422,24,Monthly,10,42.5,1,1314125.922,
127,43,Suburban,Low,79,4191.6,18350.4,1043.2,331132.7,295,6,645,1,Weekly,8,64.7,8,41552.43835,
128,22,Rural,Middle,662,3265.8,11695.1,1567.1,2161970.1,155,193,1991,27,Weekly,10,50.3,3,224687.5209,
129,24,Urban,Low,873,10950.4,49021.1,3343,9559683.8,56,103,3196,41,Daily,6,60.5,3,968579.1618,
130,23,Suburban,High,283,12618.8,59710.4,1626.6,3571109.8,226,74,3372,24,Monthly,3,29.3,5,370965.1303,
131,27,Rural,Low,311,19151.3,80871.8,6787.6,5956046.7,7,74,4747,19,Daily,18,50.6,5,610619.7136,
132,49,Suburban,High,997,7553.2,36516.9,3110,7530536.1,20,113,1646,5,Monthly,8,6.3,9,765516.2226,
133,48,Urban,Low,160,12367.8,59576.2,2030.8,1978852,159,152,3141,36,Daily,2,69.0,5,210479.6296,
134,63,Suburban,Middle,316,17564.8,61079.6,4911.5,5550489.2,340,263,4319,15,Weekly,18,45.7,7,570023.7831,
135,38,Urban,Low,877,9004.6,35232.2,3577.3,7897013.3,79,86,1754,34,Weekly,12,61.8,7,802421.2916,
136,39,Urban,Middle,979,2455.7,9325.8,265.7,2404122,1,58,750,35,Monthly,15,35.5,7,252242.8327,
137,52,Suburban,High,668,7555.2,26326.3,843.1,5046854.4,336,149,842,0,Monthly,3,3.2,5,509988.9256,
138,50,Suburban,Middle,156,2740,2952.1,1015.9,427435.8,229,214,3414,13,Daily,9,35.9,3,52390.98491,
139,59,Urban,High,888,342.6,830.4,133.6,304249.1,213,300,3428,13,Weekly,2,52.5,7,43359.85558,
140,55,Rural,High,714,15033.5,21051.7,6589.9,10733951.6,283,281,3510,23,Daily,17,5.6,8,1090546.362,
141,37,Urban,Middle,468,4776.1,10512.3,1241,2235210,248,95,2303,18,Daily,20,8.1,4,232196.7394,
142,42,Suburban,Middle,921,50.1,63.9,12.8,46161.3,119,208,2714,37,Weekly,10,4.9,6,18337.11772,
143,50,Suburban,Low,853,17449.9,81667.8,5600.5,14884784.2,227,143,1505,43,Monthly,16,9.5,5,1500351.481,
144,16,Rural,Low,462,8881.3,24915,3578.6,4103178.6,24,83,1427,17,Weekly,16,44.6,10,424567.5227,
145,50,Urban,Middle,854,4784.8,8409.1,1705.3,4086226.9,190,52,3854,8,Weekly,11,63.1,2,417395.811,
146,52,Urban,Middle,117,5263.2,17574.3,1215.4,615791.1,308,17,2742,12,Monthly,3,34.4,1,68413.55491,
147,62,Urban,Middle,666,4818.4,8604.6,1149.7,3209022.8,307,218,4071,50,Weekly,7,58.4,6,337544.4264,
148,29,Suburban,Middle,364,3899.2,16445.8,1580,1419300.7,57,228,3274,44,Monthly,0,29.3,10,160643.059,
149,18,Urban,High,843,16826.1,37415.8,5281,14184412.6,311,292,2608,50,Weekly,20,61.7,6,1433242.967,
150,16,Rural,Middle,631,3414.9,7716.4,475.3,2154820.4,309,201,2374,18,Monthly,10,12.2,7,227425.7143,
151,20,Suburban,Middle,711,11241.5,50359.6,1812.1,7992688.8,89,82,2464,9,Monthly,5,41.7,5,809699.6654,
152,41,Suburban,Middle,913,1555.6,5035.3,685.2,1420291.7,275,128,3805,37,Daily,4,37.9,1,152104.1616,
153,29,Urban,Middle,466,18990.9,86393.7,9486.4,8849774.5,109,80,3935,2,Weekly,14,8.3,6,897900.1112,
154,54,Rural,High,775,12070.2,32004.9,2827.7,9354439.8,141,189,1383,47,Daily,18,17.9,4,945606.5986,
155,42,Suburban,Low,184,18064,42914.9,4600.6,3323779.4,285,156,3620,40,Weekly,14,35.4,7,348435.1213,
156,24,Suburban,Low,960,7963.6,24088.3,1288.5,7645033.7,244,316,3276,16,Daily,6,55.8,2,774639.7481,
157,30,Urban,Low,660,16215.3,20203.8,3150.4,10702120.7,74,160,2950,22,Daily,16,65.2,9,1086076.205,
158,30,Urban,Low,166,17074.6,27606.2,4607.6,2834375.8,355,242,279,26,Daily,20,53.2,7,292028.6639,
159,41,Rural,Low,75,14062,26409.6,3005.8,1054646.7,262,314,3978,8,Daily,0,21.8,5,118822.3975,
160,57,Urban,High,748,1868,7970.3,710.9,1397278.9,176,82,2270,4,Daily,13,8.3,2,146497.1341,
161,28,Rural,Low,826,331.4,1304.3,104.5,273770.2,230,44,2155,18,Weekly,18,38.3,1,33149.68525,
162,66,Suburban,High,272,3379.5,5992.6,1449.5,919226.1,76,162,683,28,Daily,15,25.5,5,99719.79072,
163,47,Rural,High,691,2370.8,4995.2,924.1,1638191.1,323,221,601,14,Daily,1,41.0,10,175595.487,
164,54,Rural,Low,503,14505.5,69293.5,2193.8,7296267.5,183,149,2043,41,Weekly,20,29.3,5,740607.1677,
165,64,Rural,Low,795,11144.6,14969.5,1664.5,8859930.2,274,124,1532,35,Monthly,6,27.9,3,894804.313,
166,67,Suburban,Low,563,10523.8,33568.9,4822.6,5924875.6,277,1,960,11,Weekly,11,65.8,9,603216.3645,
167,47,Urban,Middle,587,5064.8,15640.3,2166.8,2973047.8,227,183,3077,13,Monthly,8,48.4,10,314291.9899,
168,19,Suburban,High,656,3100.6,12101.1,890.4,2033996.7,165,208,506,14,Weekly,16,48.5,1,206783.7649,
169,45,Urban,Low,343,4138.9,8467.1,629.7,1419640.6,275,97,1822,50,Daily,6,10.5,5,154542.9917,
170,52,Rural,Middle,700,8011.5,37967.4,3680.7,5608076.2,217,21,1194,30,Monthly,13,28.7,4,568878.2455,
171,38,Rural,High,635,14805.5,39120.9,2846.8,9401468.8,312,355,874,4,Daily,18,55.2,2,942383.182,
172,54,Rural,Middle,844,5097.8,10923.9,582.2,4302532.4,190,223,2315,43,Monthly,1,41.3,1,439061.3066,
173,60,Rural,Middle,251,13975.3,32806.6,6564.1,3507793.7,18,48,4288,2,Daily,7,33.7,10,368858.5443,
174,30,Rural,Low,808,9835.3,23554.5,4166,7946939.6,232,32,2803,46,Monthly,0,70.1,4,807389.3685,
175,58,Urban,High,835,17710,31802,6683.6,14787818.7,184,288,2807,29,Daily,1,10.7,6,1492342.936,
176,44,Urban,Middle,130,4666,21987,530.1,606575.1,106,130,2117,46,Monthly,19,12.4,8,76907.94513,
177,51,Rural,High,764,9022.6,15334,2809.4,6893285.6,243,278,3190,11,Monthly,14,41.0,10,704532.6866,
178,28,Suburban,Low,358,1942.3,8801.3,702.1,695353.7,53,245,3788,14,Daily,14,29.8,2,79169.64032,
179,47,Suburban,High,944,6709.7,17577.5,2709,6333967.5,226,52,4605,37,Weekly,18,35.1,2,647805.5555,
180,22,Rural,Middle,692,10142.5,21067.1,2925.4,7018637.7,202,209,733,27,Weekly,1,39.9,6,710352.4949,
181,66,Urban,Middle,408,14657.5,26296,7055.2,5980250.6,86,352,4555,48,Daily,4,10.1,4,613927.3629,
182,37,Suburban,High,861,3969.6,11977.6,785.6,3417792.6,50,230,1661,22,Daily,11,20.2,10,355404.922,
183,43,Suburban,Middle,495,4369.7,16067.4,558.9,2162982.5,260,186,4553,46,Weekly,12,39.1,9,237505.408,
184,17,Suburban,Middle,622,12635.2,58032.2,2945.4,7859119.9,319,162,4662,14,Monthly,15,14.7,4,799336.9381,
185,57,Rural,Middle,482,7655.3,27634.1,2792.1,3689869.6,195,199,4134,10,Daily,7,60.6,2,378311.6494,
186,60,Suburban,Low,980,9647.1,28310.8,3809.3,9454134.9,248,279,969,29,Daily,4,56.6,1,949481.1813,
187,68,Suburban,Low,850,16724.3,18963.8,6612.8,14215685.6,56,33,261,11,Daily,20,41.3,6,1427761.869,
188,21,Suburban,Middle,78,9986.7,46555,1440.8,778960.7,177,19,4279,18,Daily,10,36.1,1,87609.76506,
189,43,Suburban,High,978,13053.5,60169.6,5926.7,12766286.4,150,121,4615,31,Weekly,10,67.0,6,1294537.079,
190,43,Urban,Low,514,13138.9,33042.7,2789.8,6753411.6,13,69,3599,0,Weekly,9,54.4,8,690489.3266,
191,59,Rural,High,321,16074.2,17941,2957.1,5159819.1,361,293,3959,15,Daily,12,3.7,6,529072.0677,
192,59,Rural,Middle,788,12766.4,50216.4,4414.4,10059929.8,289,215,385,10,Weekly,10,16.9,4,1009424.768,
193,35,Urban,Middle,290,1305.5,5439.9,241.2,378609,64,123,4348,30,Weekly,18,6.2,2,49586.97708,
194,45,Urban,High,297,6850,21713.7,2077,2034461.3,339,280,1034,32,Weekly,0,71.6,5,212783.3658,
195,26,Rural,Low,681,19786.4,51672.3,5200.1,13474559.2,105,54,1539,35,Monthly,20,31.0,5,1358657.041,
196,43,Suburban,High,752,3938.2,17346.1,759.3,2961557,239,21,1806,29,Daily,10,10.5,8,309774.3683,
197,40,Suburban,High,971,11738.7,20778.3,2545.2,11398291.6,34,97,4163,37,Daily,3,26.4,3,1153039.573,
198,54,Rural,Middle,475,16860.4,46504.9,4568.5,8008682.1,324,346,2474,3,Daily,0,70.6,2,807278.2112,
199,48,Suburban,Low,23,11735.3,12884.7,2798.4,269912,39,138,2056,24,Daily,20,11.2,1,32513.42059,
200,16,Urban,High,806,7451.7,12340.3,1882.5,6006056.1,225,42,4632,33,Weekly,5,26.3,2,613487.073,
201,42,Suburban,Low,172,1613.8,7686.9,636.1,277568.3,129,246,1600,16,Weekly,15,20.6,2,32981.87723,
202,67,Suburban,Middle,835,7239.7,23980.2,1211.6,6045134,133,28,3687,32,Monthly,9,57.1,1,613761.8049,
203,28,Suburban,Low,318,3649.5,15409.7,1281.2,1160550.4,40,58,4790,29,Daily,10,2.8,8,134301.4992,
204,56,Rural,Middle,908,19217.6,56615.2,7134.8,17449624.1,319,127,800,12,Monthly,15,68.2,8,1753983.247,
205,18,Urban,Low,798,14303.5,62067.2,6019.4,11414182.2,221,263,2069,11,Monthly,8,62.7,10,1156158.105,
206,54,Suburban,High,991,14990.2,47306,6579.6,14855257.7,94,144,3275,31,Monthly,11,26.9,4,1496828.463,
207,21,Rural,Middle,855,8725,8883.4,1426.2,7459896.9,99,93,4250,22,Monthly,19,65.0,3,759121.885,
208,23,Suburban,High,193,2208.2,10155,342.9,426182,60,35,3594,28,Weekly,16,31.2,1,52674.74256,
209,42,Urban,Middle,681,5341.7,8516,1847.7,3637672.2,129,92,2857,33,Monthly,19,21.7,8,378714.2673,
210,24,Suburban,Low,916,5201.6,14576.1,2095,4764688.5,132,263,1485,18,Weekly,10,29.9,8,488717.2045,
211,52,Urban,Low,118,9740.7,28313.3,2035.1,1149404.9,301,14,4173,11,Weekly,0,59.6,4,126789.9787,
212,48,Suburban,Middle,6,9225,10968,2862.9,55349.9,69,315,4814,3,Monthly,5,40.8,5,19318.40061,
213,66,Urban,Middle,843,8673.8,10515.1,3546.7,7312038.9,14,318,4858,24,Daily,9,16.4,4,745759.8081,
214,57,Suburban,Middle,483,9924.6,40196.6,4039.3,4793576.8,151,202,4152,25,Weekly,7,5.9,5,492766.5488,
215,59,Urban,Low,132,19740.6,43464.9,7136.8,2605758.1,174,322,338,17,Daily,13,44.1,4,264930.8959,
216,39,Suburban,Middle,93,5974.1,15762.7,785.7,555590.3,345,278,273,29,Weekly,18,59.1,9,67265.47182,
217,30,Suburban,Middle,763,12309.2,40084.4,1480.3,9391942.9,292,144,3961,33,Weekly,20,61.7,1,951273.1026,
218,69,Rural,High,522,4797.8,11963.4,1225.2,2504430.6,196,355,1892,32,Monthly,6,59.4,10,265009.4509,
219,47,Rural,Middle,563,9337.5,38285,1033.4,5256989.6,32,299,3756,30,Monthly,6,37.5,10,544748.025,
220,47,Urban,High,861,4009,18192.2,1850.8,3451735.4,73,353,4528,30,Daily,5,27.8,3,359796.7742,
221,39,Suburban,High,294,11168.3,13836,1206.8,3283469.3,194,354,2438,12,Weekly,18,70.3,7,339855.1542,
222,56,Urban,High,641,5307.6,18797.4,593.6,3402162.4,50,245,1921,23,Daily,10,66.5,6,352252.6966,
223,67,Rural,Low,1000,745.4,1692.6,123.8,745410.4,57,12,3413,4,Monthly,0,54.4,8,89298.23953,
224,64,Urban,High,392,16307.3,54353.8,5720.7,6392449.5,117,71,1283,50,Monthly,5,31.5,6,651229.3734,
225,64,Urban,Middle,249,2573.8,7555.8,814.9,640881.1,192,184,4091,0,Daily,12,70.1,8,79263.91703,
226,67,Rural,Low,614,7367.1,17200.1,2680.1,4523396.7,217,104,2221,33,Daily,17,27.5,1,460268.9402,
227,27,Suburban,Low,849,9548.8,13170.3,4367.8,8106914.6,111,11,1747,45,Weekly,1,49.6,9,826046.7199,
228,54,Urban,Low,595,8655.3,28023.7,2440.6,5149888.7,89,208,3266,8,Daily,16,21.9,5,525154.8661,
229,17,Rural,Low,703,14516.1,21065.3,1706.4,10204789.2,360,225,3512,7,Daily,16,60.3,10,1036506.443,
230,18,Suburban,Low,417,11939.6,19395.6,4840.3,4978798.3,310,317,3378,42,Monthly,1,62.1,2,509677.2241,
231,64,Rural,Low,143,5914.5,29150.7,2512.4,845769.2,309,273,4403,35,Monthly,0,37.1,1,96235.7606,
232,52,Urban,Low,237,1043.5,2365.5,125.2,247319.7,157,54,2642,28,Daily,11,40.9,4,35076.83777,
233,64,Suburban,High,287,15354.2,51248.5,3026.9,4406663,69,173,555,34,Monthly,11,68.3,10,453238.6715,
234,32,Suburban,Middle,277,7057,14741.6,2880.9,1954793.8,270,247,2254,4,Monthly,4,11.1,8,207619.7572,
235,64,Rural,Middle,387,17795.6,79404.6,4457.1,6886896.3,225,153,1140,45,Monthly,15,34.5,3,698183.5418,
236,17,Rural,High,382,7907.2,16868.9,2285.7,3020544.6,5,106,3804,9,Monthly,15,38.5,10,318857.7632,
237,17,Rural,High,450,14356,35424,6162.6,6460198,243,159,1785,37,Weekly,12,59.0,4,656987.0872,
238,43,Suburban,Low,291,18791.9,64522.9,2590.4,5468442.4,118,106,1113,9,Weekly,6,56.2,2,550815.2074,
239,69,Suburban,Low,169,13026.5,58358.2,4831.7,2201484.8,172,193,3099,10,Daily,11,43.7,2,228769.7295,
240,38,Urban,High,443,8275.6,35294.4,1539.2,3666110,143,295,3615,7,Weekly,13,12.0,2,375710.8241,
241,52,Suburban,Low,656,11352.3,23334,1419.7,7447116.3,323,276,1240,3,Daily,19,29.8,10,756315.0652,
242,47,Urban,Middle,184,10873.5,46954,3968.8,2000718.4,257,73,3892,17,Weekly,8,7.5,1,208315.3939,
243,48,Rural,Middle,45,11700.6,44518,1738.3,526524.9,365,43,70,19,Weekly,10,11.7,10,62991.42715,
244,16,Rural,Low,755,2944.9,14604.8,1174.4,2223423.3,318,194,4125,45,Daily,10,17.1,10,244663.2375,
245,34,Suburban,Low,827,13973.2,66258,2530.3,11555846.8,78,129,2868,2,Daily,19,24.7,5,1164322.059,
246,17,Rural,Low,946,2909.4,9113.9,347.4,2752306.6,57,311,4766,43,Daily,19,32.3,5,292811.3016,
247,68,Rural,Middle,981,302.2,1208.7,42.2,296449.9,20,108,1544,14,Monthly,1,52.2,3,36622.3529,
248,59,Suburban,Low,268,12499.4,41006.9,5456.1,3349826.9,14,103,2370,7,Monthly,14,2.6,3,342104.0975,
249,41,Urban,High,476,2347.1,7933.2,583,1117220.7,206,133,2417,45,Monthly,17,62.9,8,128578.7557,
250,47,Suburban,Low,253,15410.5,21667.3,3404.3,3898863.7,237,250,1179,5,Daily,11,71.4,10,401826.0613,
251,21,Urban,High,396,17320.7,17476.2,5135.2,6858981.1,181,270,2713,45,Monthly,6,69.5,7,700810.303,
252,47,Suburban,Low,289,18895.3,22537.3,6673.3,5460738.4,291,103,1106,35,Weekly,11,31.2,4,554139.297,
253,19,Suburban,Low,212,13292.9,64690.2,1526.6,2818093.6,189,296,2452,19,Weekly,2,29.4,8,295418.5083,
254,26,Rural,Middle,1000,9645.5,14517.1,4429.9,9645477.7,147,238,4708,31,Weekly,9,38.1,10,986497.6725,
255,32,Suburban,High,689,7052.1,8304.3,3408.9,4858896.1,340,108,3351,5,Weekly,8,48.2,9,501386.184,
256,53,Suburban,High,21,9823.6,21990.9,2622.1,206295.4,42,137,280,15,Monthly,14,20.7,6,26243.9535,
257,39,Urban,High,316,3815.1,12791.1,1011.2,1205584.6,354,298,1715,48,Monthly,6,47.5,7,134931.1151,
258,20,Rural,Middle,564,6975,33436.9,3148.7,3933882.4,1,289,1113,1,Weekly,3,23.0,7,401173.9175,
259,67,Urban,High,438,14361.4,54567,3902.4,6290306.9,324,25,2176,17,Daily,13,47.9,5,638833.3157,
260,49,Urban,Middle,423,4356.3,9171.8,1927.6,1842708.6,104,118,4404,44,Weekly,17,47.3,4,201421.1034,
261,21,Rural,Low,233,5288.7,25154.3,588.8,1232267.6,255,230,1987,25,Weekly,11,1.1,2,129339.0706,
262,37,Rural,Low,945,14989.1,17150,4434.7,14164672.9,209,334,4580,19,Daily,10,62.9,1,1428307.465,
263,26,Rural,High,123,3564.9,17526,1714.6,438487.7,218,256,3178,15,Daily,2,14.7,8,58057.99703,
264,63,Suburban,Low,874,4925.3,6080.6,990.6,4304706,78,9,3021,20,Monthly,4,71.5,2,438485.0348,
265,31,Rural,Low,960,360.8,1448.7,74.5,346344.7,51,119,3070,44,Daily,2,40.1,8,51302.63823,
266,48,Rural,High,612,14403.8,17013.7,5070.9,8815144.9,288,119,1528,13,Daily,5,28.4,9,892847.3605,
267,24,Rural,Low,214,12361.9,58425.3,5816,2645444.9,100,91,2839,17,Monthly,0,7.5,4,274073.1946,
268,21,Urban,High,922,13890.8,19928.6,2493.3,12807285.5,212,172,4378,7,Monthly,4,49.3,1,1290070.621,
269,31,Urban,High,839,4294.4,5161.5,2012.6,3603011.6,237,211,1130,4,Weekly,20,26.5,6,366720.4771,
270,44,Suburban,Low,647,13750.7,62662.6,5021.8,8896673.2,295,314,3404,23,Weekly,13,69.4,8,904494.2144,
271,18,Urban,Low,968,11931.6,16503.5,5932.6,11549758.4,157,116,4965,40,Daily,8,61.9,1,1168813.452,
272,35,Suburban,Low,830,7328.8,30720.3,2891.8,6082902.6,298,288,4356,46,Monthly,9,9.8,5,625390.3226,
273,51,Urban,Low,730,8762.1,34944.6,3216.8,6396360.7,14,22,3301,28,Daily,19,33.5,1,648823.9562,
274,34,Rural,Low,600,11362.7,38582.3,4840.1,6817638.5,116,349,1929,8,Daily,10,32.5,7,692724.5946,
275,41,Urban,Middle,792,9870.9,24794.3,1678.6,7817761.2,139,55,4316,41,Weekly,9,51.3,6,800220.778,
276,18,Suburban,Low,40,12840.1,59864.9,6142.7,513605.7,75,108,692,17,Daily,2,20.4,4,57789.62335,
277,34,Urban,Middle,752,3627.8,16268.2,603.1,2728091.9,303,77,2445,45,Daily,15,60.4,8,288088.9286,
278,35,Rural,High,332,10818.8,29264.7,1193,3591838.9,360,61,713,17,Weekly,13,67.8,8,368952.2538,
279,47,Suburban,Low,943,9011.1,17363.5,3416.5,8497454.9,24,122,2844,47,Weekly,12,40.2,2,860007.9958,
280,22,Rural,Low,648,9225.8,19284.6,1603.8,5978318.2,177,92,4725,27,Monthly,12,66.8,5,613118.9141,
281,67,Rural,Low,182,9392.9,17670.9,3790.1,1709516.4,55,323,4724,36,Weekly,2,24.1,1,184128.1026,
282,56,Suburban,High,265,17630.6,55801.1,7369.9,4672115.5,213,222,2756,9,Monthly,16,23.5,3,476160.2695,
283,48,Rural,Middle,771,16374.4,73261.4,3187.8,12624633.5,326,130,1729,19,Monthly,8,52.4,3,1269403.303,
284,55,Rural,Middle,694,12595.1,51570,1696.4,8741001.8,334,248,1827,37,Weekly,5,32.5,10,889114.5428,
285,54,Urban,Low,533,14332.6,59939.4,4304.5,7639261.9,329,121,1521,40,Weekly,19,20.6,3,771869.6478,
286,33,Rural,Low,863,865.6,2417.8,394.8,747034.1,163,201,300,22,Weekly,13,23.0,3,78593.82245,
287,55,Rural,Low,432,14882.4,34077.4,6532.1,6429194.4,300,161,4092,47,Daily,20,60.1,10,663893.0059,
288,16,Rural,Low,943,9728.4,39200,1428.5,9173911.5,164,250,1028,42,Weekly,19,46.9,2,924327.7659,
289,26,Rural,High,984,6361.8,26548.9,3091.3,6259985.4,89,218,3918,19,Monthly,16,57.2,7,642310.7275,
290,43,Suburban,Low,196,2804.1,10603.6,576.5,549611.7,15,63,1819,22,Monthly,13,30.3,7,67085.31296,
291,40,Urban,High,724,1513.4,1707.8,362.9,1095718.8,301,217,4122,49,Monthly,2,67.7,4,125271.1452,
292,65,Rural,Low,509,907.3,3047.3,144.8,461797.8,122,341,1710,4,Weekly,1,64.2,8,57208.89746,
293,38,Rural,Middle,447,3244.3,7748,814.7,1450204.6,318,64,3186,26,Monthly,4,3.5,10,162038.5406,
294,46,Suburban,Middle,528,612.6,1093.3,217,323439.3,348,212,4473,8,Monthly,4,26.9,10,51156.88948,
295,45,Rural,Low,202,14655.5,55362.4,4432.3,2960414.7,178,120,4192,42,Daily,8,6.2,8,316340.731,
296,57,Suburban,Low,875,4979.8,10328.6,2146.4,4357321.7,269,69,1159,40,Weekly,16,17.9,4,444093.8101,
297,50,Urban,High,730,7381.1,34332.3,2631.5,5388218.4,105,124,387,35,Weekly,10,66.7,6,547350.5174,
298,22,Urban,Low,605,16456.1,36077,3380.4,9955938.8,159,145,1903,39,Monthly,5,64.6,6,1008666.983,
299,31,Rural,Low,133,2302,7414.1,743.5,306166.4,5,296,4259,36,Daily,2,5.0,5,45281.85655,
300,41,Rural,Low,139,16713.5,72052.8,2100.5,2323179.9,339,358,1898,2,Monthly,14,3.5,4,239306.019,
301,63,Rural,Middle,669,12794.4,33373.9,4251.8,8559461.4,141,129,1438,35,Daily,17,46.9,9,869620.9849,
302,67,Suburban,High,493,6847.2,29543,1752,3375654.8,169,13,4776,47,Monthly,3,17.7,6,355541.3597,
303,64,Rural,Middle,847,2365,9211,329.6,2003126.4,17,274,1001,44,Monthly,18,1.2,7,213324.6448,
304,17,Rural,High,70,1838.9,8612.6,410.1,128725.7,32,68,1159,34,Weekly,13,60.1,5,21393.01866,
305,16,Urban,Middle,816,6716.9,15471.4,3084.6,5481016.3,5,270,4253,35,Daily,7,28.3,2,560347.8509,
306,63,Rural,Low,15,2815.4,3998.2,941.5,42231.5,137,133,812,28,Daily,18,30.6,6,14228.24712,
307,27,Urban,Middle,747,5361.5,14590.9,2473.3,4005062,107,62,1389,32,Daily,13,8.8,3,407822.9229,
308,20,Rural,Middle,212,1068.6,4427.4,282.5,226540.3,162,161,3010,25,Weekly,2,34.7,10,38987.59372,
309,52,Urban,High,802,11904.2,33352.5,5851.7,9547183.1,257,26,2396,7,Weekly,12,56.1,6,964212.7731,
310,47,Rural,High,60,2914.1,5967.9,711.1,174844.2,168,247,4489,8,Monthly,3,22.3,3,28360.90004,
311,24,Urban,Middle,252,15137.1,16808.4,6096,3814543.9,288,189,1347,21,Daily,0,59.8,8,393845.0489,
312,56,Suburban,High,446,4371.3,9844.6,971.1,1949607.7,355,286,2995,4,Daily,16,47.2,7,207874.2125,
313,50,Urban,High,2,15961.6,61508.2,2272.9,31923.1,245,318,1537,43,Monthly,6,30.5,1,10197.01923,
314,34,Urban,High,748,3805.7,6052.9,1648.7,2846694.2,113,337,4938,40,Monthly,8,36.8,4,301095.0546,
315,63,Urban,High,336,14430.1,34105.8,5844.7,4848519.5,178,220,1486,35,Monthly,17,8.9,2,490964.8915,
316,31,Rural,High,19,6668.2,7207.8,2855.7,126695.1,190,326,3146,31,Monthly,20,64.5,6,26889.80607,
317,18,Rural,Middle,994,11666.6,45348.2,2565.2,11596569.3,11,249,1782,29,Daily,1,64.5,5,1170364.672,
318,35,Rural,High,561,782.8,3540.6,298.6,439178.7,23,91,2548,48,Monthly,11,28.2,2,55336.93411,
319,39,Suburban,Low,78,9909.9,32446.3,1862.8,772975,119,36,1750,43,Daily,0,47.8,1,85962.0753,
320,69,Suburban,Middle,472,2982.3,3290.9,311.7,1407631.9,282,7,2013,44,Daily,10,55.3,7,156017.558,
321,48,Urban,Middle,28,9731.5,18202.9,4346.1,272483.2,319,321,2235,42,Daily,15,59.6,9,43482.89844,
322,39,Suburban,Middle,560,2835.8,7809.4,877.4,1588030.7,69,202,3564,16,Monthly,14,52.5,9,176090.4106,
323,67,Urban,High,608,8747.4,29306.7,4316.5,5318426.2,346,333,4460,29,Monthly,15,36.6,10,551533.5772,
324,26,Urban,Low,165,2221.3,6630.8,564.2,366516.2,134,41,2548,46,Monthly,13,50.5,3,47856.43869,
325,64,Urban,High,458,4406.8,20551.1,2127.4,2018328.5,253,32,2224,8,Monthly,0,68.3,6,210918.6361,
326,23,Suburban,Middle,945,11905.6,56605.8,4119.6,11250818.4,51,142,4724,3,Weekly,6,34.5,10,1143761.184,
327,51,Rural,Middle,877,19533.4,27905.7,5955.4,17130832.3,43,256,969,11,Monthly,7,6.8,1,1715631.784,
328,53,Suburban,Middle,176,8989.2,13965.3,1987.7,1582099.8,141,161,272,34,Weekly,15,58.4,1,161840.4112,
329,55,Urban,Middle,585,13746.6,33434.8,5912.6,8041762.2,25,30,1586,19,Monthly,0,52.2,6,812781.5319,
330,35,Urban,High,984,10793.1,28978.8,4657.4,10620409.6,270,262,2824,16,Weekly,18,22.1,6,1073296.909,
331,50,Suburban,Low,868,9972.2,33349.6,2660.3,8655848,361,10,3518,21,Monthly,4,42.8,5,878232.299,
332,63,Urban,Low,29,1303.4,5334.5,509.5,37799.7,104,203,2388,6,Monthly,20,6.2,6,13639.50202,
333,40,Urban,Middle,956,2894.5,4466.4,807.3,2767146.8,295,359,4020,38,Daily,14,35.0,10,297932.6806,
334,50,Suburban,Low,669,17662.3,74368.3,6991.9,11816094.8,153,276,4600,43,Weekly,2,29.3,5,1198272.594,
335,40,Suburban,Middle,826,8209.2,28240.5,4085.5,6780786.5,304,345,4956,41,Monthly,0,18.8,6,695633.5706,
336,44,Suburban,Middle,816,12290.5,60512.8,2519.5,10029053.1,305,124,3820,7,Weekly,6,11.9,9,1019921.728,
337,33,Urban,Low,279,10569.4,38099.1,3737.6,2948857.7,161,118,2784,8,Daily,8,25.4,7,306660.6138,
338,61,Urban,Middle,283,7583.9,29306.8,1910.8,2146232,283,268,628,45,Weekly,0,67.5,3,222084.4998,
339,33,Rural,Low,479,7762.5,13823.7,2478.9,3718214.8,45,278,4345,5,Monthly,1,37.5,9,387885.4557,
340,17,Rural,Middle,519,11113.7,45293.5,4997.4,5768033.9,287,76,4607,18,Daily,16,15.3,6,593817.2726,
341,69,Suburban,Low,305,2831.4,3729.2,676.8,863584.5,319,14,344,21,Monthly,16,60.3,5,93804.98843,
342,50,Rural,Middle,694,7751.3,28107.2,999.6,5379407.9,166,106,4642,46,Daily,2,20.1,4,555732.1081,
343,31,Urban,Low,109,8945,10933.4,3753.1,975009.5,207,176,555,19,Daily,16,58.0,10,110103.6206,
344,56,Rural,Middle,324,19702.7,28783.7,6344.5,6383666.1,108,182,4010,19,Weekly,9,2.2,1,647516.7713,
345,51,Urban,Middle,206,7035.6,10071.2,1968.3,1449329.7,65,36,2919,26,Monthly,1,66.6,7,160021.7867,
346,48,Suburban,Middle,234,12895.1,15602.3,2235.2,3017460.9,267,55,459,26,Monthly,6,39.0,5,308708.2642,
347,19,Suburban,Low,938,2756.9,6298.4,378.1,2586005.8,353,270,2788,6,Daily,2,55.2,1,263606.0675,
348,48,Urban,High,458,1319,6565.1,279,604089.6,185,2,2811,23,Monthly,11,23.3,4,72244.39639,
349,29,Rural,Middle,187,17432.1,41713.4,6756,3259807.3,224,256,2535,7,Daily,6,61.1,10,341683.7688,
350,36,Suburban,Middle,940,14617.4,59099.6,3869.3,13740347.3,153,2,3115,2,Weekly,9,50.1,1,1378990.105,
351,63,Suburban,Low,482,6356.8,9721.3,2085.6,3063982.8,289,61,2549,10,Daily,3,4.3,10,320813.0922,
352,35,Rural,Middle,922,10096.5,28451.6,1341,9308986.2,285,363,59,35,Monthly,0,3.9,4,938164.8784,
353,23,Rural,Middle,407,2723.5,4740.2,406.6,1108475.2,186,107,4672,1,Daily,13,26.6,7,126524.7883,
354,22,Urban,Middle,841,14146.1,25015.9,1478.6,11896898.9,226,134,3185,0,Monthly,3,4.7,9,1202597.38,
355,18,Rural,Middle,509,1415.9,1980.5,522.9,720697.4,200,23,1794,6,Weekly,11,4.1,2,77689.70304,
356,32,Rural,High,869,15143.1,41313,3116.2,13159345.9,11,73,4444,23,Weekly,0,27.8,4,1329240.525,
357,48,Rural,High,520,10941.3,14247.1,5325.9,5689456.2,325,351,1964,11,Daily,13,17.4,1,574370.6605,
358,63,Urban,Middle,53,5584.2,25906.6,1247.4,295963.8,277,28,4769,7,Weekly,3,25.9,6,44838.20803,
359,27,Urban,Middle,398,17252.9,48163.1,4234.7,6866638.8,3,25,1493,12,Weekly,20,29.6,8,696648.1206,
360,66,Suburban,Middle,199,19721.6,85873,5675.8,3924593.8,350,355,4771,5,Daily,6,7.1,3,405430.2787,
361,37,Urban,High,391,5094.4,25053.7,1159.8,1991925.5,278,65,2596,38,Monthly,8,44.0,5,212416.4587,
362,37,Suburban,High,649,16126.9,59848.7,6885.8,10466332.5,62,194,4233,23,Daily,13,25.7,1,1057181.267,
363,61,Rural,Low,771,15005.8,69117.5,6759.9,11569490.8,5,207,4913,23,Daily,17,55.0,5,1172511.345,
364,45,Suburban,Low,846,14946.3,23039.3,1560.6,12644595.6,9,299,2665,37,Monthly,4,71.4,1,1274418.958,
365,53,Suburban,Middle,913,19145.1,82706.5,6927.9,17479512.7,58,40,4176,43,Weekly,19,28.1,5,1764576.593,
366,53,Rural,Middle,498,9737.5,20301.4,3646.1,4849262.9,280,23,4398,6,Daily,16,53.7,9,502461.5707,
367,60,Suburban,High,172,13486.6,38981.6,6535.2,2319698.5,238,177,3069,9,Daily,5,22.0,7,245940.6825,
368,66,Urban,Middle,86,16479.3,59100.2,4089.5,1417220.5,317,264,2456,29,Monthly,4,58.6,7,155645.6338,
369,69,Urban,Middle,558,9595.9,44277.3,1709.2,5354530.9,127,128,2767,38,Daily,9,49.5,9,551457.8706,
370,23,Urban,High,858,9633.8,44739.2,2969.5,8265808.8,304,263,2412,23,Monthly,16,18.7,5,838018.3049,
371,42,Urban,High,186,6379.9,8730.3,1780.1,1186663,237,277,3062,26,Daily,20,33.7,8,133926.3205,
372,42,Suburban,High,156,15618.7,38394.2,6508.2,2436518.1,219,35,2136,29,Daily,18,58.2,7,257078.5743,
373,49,Suburban,High,493,13727.1,57278.9,6336.3,6767437.4,178,101,4340,14,Monthly,3,51.4,6,692557.0789,
374,36,Rural,Low,910,9028.3,34421.5,1216,8215740.8,318,225,1803,1,Monthly,13,3.2,6,830555.7711,
375,45,Suburban,High,521,8392.5,9277.2,3681.2,4372513.2,149,229,1096,7,Daily,19,1.1,7,445966.4248,
376,48,Suburban,High,627,1461.1,4090.3,677.3,916089,38,99,3748,16,Monthly,13,54.5,10,109964.3778,
377,43,Suburban,Middle,666,140,604.2,65.7,93212,118,82,210,47,Daily,3,33.2,3,15880.77451,
378,62,Rural,Middle,130,10582.6,41809,4293.6,1375736.8,315,317,533,12,Monthly,2,37.3,5,142466.9533,
379,48,Urban,Middle,843,8355.7,22120.8,3315.8,7043840,97,330,940,17,Weekly,1,69.5,2,709790.8237,
380,20,Suburban,Low,81,15922.8,62746,1687.2,1289744.8,17,196,3937,20,Weekly,17,10.4,5,142055.9652,
381,63,Rural,High,384,10857.7,34797.1,5082.2,4169339.4,325,365,1265,35,Weekly,16,3.3,8,430960.7951,
382,34,Rural,High,802,18734.8,87126.3,4507.6,15025272.6,279,68,11,11,Weekly,15,14.4,7,1510646.702,
383,19,Rural,Low,659,3930.9,13162.5,457.7,2590433.2,359,273,2001,42,Daily,13,51.6,3,269913.0177,
384,50,Urban,High,295,19803.1,51546.2,5251.6,5841916.1,154,299,516,1,Daily,15,13.9,7,591123.7802,
385,64,Suburban,Middle,978,5965.4,26556.1,2345.2,5834165.8,94,359,4889,19,Weekly,15,38.5,2,596974.569,
386,32,Rural,Low,269,12852.1,15415.7,3557.2,3457202.9,175,344,4442,22,Weekly,5,61.8,4,358998.9063,
387,59,Urban,High,645,10042.1,46214,4049,6477125.9,302,359,2067,20,Weekly,5,60.7,10,663773.3911,
388,43,Rural,Low,562,7197.9,27247,2186.5,4045237.9,29,141,1724,30,Monthly,5,15.9,2,411733.2136,
389,45,Rural,Low,535,2794.8,13310,614.2,1495213,34,185,2183,15,Daily,13,64.7,7,160697.0491,
390,44,Rural,High,378,2705.3,5416.1,490.1,1022616.5,10,154,4541,12,Weekly,0,71.6,5,116949.7747,
391,61,Rural,Middle,376,14233,53796.3,3820.7,5351608.6,276,189,172,3,Weekly,19,70.2,9,543356.6107,
392,68,Rural,High,88,7559.1,32034.1,864.2,665196.5,290,62,4254,1,Daily,0,64.3,7,81473.19742,
393,21,Urban,High,925,19226.3,73221.8,5172.2,17784370.5,101,19,1814,49,Weekly,17,5.5,2,1788429.808,
394,50,Suburban,Middle,624,6519.7,12005,830.9,4068301.1,141,81,1675,0,Weekly,7,45.5,4,412134.133,
395,56,Suburban,High,111,19670.6,41354.7,8867.6,2183441,87,30,3,25,Daily,7,32.2,3,223017.8117,
396,52,Suburban,High,584,4116.4,13448.2,1359.2,2403984,301,127,1610,29,Daily,16,20.8,10,254483.4476,
397,39,Suburban,High,154,2065.3,5755.9,740.2,318050,128,218,2793,37,Monthly,0,23.4,2,42548.72401,
398,44,Urban,Low,463,6258.3,24660.5,1348.9,2897578.5,206,13,2420,19,Daily,13,68.0,2,297608.1895,
399,64,Urban,Low,569,17712.8,44542.6,3371.3,10078605.9,89,177,4377,24,Weekly,10,68.6,8,1026757.946,
400,61,Urban,Low,769,10441.8,46340,4000.9,8029759.9,82,338,2790,18,Daily,11,8.2,6,815114.7355,
401,68,Rural,High,156,2721.6,7423.8,1003.3,424576.7,212,121,2330,26,Daily,12,15.5,3,51763.6859,
402,46,Rural,Middle,625,4058,4707.9,604.9,2536222.5,119,179,1500,9,Weekly,12,66.2,8,265507.3585,
403,50,Rural,Low,318,6232.1,6665,1218.1,1981808,348,111,4330,40,Daily,2,44.6,3,212678.6624,
404,48,Suburban,Middle,559,11807.4,42352.9,5651.4,6600355.1,136,9,1725,16,Monthly,2,51.1,5,669899.4731,
405,67,Rural,High,238,6654.3,21042.2,1475.1,1583712.7,261,222,3928,46,Daily,13,25.7,1,169734.8791,
406,36,Suburban,Low,334,14943.6,47385.9,1648.8,4991166.1,276,285,4433,1,Daily,7,18.1,1,507848.3778,
407,47,Rural,High,106,12329.7,51292,1547.5,1306949.1,208,349,455,16,Weekly,12,32.6,10,141479.7801,
408,38,Suburban,Middle,482,17477.7,43744.7,7169.3,8424269,314,110,3969,6,Monthly,0,25.2,2,850912.0598,
409,48,Rural,Low,699,10024.2,49938.6,4038.4,7006934.6,243,136,1918,15,Monthly,11,68.1,7,712901.5162,
410,18,Rural,Low,671,6630.2,31706.5,1675.7,4448875.3,345,108,1382,48,Daily,4,12.7,1,452608.534,
411,33,Urban,Low,710,19925.5,20958.5,3213.6,14147082.7,100,337,4505,26,Monthly,8,71.4,7,1433255.479,
412,40,Rural,Low,382,7119.1,32626.7,2130.3,2719500.1,115,204,1988,0,Weekly,1,65.4,10,285801.9395,
413,57,Rural,Middle,689,8577.8,31928.2,1996.5,5910081.3,330,15,557,21,Daily,13,41.6,9,603127.5493,
414,46,Urban,Low,261,16184.5,48688.7,4039.4,4224142.3,16,162,4557,21,Monthly,3,25.3,5,437433.4631,
415,69,Suburban,High,799,1781.8,5935.3,364.2,1423688.8,4,195,4286,26,Weekly,20,52.4,6,158414.1863,
416,18,Urban,Low,293,7735.9,33786.2,968.1,2266629.6,266,261,3990,15,Weekly,8,35.1,10,245989.8594,
417,55,Urban,Middle,335,1723.3,8279.2,717.7,577320.5,48,354,1168,35,Weekly,16,27.6,7,69912.12856,
418,61,Suburban,Low,655,2794.7,9058.6,970.6,1830544.4,223,9,1367,15,Daily,11,24.6,8,194677.212,
419,39,Rural,Middle,820,102.8,177.3,44.6,84271.5,204,216,3687,23,Weekly,6,6.7,2,19359.6105,
420,65,Suburban,Middle,709,200.8,714.6,60.5,142360.4,20,261,1599,34,Weekly,7,31.9,2,21232.13398,
421,47,Rural,High,476,7612,9932.7,3760.3,3623290.5,288,113,156,32,Daily,0,18.6,9,373098.3856,
422,62,Rural,Low,225,16185.2,57304.5,7850,3641666.5,194,117,3379,16,Daily,15,2.4,6,377676.9718,
423,37,Suburban,Low,907,11744.2,49730.3,2451.2,10652005,316,340,4989,4,Weekly,7,17.6,7,1080607.921,
424,38,Urban,Low,555,12701.9,30653.9,3236.3,7049572.1,11,47,4957,34,Daily,12,17.7,5,722226.5613,
425,17,Suburban,High,454,10389.8,13348.2,4167.2,4716965.7,20,318,1047,18,Monthly,18,22.5,1,475284.5618,
426,42,Rural,High,663,16397.7,61801.2,6733.6,10871651.9,279,301,930,42,Daily,12,68.1,8,1100861.312,
427,57,Suburban,Middle,296,17608.8,41509.4,8175.4,5212196.1,333,322,1124,46,Weekly,9,64.9,1,528485.3746,
428,17,Suburban,Middle,575,16996.3,33931.2,6136.6,9772882.4,35,279,1281,33,Daily,11,3.3,1,982331.3484,
429,41,Rural,Middle,642,16244.5,61026.2,4711.7,10428982.4,266,98,4756,31,Daily,6,17.9,2,1055067.629,
430,32,Urban,High,767,3662.4,17866.6,919.5,2809087.1,232,93,1128,24,Weekly,12,32.4,5,288803.08,
431,55,Suburban,High,463,11881.6,47304,3180.4,5501174.2,38,299,3652,21,Weekly,20,20.7,4,563385.924,
432,48,Rural,High,855,11647.4,34539.3,5126.8,9958563.2,83,252,2082,38,Daily,7,29.1,4,1007463.087,
433,24,Rural,Middle,214,10563.6,35937.8,5197.3,2260610.5,32,163,4434,49,Monthly,5,60.0,1,239714.6072,
434,58,Suburban,High,585,9621.4,15097.2,1161.9,5628546.9,54,158,4815,26,Monthly,8,41.4,1,574253.2558,
435,69,Urban,Middle,943,1792.5,7623.3,595.3,1690344.3,225,67,1176,32,Weekly,19,30.8,10,184171.6011,
436,63,Suburban,Middle,616,2052.2,7012.9,632.1,1264181.7,313,138,505,7,Monthly,12,35.5,2,128251.1188,
437,54,Urban,Low,158,18046.6,87766.5,4519.9,2851364.2,107,312,224,29,Daily,18,20.5,2,289094.8265,
438,44,Urban,Low,272,12607.4,62002.5,5555.2,3429220.1,25,290,3838,47,Weekly,8,15.9,1,354361.6542,
439,57,Urban,Low,827,5253.7,12705.3,1735.3,4344827.4,45,65,4052,25,Daily,19,16.1,10,453692.6424,
440,41,Urban,Middle,238,5593.2,27709.8,1259.9,1331185.1,118,262,179,14,Monthly,17,57.7,8,141370.2038,
441,50,Suburban,Low,303,12207.8,58931.1,3389.4,3698961.8,294,198,4514,35,Monthly,17,14.7,3,384802.3113,
442,65,Rural,Low,884,8144.6,28989.4,1976.9,7199853,125,171,1328,44,Monthly,20,65.7,8,733240.8303,
443,40,Rural,Low,670,8832.1,20612.8,2402.6,5917487,36,16,4751,11,Weekly,19,32.9,5,605240.666,
444,39,Rural,High,621,1222.4,4905.9,157.1,759106.2,344,191,741,40,Monthly,10,38.9,3,82214.39758,
445,28,Rural,Middle,521,2783.4,5803.2,402.9,1450149.5,167,25,4409,44,Weekly,7,44.4,6,164159.3172,
446,22,Rural,Low,321,7873.1,27708.3,2751.5,2527257.1,269,250,3889,42,Weekly,1,22.7,2,265142.2139,
447,51,Rural,High,59,13996.7,15373,5229.6,825807.2,194,27,307,11,Weekly,16,64.6,1,82820.87022,
448,60,Suburban,High,358,970,3409,344,347269.8,124,170,1266,3,Weekly,9,44.2,9,45091.69529,
449,35,Urban,High,704,6697.8,32192.6,2714.2,4715258.4,271,117,1268,2,Weekly,14,64.9,3,476833.6711,
450,16,Rural,Low,648,13904.5,26982.7,6638.2,9010108.4,58,55,3680,36,Weekly,0,37.0,7,916776.8229,
451,23,Suburban,High,251,15843.1,65158.2,7038.3,3976616.9,59,363,3028,37,Monthly,1,3.8,9,415756.926,
452,61,Rural,Middle,891,3812.5,8287.2,1019.5,3396948.1,308,26,4047,31,Weekly,6,3.2,4,354776.2744,
453,31,Rural,High,436,14632.4,56062.7,2736.5,6379738.5,217,272,1053,25,Daily,4,22.8,9,650503.5557,
454,29,Urban,High,146,19108.7,72610.9,4294.5,2789867.2,69,365,1643,3,Daily,12,61.2,4,286322.0428,
455,27,Urban,High,859,18137.2,31539.7,6077.7,15579833.2,244,108,2028,0,Daily,4,19.9,2,1563751.217,
456,66,Urban,High,978,15789.6,53503.3,6986.6,15442256,103,90,2773,4,Monthly,20,35.4,6,1555013.375,
457,38,Rural,Middle,352,14249.4,63220,5424.6,5015792.5,5,357,2025,1,Weekly,10,15.3,9,513197.5394,
458,30,Rural,Low,570,4710.4,11918,1494.2,2684936.4,299,122,2030,45,Monthly,9,54.3,3,277790.1622,
459,43,Rural,Middle,689,12681.7,48711.9,4321.3,8737708.9,264,345,3008,10,Monthly,11,48.6,2,881023.7552,
460,49,Urban,Middle,800,12869,47586.1,4006.2,10295237.7,241,243,2663,8,Weekly,1,65.1,5,1038543.263,
461,17,Suburban,Low,245,8142.4,16529.4,3978.8,1994877.8,334,269,2008,7,Monthly,11,26.2,7,210174.3205,
462,47,Rural,High,560,9865.4,46116.4,4207,5524612.3,349,252,4593,38,Weekly,6,70.9,6,570650.7492,
463,38,Rural,Low,301,13883.6,45178,5727.1,4178972.5,222,75,1662,14,Weekly,18,63.3,4,425139.1466,
464,37,Rural,Low,438,19042.5,46105.2,5844.7,8340619.2,319,112,3414,8,Weekly,18,32.8,9,848951.1759,
465,66,Suburban,Middle,868,5913.2,9800.7,1376.1,5132632.5,229,151,32,41,Daily,1,62.1,1,517006.626,
466,40,Rural,Low,100,4934.8,14280.5,532,493479.9,32,270,2281,49,Weekly,12,31.2,10,68148.69089,
467,37,Suburban,High,725,12040.1,47202.7,1413.2,8729086.8,353,98,529,29,Weekly,4,56.9,1,876942.3741,
468,37,Rural,Middle,814,2624.7,9172.1,294.2,2136484.8,24,360,4982,28,Monthly,15,26.6,7,232291.7212,
469,64,Suburban,High,480,11654.8,45549.5,5736.4,5594319,306,255,4914,50,Daily,18,19.1,5,579224.5217,
470,67,Rural,Middle,415,1786.1,7442.9,260.4,741248.6,187,168,4523,24,Monthly,1,53.4,4,87371.26228,
471,57,Urban,High,165,9816.8,27133.7,1539.7,1619767.3,128,250,1289,21,Monthly,11,69.5,5,170376.2085,
472,21,Urban,Low,912,12412.1,38237.5,3644.9,11319820,112,320,1318,33,Daily,19,52.6,3,1139040.427,
473,30,Urban,Low,942,1411.5,6980.8,412.9,1329625.2,294,246,1463,21,Monthly,0,70.3,1,138558.7389,
474,69,Urban,Low,638,4147,20205,1940.7,2645781.9,149,213,1584,45,Monthly,8,66.4,9,279854.5765,
475,58,Rural,High,302,6714.1,17854.7,868.9,2027667.9,151,276,569,29,Weekly,1,31.3,5,209489.4571,
476,52,Urban,Middle,974,7378.3,27600.1,3562.9,7186452.4,174,334,150,9,Daily,1,36.9,10,729309.5511,
477,48,Suburban,Middle,121,13525.3,28002.3,2523.2,1636565.2,197,280,4973,4,Daily,20,14.5,6,179137.8745,
478,23,Urban,Middle,88,10585.1,17050.4,5166.2,931492,255,46,344,4,Daily,18,32.2,8,101266.3941,
479,68,Urban,Low,217,7648.3,31156.3,2420.9,1659691.6,168,18,1659,1,Monthly,13,55.5,10,178428.8995,
480,59,Urban,High,573,9019,24754.7,3254.1,5167897.5,82,246,933,29,Monthly,16,38.1,6,526054.1935,
481,59,Rural,Middle,814,269.4,460.2,61,219294.6,70,350,4716,21,Daily,4,70.1,10,42477.03119,
482,20,Urban,High,179,15412.8,62196.7,5313.2,2758891.3,325,220,4245,12,Monthly,20,9.2,3,286893.9897,
483,54,Suburban,Middle,702,829.7,3866.9,318.9,582438,13,176,4840,38,Daily,7,37.0,8,78512.39682,
484,19,Urban,Low,163,16588.1,78512.8,1727.6,2703853.2,119,234,4362,24,Monthly,19,38.8,2,283115.2591,
485,21,Urban,High,593,10824.5,36644.6,1230.7,6418940.6,212,149,4242,26,Daily,12,11.6,7,657606.6429,
486,60,Urban,Middle,170,10561.1,30823.3,5223.4,1795388,102,98,4998,46,Daily,18,57.6,6,199536.0049,
487,47,Suburban,Middle,301,14094.5,22092.7,3989.1,4242452.6,277,5,1508,26,Monthly,0,59.1,2,430455.0809,
488,67,Urban,Middle,374,17192.6,71713.1,8154.9,6430030.6,196,159,3575,20,Daily,17,64.7,4,656001.3201,
489,45,Suburban,Middle,708,18853.5,90144.1,7389.8,13348275.5,77,87,2551,30,Daily,2,67.5,3,1343632.996,
490,62,Suburban,Low,203,10872,49552.7,2709.2,2207008.7,338,231,1011,14,Weekly,13,54.1,1,222802.8799,
491,50,Urban,Middle,47,3021.7,12108.2,484.5,142017.9,333,120,4166,37,Daily,4,60.8,3,28322.43306,
492,55,Suburban,Middle,463,17573.8,17895,8633.3,8136684.3,205,172,2308,38,Daily,9,6.2,7,828781.9811,
493,67,Rural,Low,670,823,2165.4,274.7,551432.5,229,64,4791,35,Weekly,3,28.3,6,72300.29407,
494,31,Urban,Middle,408,16148.7,42678.6,2857.4,6588657.4,189,94,860,35,Daily,11,21.2,3,666430.1061,
495,28,Urban,High,194,13611.6,62306.9,5072.5,2640655.9,99,170,1434,0,Daily,18,57.4,2,267182.0502,
496,65,Suburban,High,427,18095.5,22847.4,2475.8,7726780.6,218,235,1439,10,Weekly,3,22.9,6,780268.1876,
497,57,Suburban,Middle,930,17950.3,56092.7,8027.6,16693768.2,194,121,3416,4,Monthly,10,36.6,7,1682133.223,
498,45,Urban,Low,791,1072.6,1656.6,145.9,848387.2,43,100,3953,33,Daily,6,31.1,2,95891.6245,
499,34,Rural,Low,317,12192.8,44493.8,2371.2,3865128.3,124,135,4578,36,Monthly,4,54.9,7,405707.2065,
500,32,Suburban,Low,479,2502.2,10431.7,341.7,1198545.4,20,315,1461,4,Daily,20,41.9,3,123900.4595,
501,34,Suburban,Middle,421,1578.6,5632.1,223.4,664585.4,311,69,161,19,Daily,3,29.0,6,74113.92442,
502,43,Rural,Middle,269,8971.1,37484.1,2776.8,2413215.2,330,198,638,44,Monthly,14,10.3,5,251433.0176,
503,41,Rural,High,481,1961,6726.1,735,943228.9,328,305,1057,43,Weekly,16,12.6,1,99537.21671,
504,52,Urban,Low,711,14560.8,25617.6,6048.4,10352706.5,168,206,1453,41,Weekly,19,52.2,9,1049889.391,
505,41,Rural,Middle,736,19379.1,49041.9,7325.7,14263035.9,46,11,4826,12,Daily,15,3.4,4,1439156.981,
506,68,Urban,Middle,263,11396,55013.7,2796.5,2997138.4,223,357,2784,8,Weekly,15,32.1,5,309075.6136,
507,38,Rural,Middle,426,4711,10141.4,1521.3,2006896.9,79,130,3367,4,Daily,9,52.8,3,209206.2916,
508,24,Suburban,Low,166,16865.7,21106.6,7944.8,2799705.5,170,223,4267,37,Daily,15,26.9,7,298731.8654,
509,27,Urban,Low,692,17063.5,43329.8,4351.7,11807967.2,246,110,3235,31,Monthly,13,47.2,10,1198636.488,
510,68,Urban,High,428,14658.4,36136.3,2945.8,6273791.6,271,27,4294,29,Monthly,14,55.6,4,642708.0733,
511,16,Urban,Low,704,12306.5,35457.9,3787,8663770.6,99,320,2097,48,Weekly,9,63.5,4,878869.393,
512,16,Rural,Middle,397,17357.2,56258.3,3800.1,6890797,322,194,1465,27,Monthly,1,16.9,9,702102.4159,
513,62,Suburban,High,216,3274.2,16271.8,670.3,707227.4,141,346,4425,36,Daily,0,51.0,3,83903.21113,
514,49,Urban,Low,796,18632.7,74995.4,7667.7,14831618.5,109,16,4389,27,Weekly,8,40.7,5,1497710.615,
515,47,Urban,Low,864,18944.6,21664.3,8645.1,16368126.6,313,73,2327,42,Monthly,1,33.6,3,1647835.514,
516,69,Urban,Low,107,17441.1,67163.2,5248.5,1866200.6,137,116,4459,5,Weekly,6,30.7,2,195978.8104,
517,63,Urban,Low,978,5020.7,21573.7,2068.1,4910277.9,121,201,4041,40,Weekly,19,63.0,6,506693.2992,
518,40,Suburban,Middle,98,17165,78658.9,3001.1,1682168.6,99,133,2618,43,Daily,8,13.7,8,184922.9864,
519,55,Rural,Low,880,9957.8,26846.4,3177.1,8762853.3,66,164,4249,28,Weekly,12,56.3,5,892116.2676,
520,60,Suburban,Middle,482,11902.7,26834.6,4219.3,5737079.9,144,7,1754,3,Daily,11,6.4,2,579022.2063,
521,68,Urban,Middle,499,16813.6,73261.9,4981.3,8389989.6,110,61,697,17,Daily,5,39.9,5,846092.1525,
522,16,Suburban,Middle,230,601.4,2471.9,88.3,138313,130,352,3957,14,Weekly,6,12.4,10,33014.49592,
523,31,Urban,High,257,7265.2,22843.1,2859.9,1867162.2,328,120,4367,24,Monthly,18,33.6,6,202630.8228,
524,54,Rural,Middle,43,16315.7,24009.1,7107.6,701575.6,257,31,2490,3,Monthly,14,35.3,1,74606.80928,
525,20,Rural,Low,242,16281,58726.1,5764.9,3939991.4,210,48,512,13,Weekly,5,53.0,3,397996.9895,
526,37,Rural,High,554,16975.3,21434.2,2846.1,9404300.5,246,91,808,49,Daily,16,15.8,7,951520.9243,
527,44,Urban,Low,95,3392.6,4754.7,440.4,322299.5,361,6,1038,16,Daily,4,21.9,9,43751.69352,
528,18,Suburban,Middle,946,14120.7,32824.4,3115.6,13358157.1,154,285,543,33,Weekly,9,36.6,8,1348168.566,
529,27,Rural,Low,766,2938.6,7301.5,337.3,2250969,133,84,3776,18,Weekly,14,54.7,4,237273.5852,
530,41,Urban,High,188,15704.1,44723.7,6842.1,2952372.5,21,139,2301,28,Monthly,4,39.7,6,306314.5475,
531,31,Urban,High,385,4910.1,11570.9,1871.8,1890376.5,35,275,4841,21,Daily,17,57.4,10,210579.9965,
532,66,Suburban,Low,819,14759,16753.7,4803.7,12087601.7,360,330,709,13,Daily,5,47.5,9,1219920.746,
533,52,Rural,Low,400,9105.5,14838.9,4150.8,3642192.9,310,133,1313,35,Weekly,10,66.3,7,375556.396,
534,37,Urban,Low,506,19725.4,28807.9,2841.2,9981055.8,224,103,4401,1,Daily,2,48.5,10,1016272.325,
535,44,Suburban,High,167,11602.1,31612.6,4475.9,1937547,124,326,4267,44,Weekly,3,25.6,2,206775.5949,
536,29,Rural,Middle,783,12655.3,23393.4,2007.8,9909069.7,240,95,4423,6,Daily,2,8.2,6,1005304.664,
537,43,Suburban,Low,125,7369.6,16022.8,916.6,921198.6,364,18,4248,27,Monthly,0,51.0,8,109325.6902,
538,20,Suburban,Middle,673,14693.1,42408.1,2250.4,9888428,300,21,2755,7,Daily,16,70.8,1,994673.9681,
539,62,Urban,High,87,9902.8,19233.6,4757.1,861540.5,341,6,4702,28,Weekly,20,35.6,1,99151.87492,
540,64,Urban,Low,821,371.2,736.3,102.5,304715.8,4,24,1772,9,Weekly,13,10.6,1,34950.24148,
541,45,Urban,Low,489,12175.5,52751.5,1456.2,5953842.1,123,225,1439,20,Daily,4,23.7,4,603429.0855,
542,61,Suburban,High,226,16610.9,53027.7,5539,3754060.5,42,60,4406,34,Monthly,13,30.1,2,387592.848,
543,67,Urban,Low,657,4743.7,21000.4,853.3,3116589.5,169,284,3315,3,Monthly,3,10.8,7,324026.7513,
544,20,Suburban,Middle,345,4429.1,13544.5,455,1528027.2,280,220,408,20,Monthly,5,24.6,4,157675.222,
545,27,Suburban,High,760,12181.6,56486.9,4913.5,9258042.4,225,330,4814,37,Weekly,8,57.7,7,945201.8704,
546,31,Urban,High,874,16361.4,33033.2,2649.7,14299868.6,185,279,4722,24,Weekly,19,23.5,10,1450101.503,
547,41,Rural,Low,518,4999.9,17333.1,2384.9,2589953.7,323,335,4333,19,Monthly,13,71.9,2,271398.2807,
548,41,Rural,High,31,18645.9,56178.8,6285.9,578023.8,11,46,2453,6,Daily,9,21.7,3,66216.57559,
549,63,Rural,Low,709,18548.5,86709.7,2500.3,13150867.5,173,293,1582,6,Daily,12,8.0,1,1319132.084,
550,36,Suburban,Low,744,4018.7,10745.8,752,2989933.7,96,142,1221,31,Daily,13,57.0,9,311601.1206,
551,54,Suburban,High,296,5283.1,23347.4,1819.2,1563782.9,278,304,562,31,Daily,19,9.6,6,165267.0731,
552,51,Suburban,Low,414,14015,45627.4,3297,5802197.7,139,78,3777,21,Weekly,3,4.4,10,598851.7131,
553,48,Urban,Middle,837,19035.1,72984,5955.3,15932416.2,166,199,4182,48,Monthly,18,29.1,10,1614164.037,
554,45,Suburban,Middle,972,14200.6,64578.1,5961.5,13802939.4,187,115,1755,24,Monthly,6,65.0,7,1391960.537,
555,52,Urban,Low,135,8903.6,44407.6,3713.1,1201979.5,86,36,2837,5,Daily,19,41.5,4,128838.4791,
556,38,Urban,Middle,525,3388.3,13297.7,1284.8,1778876.9,231,60,744,50,Monthly,9,66.2,4,185911.1165,
557,25,Rural,Low,4,9225.6,20832.2,4192.3,36902.3,138,245,369,26,Weekly,19,63.0,10,15722.25482,
558,69,Rural,Middle,178,12139.3,26658.5,2182,2160793.3,19,79,2091,17,Daily,10,6.4,10,230002.5727,
559,20,Rural,High,746,6625.7,14817.9,1132.3,4942793.7,338,191,1320,11,Monthly,6,5.0,8,504984.8091,
560,51,Urban,Low,259,10210.1,14208.7,4285.6,2644403.9,156,97,465,27,Weekly,11,22.1,1,268979.5435,
561,49,Urban,Low,652,2613,3173.2,596.7,1703663.2,95,304,3493,18,Monthly,17,63.7,7,184066.1436,
562,67,Urban,Low,65,9049.2,30074,2758.9,588200.6,17,150,472,42,Weekly,7,36.9,4,65603.04987,
563,46,Suburban,Low,795,1824.6,7740.6,725.4,1450563.9,280,43,1296,16,Monthly,15,69.0,4,152162.4303,
564,25,Urban,Low,363,991.3,1134.6,256.1,359836.1,261,297,4268,34,Monthly,14,22.2,8,54660.52258,
565,34,Rural,Low,818,17146.2,56008.8,2607.3,14025612.8,160,319,235,14,Weekly,0,32.7,6,1409370.935,
566,47,Rural,High,717,4109.6,10220.7,1527.9,2946569.5,309,218,3463,4,Monthly,14,2.8,5,304490.6836,
567,16,Urban,High,17,11507.4,52587.9,4912.1,195625,81,207,1678,35,Daily,9,63.0,9,33160.10092,
568,20,Urban,Middle,200,2988.2,4725.9,314.1,597633.1,185,146,4328,32,Monthly,8,12.4,2,73516.55319,
569,60,Rural,Low,544,5257.9,17107.9,1708.9,2860311.8,213,328,265,20,Monthly,14,71.0,7,293613.6355,
570,19,Urban,Middle,212,7233.2,35324.5,2081.4,1533433.1,342,259,2404,34,Weekly,16,22.6,2,162049.2182,
571,31,Rural,Middle,435,2882.1,6859.8,587.5,1253710,359,54,138,41,Daily,15,68.1,5,134684.1461,
572,39,Suburban,High,273,928.8,3684.6,152.7,253558.7,167,119,4642,26,Monthly,20,48.6,3,39128.08577,
573,31,Rural,Middle,290,17544.4,79472.8,3074,5087883.1,206,243,1365,44,Monthly,9,41.8,9,524544.0299,
574,17,Suburban,High,803,246.5,430.2,96.1,197970.3,336,142,1952,29,Monthly,15,9.5,6,30418.41327,
575,64,Urban,Middle,483,1235.8,6142.1,388.6,596894.5,261,290,72,38,Monthly,4,8.4,6,69601.70449,
576,43,Urban,Low,998,16103.4,68238.9,7930.3,16071185.7,274,127,162,45,Weekly,0,19.9,3,1612759.806,
577,47,Suburban,Middle,234,5647.3,8754.8,1114.2,1321479.1,236,225,222,29,Monthly,3,26.4,9,142139.8138,
578,42,Urban,High,408,14459.2,32439.7,6980.3,5899344.6,243,229,184,44,Weekly,7,44.8,7,601519.9939,
579,35,Suburban,High,694,2933.1,10265.3,897.6,2035538.6,220,241,94,20,Daily,1,12.9,5,208942.2654,
580,39,Urban,High,146,4753.3,21578.2,753,693976.3,365,257,3872,25,Weekly,1,50.2,10,88269.39697,
581,27,Rural,Middle,562,11459.8,20390.9,1825.2,6440409,347,245,683,23,Daily,7,5.0,7,652321.2125,
582,65,Urban,Middle,430,19772.8,77604.8,6790.5,8502317.1,70,176,3380,21,Daily,11,62.4,10,867096.3335,
583,50,Rural,High,432,1478.2,3078.4,639.4,638562.9,213,355,975,36,Daily,12,63.3,2,69670.25909,
584,48,Rural,Low,615,8017.1,33845.5,3199.5,4930508.1,337,10,3219,42,Monthly,18,64.6,6,507375.0401,
585,48,Suburban,Low,545,871.2,3252.8,315.6,474797.8,287,83,3693,25,Weekly,4,31.1,5,61964.90385,
586,66,Urban,Middle,497,3992.5,12343.5,674.1,1984290.7,226,139,2544,21,Daily,17,10.2,6,210677.1685,
587,58,Suburban,Middle,983,18150.3,65331.5,2601.6,17841789.9,269,119,3232,45,Weekly,17,37.2,8,1801035.64,
588,52,Urban,High,89,1938.2,8733.3,194,172503.1,279,127,60,32,Daily,2,54.8,3,23316.34988,
589,27,Rural,Middle,997,17138.5,43629.7,2411.7,17087134.2,249,99,1460,23,Daily,6,20.1,10,1721594.803,
590,18,Rural,Middle,411,3564.3,14531.6,1449,1464921.8,321,66,481,4,Daily,4,48.4,8,153991.2959,
591,16,Urban,High,897,17237.1,28193.3,7896.3,15461659.9,196,259,4210,23,Monthly,0,2.3,9,1564787.661,
592,48,Urban,High,853,10765.1,40958.3,2111.5,9182595.4,30,143,4078,34,Weekly,17,58.7,5,933968.733,
593,55,Suburban,Middle,827,17565.4,70307.6,7341.6,14526545.6,303,59,4649,21,Monthly,6,16.5,5,1468683.546,
594,25,Urban,Low,241,3042.6,8433.9,546.3,733256,131,244,3651,32,Weekly,2,65.8,7,90593.41233,
595,58,Urban,Middle,778,15243.1,63632.2,3044.2,11859140.1,12,361,1174,16,Daily,18,39.5,4,1192803.023,
596,59,Urban,Low,223,13617.2,43961.8,2582.7,3036627.8,16,192,2595,11,Weekly,8,27.7,3,310845.0318,
597,44,Suburban,Low,748,10863.2,51547.1,1311.1,8125702.3,117,348,4235,29,Weekly,2,53.3,3,825610.607,
598,28,Urban,Low,665,16213.6,23507.6,2879.9,10782071.3,149,130,3806,25,Weekly,2,23.2,9,1096191.256,
599,27,Rural,High,468,12969,19755.5,3234.7,6069509.7,109,158,489,12,Monthly,12,51.8,10,618331.3594,
600,46,Suburban,High,569,17542.2,76654.2,4599.3,9981493.6,236,166,1930,5,Daily,12,23.2,1,1003116.986,
601,61,Suburban,High,322,7627.4,33327.6,1706.9,2456033.2,314,261,896,2,Weekly,18,61.2,9,254120.0723,
602,17,Rural,Middle,375,11802.6,34049.2,3610.3,4425961.6,5,133,4300,10,Weekly,6,70.7,8,460131.831,
603,66,Rural,High,112,17413.3,84556.4,4374.2,1950290.8,180,12,2342,42,Weekly,2,47.7,1,204133.5417,
604,65,Rural,High,527,4304.1,16000.9,2101,2268278.2,337,132,2908,9,Daily,10,39.2,8,239620.3679,
605,50,Urban,Middle,412,9720,47933.2,4111,4004627.5,1,153,2718,10,Weekly,20,33.7,4,409597.357,
606,38,Rural,Middle,269,19215.2,60135.6,9077.1,5168896.6,8,282,5000,15,Weekly,0,67.0,6,533605.0233,
607,32,Urban,Low,626,9477.3,17120.3,3060.9,5932789.8,144,55,3255,19,Daily,1,32.1,8,607207.1325,
608,41,Suburban,Middle,252,5064.1,14065.8,1880.5,1276143.3,143,256,17,41,Monthly,8,58.5,1,131200.4032,
609,23,Suburban,Middle,374,7028,34591.5,1171.4,2628477.2,275,126,3906,43,Weekly,2,1.3,4,278221.8346,
610,44,Rural,High,654,17702.8,43932.3,7100.9,11577651.8,153,46,4716,18,Weekly,4,64.4,2,1168877.3,
611,41,Urban,Low,626,19098.1,92206.9,3712.5,11955418.1,287,174,4738,8,Daily,3,28.5,1,1206442.397,
612,25,Rural,Low,450,19002.7,79584.7,3008.8,8551193.3,130,299,4076,35,Weekly,7,20.8,4,869612.3948,
613,41,Rural,Middle,802,13981.9,38707.7,1632.3,11213450.4,121,21,541,14,Daily,16,11.7,3,1124728.073,
614,49,Urban,High,995,10196.9,32298.7,2945.8,10145957,59,255,197,22,Monthly,5,6.1,9,1023730.56,
615,66,Rural,High,869,3662,12559.6,786.3,3182236.1,217,165,1265,20,Daily,16,63.6,1,322795.9682,
616,56,Suburban,High,537,2473.2,9059.4,1223.5,1328102,31,268,4883,38,Weekly,19,24.6,6,152030.9231,
617,22,Rural,High,368,1204.7,1574.3,240.9,443342.3,244,101,976,4,Daily,16,70.0,4,49268.90531,
618,19,Urban,Middle,822,364.1,1723.9,162.6,299307.5,140,149,608,50,Daily,13,30.9,4,37786.76698,
619,68,Urban,High,255,17563.6,59505.3,3979.5,4478706.1,213,141,464,21,Daily,5,68.3,3,452234.5792,
620,65,Suburban,Low,463,16183.6,76461.2,6467.8,7493023.2,29,33,1027,30,Daily,16,47.7,2,754850.9226,
621,60,Urban,Low,268,11360.7,40076.1,4134.6,3044680.8,164,236,1261,14,Monthly,3,11.9,4,311616.8539,
622,26,Urban,Middle,126,19974.5,54411.7,6486,2516784.2,104,198,2599,27,Daily,19,22.7,7,265060.5715,
623,44,Suburban,High,393,19061.5,62287.5,5084.3,7491173.8,63,235,2956,37,Daily,13,67.8,7,763517.6843,
624,51,Rural,High,762,13105.6,56590.3,4828.7,9986488.8,15,332,2029,14,Weekly,20,31.5,1,1004168.063,
625,40,Suburban,High,799,9296.8,21424.6,2444.2,7428179.6,286,120,3400,48,Weekly,16,5.0,10,763812.8289,
626,36,Rural,High,334,3051.9,14727.9,974.3,1019332.1,179,158,1817,18,Daily,13,25.2,3,109164.8194,
627,51,Suburban,Middle,989,10316.7,29545.2,3465.6,10203236.2,11,37,240,34,Daily,2,63.2,4,1027263.155,
628,25,Rural,High,565,3163.3,15262.7,654.6,1787262.3,13,338,2856,17,Monthly,7,71.8,3,187963.4102,
629,52,Suburban,Middle,368,7975,36071.3,1881.3,2934815.3,215,144,3881,9,Weekly,12,3.1,6,307904.2057,
630,24,Rural,High,555,18853.5,76746.1,2021.5,10463712.3,311,45,1761,14,Monthly,13,34.4,7,1057452.706,
631,39,Suburban,High,678,6846.2,19646.8,3018.2,4641696.5,226,199,1182,49,Daily,11,18.5,4,473367.2783,
632,50,Rural,Low,554,3064.2,10258.3,1233,1697576.6,63,238,2090,23,Monthly,7,70.7,7,182236.8523,
633,64,Suburban,Middle,892,11652.1,50711.3,2020.6,10393680.4,255,129,1940,46,Monthly,10,28.3,6,1051428.306,
634,50,Urban,Low,456,12051.3,38277.5,2950.4,5495374.5,130,181,2922,50,Weekly,19,67.3,1,559609.3367,
635,63,Rural,Middle,688,3884.1,15353.1,1042.6,2672293,263,28,412,19,Weekly,11,44.4,1,270038.2089,
636,51,Suburban,High,67,3939.8,16399.8,920.9,263964.3,171,300,3223,36,Weekly,0,64.3,4,39813.27221,
637,33,Rural,High,66,19791.1,60410,8298.4,1306212.6,190,67,1103,10,Weekly,19,68.4,7,139113.8422,
638,64,Rural,Middle,912,4873.2,15326.1,1901.4,4444348,284,242,3208,8,Daily,1,8.4,4,454894.6883,
639,54,Suburban,Low,595,16765.5,30032.6,6821.3,9975448,25,363,1409,4,Weekly,18,15.3,7,1005445.565,
640,47,Rural,Middle,862,9411.8,18625.5,4345,8112948.6,160,244,164,10,Daily,3,19.8,6,818332.0164,
641,39,Suburban,Middle,617,8705.4,40217.1,2943,5371253.3,217,167,4804,38,Weekly,11,39.0,4,554461.4816,
642,38,Urban,High,400,5906.3,25759.2,2042.5,2362519.5,176,266,4869,26,Daily,0,18.1,10,258037.381,
643,47,Rural,Low,287,15478.8,16105.5,6017.7,4442409.2,336,51,1071,1,Monthly,9,67.3,8,452966.3716,
644,52,Urban,Middle,886,17614.4,78869.4,6561.2,15606368.1,221,109,1150,19,Weekly,0,13.8,1,1563749.406,
645,27,Rural,Low,186,5229.9,5757.8,2342.6,972768.5,280,335,367,20,Weekly,4,13.1,7,106585.5258,
646,64,Rural,Low,284,1911,5414,779.8,542719,81,134,2554,50,Monthly,10,11.8,1,63918.09359,
647,28,Rural,Middle,516,2747,3488,407.1,1417463.3,125,167,612,49,Weekly,1,32.0,6,153509.9453,
648,38,Suburban,Low,650,15858.1,77313.1,7474.6,10307792.7,170,80,76,29,Daily,8,4.2,7,1039423.326,
649,40,Urban,High,691,8722.2,42645.2,3255.5,6027026.4,70,338,2754,47,Monthly,11,49.3,6,618865.1794,
650,50,Rural,High,237,2647,9114.8,399.3,627332.8,78,99,3272,0,Weekly,6,18.7,4,71882.76659,
651,56,Suburban,High,18,6812.4,17499.7,2784.8,122622.5,90,153,4163,34,Weekly,15,67.3,8,30683.81065,
652,45,Rural,High,815,10289.6,31362.3,2504.1,8385997.4,348,289,1051,25,Daily,20,13.8,8,851094.6153,
653,32,Suburban,Low,928,17042.5,69008.5,7198.6,15815452.2,111,83,2983,31,Weekly,6,6.6,2,1590887.679,
654,64,Rural,High,414,12838.4,24300.3,6190.2,5315117.3,164,102,2104,8,Daily,8,29.6,1,536089.0964,
655,35,Urban,Middle,932,3528.9,9764.1,713.2,3288930.8,128,331,1226,48,Weekly,7,18.4,8,342587.3354,
656,63,Urban,High,9,3182.5,12567.8,1409.7,28642.2,155,231,4662,39,Monthly,8,62.7,7,21763.78563,
657,40,Rural,Middle,420,8252.6,21304.6,3378.8,3466075.6,194,252,3154,20,Daily,18,37.9,10,363110.5767,
658,37,Suburban,Middle,29,1513.1,1706.8,557.5,43880,173,358,1274,15,Daily,16,34.8,2,9123.494913,
659,28,Rural,High,656,15114,45789,3838.5,9914776.2,300,321,2389,11,Weekly,11,56.3,5,1000049.947,
660,34,Suburban,High,348,8035.1,31735.6,1156.6,2796201.5,313,25,4534,35,Daily,11,47.3,5,294829.3797,
661,64,Rural,Low,661,6867,33698.4,2015.9,4539116.9,21,57,871,36,Daily,3,1.7,7,464437.0002,
662,51,Suburban,Middle,576,10187.1,11696.6,1449.3,5867755.5,311,302,1961,26,Monthly,8,49.7,2,593018.1475,
663,27,Urban,High,879,14182,44810.8,4255.4,12466018.9,109,100,2180,6,Daily,9,51.6,9,1258254.001,
664,56,Rural,Low,450,11391.2,31892.7,4876.8,5126060.4,360,119,3940,29,Monthly,16,13.4,9,531731.0478,
665,34,Urban,High,380,16050,31615.3,8009.9,6099012,129,151,2476,23,Daily,9,51.4,5,619668.3769,
666,27,Urban,High,699,12591,44711.1,2256.3,8801079.4,280,80,1567,49,Monthly,11,71.6,2,889473.3478,
667,24,Rural,High,366,15761.5,26077.3,2886.6,5768718.4,27,331,2315,29,Monthly,16,21.9,7,591355.4906,
668,22,Rural,Middle,227,13938.7,29765.5,5914.9,3164079.8,344,150,2154,19,Monthly,5,3.7,4,324210.4202,
669,43,Suburban,High,118,3870.5,15973.8,1113.3,456722,92,359,4161,45,Monthly,3,61.4,3,60934.9067,
670,29,Suburban,Low,412,1056.6,3002.4,492.7,435305,295,126,1075,39,Monthly,15,15.5,7,55120.19476,
671,46,Urban,High,951,18068.9,89887.1,7364.9,17183525.8,55,289,2035,44,Weekly,16,56.3,7,1731395.914,
672,67,Suburban,High,356,18913.7,48151.2,7462.8,6733265.4,196,41,389,27,Daily,15,29.9,1,677680.9102,
673,34,Suburban,Low,254,14541.4,41487.2,2047.2,3693509.7,221,190,4824,3,Weekly,3,65.2,7,385625.686,
674,62,Rural,Low,543,14486.9,31886.1,1656.6,7866372.8,301,63,2734,11,Daily,5,67.9,10,801683.2198,
675,31,Suburban,Middle,673,5410.2,10523.9,1226.5,3641091.6,156,205,2956,2,Daily,7,29.1,5,373314.7662,
676,68,Urban,Middle,727,10853.4,50893,2028.7,7890428.9,101,341,3862,36,Monthly,8,70.6,7,805348.4735,
677,20,Suburban,Middle,444,19844.9,79286.3,7638.8,8811122.7,236,204,3564,3,Daily,5,3.0,8,894330.6535,
678,50,Urban,Middle,681,17124.3,39961.5,4799.8,11661655.5,285,179,4077,14,Weekly,13,41.4,10,1185298.457,
679,27,Rural,Low,81,6094.8,23164.2,1884.9,493682.3,69,346,2568,27,Daily,12,53.5,7,63279.13584,
680,40,Urban,High,46,6027.9,29314.5,2564.9,277283.7,267,321,361,36,Daily,17,31.4,10,40264.73591,
681,67,Suburban,High,49,9676.7,12542.9,2819.8,474158.8,138,105,58,8,Weekly,16,47.8,2,48543.60415,
682,36,Rural,High,449,8097.9,16665.7,2574.9,3635969.4,248,313,4580,13,Weekly,16,22.8,4,377286.8007,
683,51,Suburban,Middle,810,7429.3,13390,3246.1,6017773,103,86,1124,31,Weekly,16,6.5,6,612364.7434,
684,68,Rural,Low,407,12543.2,56182.5,3418.4,5105069.6,108,328,1780,47,Monthly,14,60.3,9,526965.3512,
685,38,Rural,Low,880,239.7,411.6,31.9,210966.3,200,251,339,2,Monthly,14,22.0,5,24744.43271,
686,31,Suburban,Low,283,15269.2,34085.4,4713.3,4321172.1,215,338,4581,46,Daily,10,14.9,2,445605.432,
687,54,Suburban,High,473,14803.7,47008.2,4911,7002130.9,155,4,2736,17,Daily,6,15.2,4,711348.0211,
688,60,Rural,Middle,416,16608.2,57869.3,5060.8,6909015.5,87,321,1039,49,Monthly,16,59.4,8,705067.0098,
689,68,Rural,Low,979,16830.6,71239.5,3420.3,16477156.4,209,184,120,13,Weekly,11,5.7,4,1652275.549,
690,57,Suburban,Middle,600,11332.3,29796,2147.2,6799397.9,178,181,3813,24,Weekly,18,36.4,8,695509.8302,
691,54,Urban,Low,121,15603.7,48948.4,3868.2,1888045,74,300,744,38,Weekly,18,14.8,4,195732.0839,
692,29,Suburban,Middle,3,9853,47903.7,1640.4,29558.9,258,16,4481,25,Monthly,6,47.3,8,20847.08078,
693,46,Rural,Low,316,19031.1,41667.5,6973.2,6013821.7,273,94,4543,5,Weekly,19,57.7,3,613853.6599,
694,20,Suburban,Middle,460,3822.1,7615,1321.9,1758149.3,351,279,2951,25,Daily,8,40.9,4,187738.8834,
695,50,Urban,Low,227,18313.2,70366.5,6463.8,4157093.1,336,156,3954,47,Monthly,3,44.7,10,437231.7991,
696,38,Suburban,Low,79,5178,21149.9,983.4,409063.7,24,357,1022,50,Weekly,18,45.3,9,54552.78412,
697,44,Rural,Middle,657,2063.4,5486.9,409.8,1355680.2,313,16,4960,40,Daily,12,41.7,5,154251.2628,
698,58,Suburban,Middle,754,8787.7,16274.1,3646.5,6625924.2,71,41,3361,0,Daily,14,16.6,3,670336.0411,
699,26,Rural,High,544,12302.2,50632,4626.2,6692394.4,83,137,1775,49,Weekly,8,47.4,3,680211.4652,
700,33,Rural,Middle,775,4627.5,17038.3,2082.7,3586302.9,353,258,1908,20,Monthly,9,56.0,4,367176.6585,
701,62,Suburban,Low,723,11120.4,50096.3,2906.9,8040025.2,292,43,3032,13,Monthly,7,59.5,2,811449.097,
702,27,Rural,Low,71,16159.8,70736.3,5153.9,1147345,301,66,2655,45,Weekly,6,6.6,7,129813.2579,
703,24,Rural,Middle,896,5149.1,9375.4,2036.5,4613619.1,10,352,587,7,Monthly,6,29.2,7,468296.541,
704,25,Urban,High,197,11610.6,50266.6,5685.3,2287296.4,319,208,2030,24,Daily,20,27.2,9,242155.6597,
705,59,Urban,Middle,58,6792.9,11552.6,3368.3,393985.8,43,245,382,48,Weekly,8,66.6,8,52198.22497,
706,32,Urban,Low,424,10600.1,47221.4,5296.5,4494430.4,51,243,689,17,Monthly,17,47.8,3,454610.9621,
707,53,Urban,Low,469,13341.7,54451.3,6086.6,6257262.6,207,77,203,14,Monthly,12,34.6,5,630492.8987,
708,22,Rural,High,624,7014.9,23005.1,2496.3,4377327.1,107,219,4081,41,Monthly,15,69.1,8,457898.0982,
709,61,Suburban,Middle,48,19889.7,70984.1,2044.4,954706.2,259,223,4121,19,Weekly,20,12.4,8,112326.4848,
710,28,Rural,Low,435,11279.9,15975.9,4284.3,4906741.8,194,353,1876,15,Weekly,4,26.7,2,495625.1689,
711,55,Rural,Low,185,16491,19122,3223,3050832.5,235,21,1700,6,Daily,4,45.7,1,307870.7415,
712,57,Rural,Low,879,14505.5,33690.2,1782.2,12750293.3,163,147,1590,28,Weekly,7,37.2,5,1283998.568,
713,24,Suburban,Middle,839,17057.6,73102.4,6462.7,14311308.1,69,313,867,30,Weekly,14,42.9,1,1436810.941,
714,65,Urban,Middle,165,3484.3,9976,1402.1,574906.4,335,77,4369,28,Monthly,12,55.1,7,73809.42014,
715,42,Rural,High,727,4458.8,8443.2,1622,3241583,292,316,2064,16,Monthly,0,50.4,8,335607.1375,
716,17,Rural,Low,331,9753.3,42311.9,2400,3228358.7,305,355,1487,4,Weekly,11,47.7,6,330550.6915,
717,20,Urban,Low,330,17048.1,32638.6,5189.5,5625856.6,257,35,2345,17,Monthly,14,51.8,3,571228.3733,
718,44,Rural,High,121,3960.2,16878.1,1877,479178.8,329,126,2640,13,Monthly,3,56.5,10,63273.06387,
719,52,Suburban,Low,213,19421.6,54612,7610.2,4136802.1,185,323,1050,30,Weekly,16,15.9,1,417873.6589,
720,53,Rural,High,823,2560.8,7308.4,773,2107513.8,255,232,2043,49,Weekly,20,49.9,2,219704.8111,
721,34,Rural,High,507,3509.8,7338.6,1184.1,1779472.7,116,87,4278,17,Monthly,1,48.2,2,189344.9119,
722,23,Urban,Low,553,3353,15426.1,1579.5,1854210.8,14,304,3587,46,Daily,17,51.1,10,206379.9163,
723,63,Rural,Middle,865,11724.3,15888,3019.1,10141484,215,188,3403,24,Daily,11,18.4,2,1023513.951,
724,60,Rural,Middle,916,18351.6,28952,2582.8,16810107.9,93,45,1607,10,Weekly,1,21.0,10,1693508.904,
725,16,Suburban,Middle,801,5109.7,18106.3,1176.9,4092851,234,331,4515,25,Daily,11,55.7,5,424532.105,
726,37,Urban,Middle,168,11065.2,48692,2944.2,1858954.7,180,324,4899,4,Monthly,17,27.8,2,197042.8214,
727,67,Urban,Low,995,3523.7,4869.1,737.1,3506074,54,348,4534,15,Monthly,15,66.5,9,368532.502,
728,32,Suburban,High,546,12626.4,49685.1,3934.3,6894028.9,305,72,1020,7,Weekly,4,9.1,6,698061.8066,
729,22,Rural,High,830,2473.7,9820.7,549,2053166.2,30,216,522,12,Daily,16,13.2,7,214371.3997,
730,40,Urban,Low,996,9831.3,32699.8,1388.9,9791977,12,98,570,31,Monthly,10,14.2,3,985004.9865,
731,60,Urban,Middle,987,13107.1,38625.4,2296.7,12936692.4,111,271,4809,26,Monthly,6,21.3,10,1315361.539,
732,19,Rural,High,787,11586.8,26468.2,5414.1,9118785.7,112,91,3339,48,Daily,17,64.9,7,928419.6073,
733,51,Rural,Low,427,2808.6,6757.1,988.2,1199276.3,169,142,4208,25,Monthly,1,27.7,4,132912.7221,
734,21,Urban,Low,709,3235.9,11965.3,730.4,2294220.3,104,117,2452,8,Monthly,2,33.8,8,241351.1219,
735,46,Rural,Middle,703,13431.1,16938.6,3314.4,9442067.6,11,2,3473,46,Daily,8,31.0,9,962493.7582,
736,34,Urban,Low,221,16180.1,54037.3,4811.2,3575801.4,347,43,3185,6,Daily,0,58.3,5,369198.0526,
737,59,Rural,High,10,18162.4,38412.2,6706.5,181624.1,329,71,846,49,Weekly,17,27.7,3,27106.30646,
738,69,Rural,High,120,16274.1,46648.4,5417.2,1952891.3,272,144,3392,45,Daily,14,60.1,6,211942.3821,
739,54,Suburban,Low,635,19478.7,63031.6,9215,12368998.8,14,342,1334,7,Weekly,10,35.2,3,1241311.913,
740,42,Rural,High,247,8171,37117.7,2862.3,2018225.5,175,246,2897,1,Daily,4,18.3,6,212413.1914,
741,25,Suburban,Low,360,6630,21987.1,3078.4,2386801.2,158,284,1911,17,Weekly,8,31.6,7,250570.4339,
742,41,Rural,High,909,573.4,1094.4,58.6,521219.9,110,327,299,35,Monthly,13,29.2,6,61878.92001,
743,34,Urban,Middle,221,9003.4,11865,4107.6,1989755.4,152,214,4958,23,Weekly,11,18.2,4,212959.0005,
744,54,Urban,High,773,13030.9,45711.9,5063.6,10072899.1,234,107,1085,33,Weekly,9,9.7,7,1018029.587,
745,18,Rural,Middle,506,16310,51869,2754.4,8252869.5,141,263,83,41,Monthly,8,60.7,2,830231.6358,
746,60,Rural,Middle,58,5356.4,19750.2,1099.2,310673.1,119,294,4056,37,Daily,20,37.6,5,45465.63482,
747,28,Urban,Low,827,10276.7,29161,3259,8498822.3,9,176,1376,10,Daily,1,18.2,6,857510.2538,
748,65,Rural,Middle,460,13243.6,56954,1986.2,6092042.8,177,107,1692,9,Weekly,8,31.3,6,619042.9716,
749,43,Suburban,High,128,11036.5,51658.9,4570.8,1412677.3,49,86,3574,28,Daily,14,44.0,5,154945.402,
750,35,Suburban,High,699,5487.7,6365.8,2285.4,3835884.2,298,227,923,48,Weekly,18,52.1,10,399019.2258,
751,43,Suburban,Middle,717,15927.7,63334,3510.1,11420150.8,333,82,4985,39,Monthly,15,45.0,5,1158774.366,
752,23,Suburban,Low,86,3475.5,3964.3,444.6,298891.9,149,329,1498,5,Daily,0,17.6,8,41012.46492,
753,56,Suburban,Middle,104,18100.5,50326.5,8969.5,1882456.9,157,241,2026,47,Daily,20,8.8,5,200868.2219,
754,54,Rural,High,143,19052.4,54231,3816,2724494.5,92,2,4598,9,Daily,17,6.2,6,286954.0975,
755,16,Rural,High,205,7317.8,27697,929.5,1500150.9,152,251,3870,29,Monthly,4,8.7,10,168291.9584,
756,18,Suburban,Middle,641,7529.9,18144.1,1746.8,4826649.2,170,42,4789,27,Weekly,6,25.5,1,493694.7605,
757,28,Rural,Middle,758,14868.1,63689.2,7249.7,11270044.4,84,81,2146,28,Weekly,0,26.2,1,1133761.816,
758,43,Rural,Middle,38,9131.2,21654.3,3809.3,346985.9,359,262,1725,50,Monthly,16,70.5,1,42631.79255,
759,64,Suburban,High,363,581.9,1379.2,170,211235.8,327,197,2810,24,Weekly,14,2.6,4,31012.57541,
760,40,Rural,High,621,18398.3,34792,4086.9,11425366.5,48,248,2294,35,Weekly,7,45.9,3,1151763.682,
761,48,Rural,High,309,8620.7,32202.4,2321.7,2663796.1,335,330,2312,26,Monthly,13,37.3,5,276405.2705,
762,53,Rural,Low,52,4077.9,5327.1,436.1,212049.1,217,296,1592,33,Daily,7,11.3,7,32449.08218,
763,68,Suburban,High,1,11117.7,27263.1,4306.4,11117.7,77,36,424,33,Weekly,15,68.4,6,9178.307432,
764,21,Rural,High,11,4385.9,9068.2,613.4,48245.3,43,103,4890,31,Monthly,11,58.6,3,20681.08208,
765,59,Urban,Low,826,4128.4,7915.5,1270,3410041.7,264,303,2371,43,Weekly,6,16.7,2,351268.8346,
766,60,Urban,Low,747,10919.2,13582.7,3563.3,8156619.4,63,98,2839,3,Daily,4,21.7,2,822631.1494,
767,47,Suburban,Low,640,7826.9,13787.4,788,5009238.7,245,145,4943,47,Daily,0,15.2,3,516815.0787,
768,60,Urban,Low,936,11464.1,31927.4,5639.8,10730431,120,282,61,33,Daily,10,22.9,10,1085697.943,
769,62,Suburban,Low,214,19936.5,60108,4403.1,4266419.7,319,127,3558,15,Daily,11,17.2,3,437449.071,
770,36,Urban,Low,995,17181.8,35704,2248.9,17095864,262,304,1784,46,Daily,13,19.3,3,1719753.897,
771,31,Urban,Middle,956,163.3,588.2,72.2,156152.3,330,283,2916,45,Daily,11,37.7,8,31558.90096,
772,69,Urban,Middle,755,1020.6,2391.5,164.1,770559.5,250,302,3444,10,Daily,11,25.0,3,86851.05722,
773,36,Suburban,Middle,556,12205.5,30135.1,1342.4,6786251.3,52,67,514,14,Daily,2,35.8,6,686701.4527,
774,26,Suburban,Middle,518,12528.9,51750.4,3732,6489949,277,147,4843,37,Weekly,6,3.2,9,671365.0099,
775,52,Rural,High,668,17565,56346.3,2669.3,11733443.4,142,328,4712,29,Monthly,20,53.6,8,1193076.805,
776,51,Suburban,Low,415,12584.9,60567.1,6203.9,5222714,251,81,98,26,Monthly,9,66.9,6,528720.3689,
777,50,Urban,High,8,4562,11118.6,475.2,36496.1,314,253,322,15,Weekly,9,71.7,10,13406.12956,
778,34,Urban,Low,5,9375.6,40421.8,1129.6,46878.2,225,242,2639,0,Monthly,3,15.2,5,13643.31631,
779,35,Suburban,Low,362,16181.6,63971.6,7011.7,5857745.8,153,65,4250,24,Monthly,16,28.3,5,600058.669,
780,33,Suburban,High,694,18457.3,84179.1,3615.8,12809346.1,56,71,4637,27,Daily,9,70.1,8,1298918.815,
781,62,Suburban,Middle,112,4745.9,22909.4,2205.1,531544.5,339,36,3682,42,Weekly,1,16.1,7,71578.73309,
782,56,Rural,High,273,10796.7,11128.2,2423.4,2947498.7,9,67,4241,13,Daily,17,39.3,5,308596.105,
783,64,Urban,High,422,3187,4312.6,407.7,1344897.8,241,83,2973,33,Daily,1,57.7,10,152130.1667,
784,29,Rural,Low,265,9945,36770.3,1036.6,2635431.4,164,170,1497,47,Daily,8,3.0,6,274991.5019,
785,30,Rural,Low,458,1811.4,4638.6,385.9,829612.6,133,67,4959,3,Weekly,12,8.5,5,96362.18844,
786,46,Urban,Low,212,18835.1,80548.5,5452.6,3993050.6,81,98,2749,13,Weekly,4,15.0,9,414227.9016,
787,16,Urban,Middle,78,12764.7,13376.4,1281.7,995650.4,350,325,4884,15,Weekly,19,33.3,6,114558.0833,
788,68,Suburban,High,782,17085.8,72237.2,5680.1,13361089.9,135,293,1931,14,Daily,8,2.1,3,1342709.438,
789,69,Suburban,High,666,19965.9,30766.8,4661.3,13297303.1,134,250,4352,33,Weekly,14,31.6,3,1342658.719,
790,69,Rural,Middle,221,3661.5,7912.5,937.6,809190,52,302,438,12,Daily,20,12.5,10,92031.23162,
791,18,Suburban,High,369,13885.9,67712.1,2840.6,5123907,202,208,536,16,Monthly,18,61.3,10,525057.3042,
792,31,Suburban,High,958,17740.9,21402.4,5528.4,16995740.1,198,312,2222,27,Daily,17,35.5,4,1710302.584,
793,38,Urban,Low,347,11523,27611,2213,3998482.4,106,63,712,9,Monthly,9,6.1,5,404854.2941,
794,26,Urban,Middle,25,12797.5,17124.6,1969.9,319938.3,311,78,2538,46,Monthly,9,33.9,9,50587.01642,
795,27,Suburban,Low,976,8159.3,36018.8,3722.8,7963520.8,244,30,4314,16,Weekly,3,35.1,10,815089.9816,
796,25,Urban,Middle,420,13498.5,51457,3458.6,5669357,233,352,4152,7,Daily,2,22.3,2,576916.882,
797,47,Suburban,Low,354,7917.6,33264.6,1035.4,2802831.3,14,251,4838,1,Weekly,19,27.1,2,290985.1823,
798,31,Urban,High,720,9537.6,29653.6,1832.5,6867091.1,225,319,2766,0,Weekly,10,69.9,1,692239.0669,
799,23,Urban,Middle,417,2067.2,5025.1,463,862024.8,211,115,989,4,Monthly,16,18.6,8,96411.91458,
800,53,Urban,Middle,515,166.1,167.6,67.7,85536.3,201,365,4067,34,Monthly,0,49.0,1,20781.80462,
801,27,Urban,Low,215,1112.5,2349.2,121.2,239181.3,165,332,301,21,Daily,10,47.9,6,32462.77752,
802,39,Suburban,Middle,907,3858.5,11800.1,1124,3499666.4,49,219,1012,42,Monthly,3,31.0,2,358055.8699,
803,43,Rural,High,112,9137.5,33420,2403.9,1023401.2,133,154,3650,15,Daily,15,67.2,9,119926.0895,
804,68,Urban,High,954,429.7,823.1,209.4,409906.6,70,221,246,8,Daily,1,55.6,4,44541.11586,
805,23,Suburban,High,704,3127.2,4864.6,538,2201530.1,119,23,2063,35,Weekly,2,2.5,10,237493.4955,
806,43,Suburban,Low,914,15631.1,28236.9,5488.8,14286805,139,214,1358,8,Monthly,5,35.5,5,1436542.763,
807,51,Urban,Middle,559,15245.7,36838.3,2757.6,8522351.6,243,148,4306,13,Weekly,17,9.1,2,862504.7881,
808,41,Rural,Low,428,15796.7,25172.3,5045,6760991.3,181,358,1609,9,Monthly,17,21.4,5,684936.461,
809,23,Urban,High,733,18431.6,29993.2,5935.4,13510365.3,183,302,3601,21,Monthly,0,17.9,7,1365062.893,
810,65,Suburban,Middle,699,2390.2,2808.5,311.1,1670770.3,335,208,1045,15,Weekly,4,54.6,5,174473.318,
811,43,Rural,High,562,3271.2,14481.1,924.4,1838395.4,50,159,4214,40,Daily,11,18.7,1,194859.8925,
812,43,Suburban,Middle,709,6677.7,12547.7,1899.6,4734515.4,181,307,1551,2,Weekly,4,71.5,9,485272.2591,
813,52,Urban,Middle,216,18303.7,78479,4166.9,3953593.3,125,167,3255,27,Monthly,0,10.1,2,406492.7665,
814,56,Rural,Low,413,15511.8,42707.7,3270.9,6406373.4,231,63,1538,29,Weekly,17,30.2,4,649137.6399,
815,51,Suburban,Middle,733,6489.2,22905.2,1231.1,4756572,311,325,1515,28,Weekly,19,35.7,6,486665.3584,
816,42,Suburban,High,380,1761.8,2295.3,180.4,669499.2,348,276,4601,0,Monthly,4,31.7,1,75720.94355,
817,69,Suburban,Middle,602,12331.4,41117,1242.1,7423524.9,3,23,3706,27,Monthly,17,7.6,9,760280.3653,
818,32,Urban,High,232,5143.8,11110.5,1727.9,1193365.1,173,224,1778,21,Daily,2,17.0,9,132849.6205,
819,24,Rural,Low,835,10627.7,14675.2,2301.8,8874162.7,81,201,436,31,Monthly,0,38.0,8,897260.3287,
820,48,Urban,High,258,18836.6,87268.9,3148.6,4859855.5,275,283,802,10,Monthly,9,57.8,9,497109.9633,
821,68,Urban,Middle,665,11456.6,39118.8,4283.6,7618651.5,315,347,4198,25,Monthly,18,49.9,4,775512.0585,
822,35,Urban,High,256,18477.5,36342,5756.9,4730227.3,345,336,4800,30,Monthly,17,39.7,9,493582.7192,
823,28,Rural,High,403,7866.8,21072.1,3665.8,3170338.7,219,215,824,19,Monthly,14,70.4,4,322897.4433,
824,43,Urban,Middle,424,12670.7,30759.4,5478.9,5372373.9,140,265,3805,19,Daily,10,55.0,5,551622.0614,
825,63,Urban,High,770,17878.9,67981.1,6985.1,13766722.6,63,229,303,32,Monthly,2,62.5,6,1385154.713,
826,44,Urban,Middle,979,11763.9,40346.9,1772,11516825.2,27,227,493,4,Weekly,6,1.9,7,1158872.165,
827,28,Urban,Low,65,12301.8,13275.3,4507.8,799618.6,196,327,86,40,Weekly,6,16.3,3,84699.90807,
828,61,Suburban,High,190,14329,25667.6,5410.2,2722509.3,152,335,3297,2,Monthly,11,52.1,2,279155.3801,
829,50,Urban,Low,603,17643.3,51386.4,7151.4,10638930.4,252,277,3319,43,Weekly,0,20.8,5,1079443.598,
830,21,Suburban,High,950,1772.7,4931.6,363.9,1684083.5,248,230,3576,49,Daily,2,26.1,10,189187.3092,
831,33,Urban,High,173,6743.8,20681.3,2401.6,1166680.7,154,356,3820,33,Weekly,13,42.9,3,128648.7273,
832,66,Rural,Low,759,7959.7,30718.5,2764.5,6041425.7,210,215,1049,30,Daily,18,39.5,3,610929.1481,
833,20,Suburban,High,768,18195.1,67832,4623.8,13973833.9,22,157,3601,41,Daily,20,16.7,7,1414793.637,
834,62,Suburban,High,628,19120.6,47634.3,6986.7,12007735.8,70,13,4226,6,Weekly,8,63.4,6,1214883.942,
835,40,Suburban,Low,561,2416.4,10898.8,325.4,1355603.5,19,197,4865,29,Weekly,12,45.6,3,150272.838,
836,17,Suburban,High,227,2391,2992.8,854.5,542748.5,101,111,2983,17,Monthly,4,49.7,7,68890.96299,
837,25,Rural,Middle,581,18697.9,62414.3,6402.3,10863472.5,162,103,3120,15,Monthly,2,59.8,10,1102260.76,
838,45,Urban,High,934,5922.5,28420.5,1091.2,5531596.6,139,103,4919,12,Monthly,16,8.3,10,572670.4514,
839,65,Suburban,High,388,4843.9,15482.6,2069.7,1879421.7,88,170,527,32,Weekly,18,34.7,6,197524.4714,
840,60,Rural,High,401,722.1,2036.6,324.8,289562.5,37,109,33,6,Daily,3,7.1,1,29047.19513,
841,20,Suburban,Low,638,5519.2,8475.6,1016.6,3521225.8,171,126,2079,29,Daily,9,6.2,5,363408.7591,
842,48,Urban,Middle,949,13873.6,58834.5,1808.9,13166040,260,235,9,10,Monthly,4,52.2,4,1321013.549,
843,69,Suburban,Middle,213,8526.5,21275.1,2911.2,1816136.6,338,148,1727,5,Daily,18,57.1,3,186714.7774,
844,16,Rural,High,53,10342.2,39352,3019.6,548138.6,271,171,2778,20,Weekly,8,4.7,3,63347.08912,
845,33,Urban,Low,624,18346.7,32844.1,4972.7,11448365.1,255,1,3420,31,Weekly,20,60.8,8,1161212.241,
846,47,Rural,Low,671,2302.6,2688.2,931.2,1545077.3,140,40,3227,4,Daily,15,21.0,3,162401.3649,
847,62,Urban,Middle,752,1434.1,3186.4,699.6,1078444.6,68,237,3098,41,Weekly,11,47.5,2,119226.2124,
848,64,Urban,Low,662,17040.1,36221.4,4959.8,11280543.3,68,7,4044,28,Daily,16,49.7,5,1143762.824,
849,26,Urban,High,139,15499.4,69652.6,1588.1,2154412.1,169,163,1176,34,Monthly,7,50.4,10,229680.9927,
850,36,Suburban,High,418,5282,23551,1788,2207895.4,105,290,4723,46,Weekly,12,42.1,3,237195.5988,
851,41,Rural,Low,625,6491.4,20354.4,2347.2,4057150.1,315,325,1273,11,Weekly,20,9.0,10,417417.3133,
852,40,Rural,High,143,6212.5,6684.6,2678.9,888380.9,58,157,2476,36,Monthly,14,8.9,3,99494.82241,
853,37,Rural,Middle,882,12959.7,24795.8,2329.7,11430453.5,187,114,3577,45,Daily,8,11.0,8,1161022.67,
854,42,Urban,High,509,1233.6,4386.8,382.1,627911.6,56,112,2341,43,Weekly,0,66.4,9,79390.99217,
855,64,Suburban,Low,650,9793.1,13765.6,2730.8,6365539.5,4,257,4539,21,Weekly,14,15.9,2,647688.2378,
856,28,Urban,Middle,486,2686.1,10213.9,982.5,1305454.6,285,73,4383,10,Daily,2,11.9,1,139230.7002,
857,48,Rural,High,992,16396.6,17181.1,2059,16265400.8,17,193,2353,22,Monthly,14,71.2,8,1641275.34,
858,49,Suburban,Middle,437,7619.5,28421.7,3456.2,3329701.2,237,273,3142,44,Weekly,10,1.3,10,352916.3269,
859,56,Suburban,Low,816,10556.2,46216.6,3214,8613833.2,307,224,2210,9,Monthly,8,56.1,10,874526.1226,
860,50,Suburban,High,543,596.1,1714.8,268.7,323660,250,361,2635,41,Daily,18,61.0,6,46726.0296,
861,16,Rural,High,293,1174.7,5070.4,277.3,344188.2,24,94,3414,23,Daily,17,48.0,9,51259.64293,
862,36,Suburban,Middle,620,13504.3,55720.4,4880.6,8372694.6,300,207,2027,45,Monthly,20,70.2,1,846365.0966,
863,63,Suburban,High,284,15337.7,56530,7403.4,4355919.1,116,170,4726,15,Daily,17,24.7,5,450162.1911,
864,21,Urban,High,671,14203.6,39494.5,6780.1,9530623.2,238,156,4894,11,Monthly,20,7.2,5,968288.7833,
865,43,Urban,High,838,14743,30777.7,7041.9,12354636.1,169,244,1999,49,Weekly,2,18.1,3,1245288.529,
866,32,Suburban,High,14,2101.4,9337.3,246.2,29418.9,313,3,4704,31,Monthly,12,8.0,2,16949.27935,
867,20,Suburban,Low,634,13872.1,49861.3,3623.5,8794900.2,288,220,1024,23,Monthly,5,35.6,9,891938.3807,
868,46,Urban,High,727,3643.1,15272.3,452.9,2648558.5,241,5,1621,3,Monthly,5,69.5,7,275160.1698,
869,20,Urban,Middle,272,1969.3,6317.3,440.7,535657.3,364,194,4571,41,Weekly,10,37.7,9,74337.77954,
870,53,Urban,Low,25,15145.6,25557.8,2572.2,378641.1,298,54,3011,32,Daily,8,24.1,3,47731.18234,
871,18,Rural,Middle,935,17789.2,87483,6191.6,16632928.4,290,300,910,17,Weekly,16,65.3,1,1667379.954,
872,68,Rural,Middle,322,14337,24816.8,5911.1,4616524,251,209,614,46,Monthly,16,44.5,2,469431.0569,
873,38,Urban,Middle,806,16113.4,74846.3,4920.1,12987411.1,165,76,4080,16,Weekly,8,67.0,6,1313444.956,
874,52,Suburban,Low,681,19821.9,36324.6,8289.3,13498681.4,341,218,4517,20,Daily,18,69.5,6,1365031.098,
875,68,Urban,Low,103,2703.8,6745.9,284.2,278488.4,141,118,1004,0,Weekly,2,67.5,2,29419.08628,
876,52,Rural,Low,866,19303.4,53283.8,8265.5,16716744,120,280,3222,45,Monthly,13,50.1,9,1691490.201,
877,25,Suburban,High,883,12027.9,56357,2060.9,10620674.7,338,80,1015,43,Weekly,14,36.6,10,1076432.562,
878,25,Rural,Middle,40,16266.9,74060,4625.9,650677.2,161,187,3486,24,Weekly,18,21.6,1,74518.03728,
879,34,Suburban,Low,235,13006.9,55837,3603.4,3056617.3,105,8,6,30,Monthly,0,67.8,4,312289.3968,
880,32,Rural,Middle,832,11405.1,28589.1,5123.9,9489006.1,338,91,3765,42,Monthly,3,39.7,4,964149.8462,
881,36,Suburban,Low,89,14075.3,14328.3,6846.1,1252705.6,92,346,3537,19,Daily,14,71.7,1,132934.8494,
882,29,Suburban,Low,100,6412,23893.1,1295.5,641197.1,204,351,4199,25,Weekly,14,66.2,5,77994.3132,
883,24,Suburban,Low,144,18486.2,48874.1,2347.1,2662011,40,210,4050,18,Daily,2,27.9,6,281321.781,
884,61,Suburban,Middle,82,2314.7,9324.1,833.8,189805.3,54,258,2511,29,Monthly,4,63.2,9,33552.05216,
885,16,Rural,High,589,6367.4,26612.1,1917.5,3750424.1,89,41,3635,24,Monthly,0,39.0,8,392449.2812,
886,66,Rural,Low,571,632.9,1746.2,206.5,361406.1,135,215,2895,35,Daily,15,53.7,4,48624.27254,
887,60,Suburban,Low,229,5433.7,21693.8,643.9,1244328.2,2,184,3800,48,Daily,15,35.1,6,141200.5199,
888,28,Suburban,Low,603,4372.1,19061.2,1793.1,2636363.9,97,304,3905,17,Weekly,15,71.2,7,277647.8409,
889,19,Rural,High,866,1002.1,4723.9,193.4,867836.7,56,241,2413,3,Daily,14,29.3,6,96745.56608,
890,16,Suburban,Middle,395,9840.6,32767.3,2302.4,3887022.6,360,106,1916,26,Weekly,4,7.8,5,398107.4725,
891,64,Suburban,Middle,513,9378,38580.4,1794.4,4810931.7,124,22,4277,32,Monthly,1,61.9,1,491557.5039,
892,55,Suburban,Middle,781,1564.1,4658.4,748.2,1221586.6,185,353,2290,5,Monthly,7,54.7,7,134214.5931,
893,47,Urban,Middle,798,5244.4,6118.4,878.4,4185024.9,125,245,4315,6,Weekly,14,10.0,7,434010.1396,
894,49,Suburban,Low,197,19066.9,30905.3,7491.9,3756181.3,334,274,1891,0,Weekly,8,36.8,5,384149.2274,
895,43,Urban,High,274,2223.6,3364.1,440.9,609273.3,264,79,4130,37,Monthly,8,49.2,9,79947.17777,
896,46,Suburban,Low,590,6107.3,10303.4,1648.8,3603320.4,340,323,3863,34,Weekly,2,30.1,3,373040.4186,
897,23,Rural,High,653,726.9,756.6,362.3,474658.7,191,304,674,22,Daily,14,65.5,1,51774.97438,
898,54,Urban,Middle,800,2986.3,13243.5,418.8,2389004.1,338,23,2909,15,Weekly,17,68.0,5,250166.6035,
899,41,Urban,High,583,13990.9,45339,6331.5,8156722.8,215,111,1900,33,Monthly,16,62.7,4,825487.3554,
900,49,Suburban,Low,968,7340.7,18591,3511.9,7105761.6,221,130,3942,33,Weekly,0,38.7,6,726015.7851,
901,69,Suburban,Low,562,9047,23876.1,3431.4,5084420,199,362,4503,30,Daily,10,33.2,2,520499.2878,
902,69,Urban,Middle,967,3148,8982.5,327.3,3044114.2,344,260,4099,42,Weekly,0,42.5,5,321589.7376,
903,18,Rural,Low,372,13646,17678.8,5844.8,5076305.3,174,154,4456,30,Weekly,5,37.7,8,526323.4185,
904,65,Rural,Low,881,15032.9,31549,6808.5,13243999.7,217,19,3037,10,Weekly,11,8.0,8,1339071.157,
905,27,Suburban,High,80,3630.4,15997.5,1787.5,290434.4,206,49,589,7,Monthly,19,57.0,2,31038.30007,
906,16,Rural,Low,235,909.4,3614.7,396.3,213713.5,67,74,1889,50,Weekly,17,67.8,3,31505.18235,
907,69,Rural,Middle,287,1628,5296.9,453,467239.8,174,214,2382,23,Daily,13,35.8,9,60980.4786,
908,59,Suburban,Middle,819,13144.3,38418.5,4935.2,10765218.3,78,53,3362,22,Monthly,12,5.4,7,1092258.344,
909,20,Rural,Low,667,2718.9,5535.3,799.5,1813477.6,323,190,2332,31,Weekly,10,23.9,9,196835.9466,
910,45,Suburban,Middle,572,9883.4,28513.9,2384,5653326.2,42,129,1059,14,Monthly,19,9.7,4,570749.1731,
911,45,Urban,High,545,3061.3,10382.2,1073.2,1668410.8,64,144,3395,27,Weekly,17,70.6,7,181547.7256,
912,32,Suburban,High,437,3411.3,13135.2,1391.6,1490720.4,329,248,394,19,Monthly,20,10.7,7,156605.6695,
913,63,Urban,Low,127,97.2,161.9,34.4,12340.1,199,180,566,13,Weekly,17,6.7,7,10150.75273,
914,62,Urban,Low,733,6423.3,27314.6,2766.1,4708261.9,90,7,1072,25,Daily,16,38.1,10,484752.9432,
915,38,Rural,High,712,1805,4301.9,307.9,1285193.7,7,344,2510,49,Monthly,4,5.6,5,142336.1735,
916,30,Rural,Middle,417,7885.3,23758.6,1967.2,3288164.2,263,291,2402,36,Weekly,5,46.0,6,341912.2789,
917,52,Rural,Low,638,11959.7,41041.1,2691.3,7630293.9,122,206,2102,1,Weekly,7,62.7,4,770702.9855,
918,36,Suburban,Low,41,7357,21720.6,1307,301635.5,164,68,3383,33,Weekly,3,18.8,9,48276.45753,
919,29,Rural,Middle,787,14104.6,46373.4,3910.8,11100305.9,116,361,4937,33,Monthly,0,66.8,4,1125486.981,
920,17,Urban,Low,469,14831.6,21447.9,7106.6,6956030.2,13,143,4355,33,Monthly,14,46.9,9,714999.5642,
921,26,Rural,Middle,297,13935.2,38023.8,4392.4,4138743,20,108,4972,8,Weekly,6,12.5,9,433342.1193,
922,66,Rural,Middle,597,18734.9,39753,4019.8,11184737.7,201,185,914,43,Weekly,15,46.8,5,1127137.516,
923,54,Suburban,Middle,601,4753.5,6389.2,1148.6,2856861.1,309,240,1111,49,Weekly,5,6.2,9,300401.244,
924,53,Suburban,Middle,42,3797.2,6708.2,1310.9,159483.8,254,151,4999,2,Monthly,6,25.8,9,33937.47893,
925,49,Urban,Middle,632,12198.1,41592.9,2941,7709219.8,86,211,3461,29,Daily,20,2.1,3,781325.8668,
926,53,Suburban,High,279,11901.6,21265.1,3753,3320544,180,78,3923,18,Daily,5,32.4,3,344349.577,
927,65,Rural,Middle,459,10206.9,17599.2,2140,4684951.4,237,228,2317,30,Weekly,12,60.1,4,478769.9518,
928,49,Suburban,High,33,97,311.6,23.1,3201.7,353,247,965,15,Monthly,1,50.5,8,9737.473028,
929,33,Urban,Middle,276,11109.2,51311.3,4247,3066142.6,61,102,3531,42,Weekly,4,15.1,3,319878.9979,
930,45,Rural,Low,665,18656.6,77514,6228.5,12406661,215,214,1149,23,Weekly,2,14.0,2,1245423.343,
931,30,Urban,High,90,6698.2,30948.1,920.3,602838.7,215,139,2232,14,Monthly,20,51.0,6,69899.96469,
932,42,Suburban,Low,616,19352.3,64480.4,9468.6,11921021.7,358,186,364,21,Daily,8,48.3,3,1197276.032,
933,66,Suburban,Middle,948,7141.6,18851.7,855.1,6770204.6,90,168,3613,31,Monthly,2,11.1,9,695742.8083,
934,49,Urban,Middle,524,2805.7,10994.3,373.7,1470182.3,96,58,4815,10,Weekly,11,48.7,10,166746.521,
935,67,Rural,Low,160,7974.1,16310.6,3034.6,1275853.5,61,119,1031,28,Daily,2,56.4,9,140401.2445,
936,53,Suburban,Middle,929,9897.3,12987.4,3792.7,9194573.3,56,88,653,41,Monthly,16,55.4,10,934585.7146,
937,48,Suburban,Low,458,12593,29951.9,1354.7,5767591.1,220,122,3795,23,Daily,14,29.8,6,592070.8825,
938,39,Rural,Middle,708,10102.5,22194.7,3607.6,7152580.2,94,244,3867,18,Monthly,16,58.8,5,727608.9536,
939,30,Suburban,Middle,399,10739,39757.5,1216.8,4284863.1,40,67,4086,4,Monthly,6,28.7,2,437641.8362,
940,45,Urban,High,819,491.1,1574.2,237.8,402211,337,294,3203,45,Daily,8,46.8,8,58457.5472,
941,57,Suburban,Low,774,5079.9,7889.3,1922.5,3931817.2,319,130,4418,40,Daily,17,55.0,3,406658.733,
942,66,Suburban,Middle,91,6220.8,28827.4,1086.4,566095.2,248,343,2149,37,Weekly,1,54.6,5,67671.74059,
943,32,Rural,Low,709,19741.9,66596.5,3222.7,13997007,217,40,4890,0,Weekly,16,25.6,10,1418574.625,
944,20,Urban,High,581,5918.4,16753.4,1940.4,3438589.9,154,212,1489,29,Daily,20,41.5,4,351823.3801,
945,44,Rural,Low,466,17932.6,85158,6337.5,8356596.8,351,56,4839,11,Weekly,13,44.6,3,847947.5506,
946,19,Suburban,High,220,6101.7,8476.5,2638.9,1342368.9,62,200,3874,45,Weekly,16,17.7,3,147775.3403,
947,25,Suburban,Low,419,1931.2,8030.8,890.9,809191.9,240,291,4983,3,Monthly,10,1.6,9,99381.5639,
948,32,Rural,Low,379,4959.9,12194.6,1274.8,1879791.4,190,305,3638,14,Weekly,0,8.0,2,198131.4029,
949,25,Rural,High,726,5463.8,20661.8,2391.2,3966747.4,146,107,1277,16,Monthly,0,3.5,3,403194.7899,
950,32,Rural,Middle,930,19565.2,92404.5,6201.2,18195626.1,10,195,4822,11,Weekly,19,22.2,5,1835097.277,
951,35,Urban,Middle,447,13489.1,41423,3888,6029622,292,352,4906,0,Daily,14,24.1,4,615596.6036,
952,39,Suburban,Middle,964,18634.3,20321.7,7073.4,17963468.2,130,122,4424,12,Monthly,1,62.5,9,1814379.236,
953,20,Rural,Low,146,16701.6,18628.8,2359.6,2438426.4,60,95,3370,29,Weekly,11,9.9,5,258476.288,
954,49,Suburban,Low,233,11576.2,26882.7,2386.5,2697250.8,175,287,2417,9,Daily,12,14.1,10,283318.1665,
955,21,Urban,Middle,371,13511,55755,5765.2,5012582.7,73,125,3742,35,Monthly,9,45.0,5,515537.5978,
956,68,Urban,Low,922,12500.5,26914.1,3770.5,11525456.9,239,332,258,5,Weekly,1,34.3,7,1159444.832,
957,17,Urban,Low,234,13328.6,31160.6,6174,3118891.9,179,126,4472,8,Daily,1,71.5,4,323215.6376,
958,28,Urban,Middle,726,5302.8,21942.3,718.4,3849851.4,67,344,144,49,Monthly,16,55.1,5,392821.7813,
959,58,Suburban,High,367,8168.4,11964.7,1840.9,2997810.7,81,36,3110,1,Weekly,8,20.2,1,306863.3243,
960,58,Urban,Low,481,11856.4,52017,2871.9,5702923.6,77,217,2753,5,Weekly,13,52.2,7,581760.5145,
961,63,Urban,Low,573,728.2,1502.4,196,417264.3,248,3,708,10,Monthly,10,17.2,4,46099.87774,
962,26,Rural,Low,363,9661.9,11641.5,4780,3507258.7,195,30,245,25,Daily,19,49.4,2,355283.4897,
963,66,Urban,Low,590,17195.9,25267.2,3856.4,10145605.4,68,255,4428,27,Monthly,11,3.6,7,1032796.637,
964,62,Rural,High,511,9852.4,47392.4,3029.4,5034592.2,338,45,1611,12,Daily,6,15.2,8,515231.7732,
965,38,Urban,Middle,95,11050.9,31001.2,3474.7,1049839.7,56,177,2812,37,Daily,0,8.3,9,122608.7915,
966,31,Urban,Low,842,4046.1,8196.4,1652.1,3406802.2,99,222,4373,11,Monthly,15,31.5,8,356113.7573,
967,46,Rural,Middle,216,15888.9,49018.7,4880.2,3432007.5,270,113,1387,18,Daily,14,40.3,8,353823.5531,
968,26,Urban,Low,725,7184,26791.8,2459,5208383.3,76,122,3523,17,Weekly,12,19.4,8,537434.9861,
969,69,Suburban,High,816,19132.2,43529.4,7678.3,15611863.1,331,275,1734,18,Monthly,5,70.5,7,1571488.108,
970,31,Suburban,Middle,712,19874.4,77531.6,2791.4,14150543.6,66,232,251,27,Daily,1,30.2,2,1419832.263,
971,23,Urban,High,864,18320.9,36806.7,8892.7,15829215.1,33,312,2943,11,Weekly,8,40.9,2,1591014.408,
972,19,Suburban,Low,543,1706.7,2473.6,748.4,926730.6,269,249,2005,31,Daily,0,33.9,9,107986.7578,
973,55,Rural,High,802,6670.3,21337.3,1704.3,5349605.7,30,329,3313,12,Monthly,8,62.3,1,543105.6146,
974,19,Urban,High,855,18903.3,30329.9,7398.1,16162322.6,26,103,1276,22,Weekly,9,27.3,1,1621212.368,
975,40,Urban,Low,985,16092.6,76632.1,6516.4,15851231.3,210,176,1027,35,Daily,1,68.0,7,1595791.622,
976,18,Rural,Low,135,18224.6,18257.3,8020.6,2460315.6,269,236,1396,29,Monthly,18,58.2,10,261057.1746,
977,47,Rural,Middle,83,11455.3,46082.4,2008.4,950793.1,324,282,1448,21,Daily,13,6.4,6,104073.498,
978,18,Rural,Low,391,9613.1,20359.6,3667.2,3758740.8,123,245,1202,37,Monthly,2,63.7,6,387750.536,
979,42,Urban,Middle,47,2138.9,9377.5,242.4,100526.5,33,133,11,44,Weekly,15,13.9,8,20986.72369,
980,44,Rural,High,392,16791,20831,2455.4,6582086.2,143,344,1316,41,Monthly,18,5.2,4,666783.1142,
981,47,Rural,High,718,14905.4,71724.7,6117.6,10702062.5,145,159,769,2,Weekly,8,16.7,5,1076746.009,
982,65,Suburban,Middle,385,1186.9,1668.3,504.7,456973.2,262,280,2306,8,Daily,1,7.0,5,54522.0975,
983,66,Suburban,Low,381,4196.2,17420.6,1414,1598751.3,5,341,4524,14,Daily,3,45.2,6,175044.0884,
984,34,Urban,Low,77,11150,34223.4,3709.3,858548.3,161,22,1356,29,Weekly,10,32.8,1,91636.98154,
985,36,Suburban,High,259,13691.2,37261.7,5473.8,3546021.8,310,102,3183,25,Daily,7,34.7,4,367216.4977,
986,20,Suburban,Middle,949,2762,5857.2,1277.3,2621165.1,144,150,1973,29,Weekly,15,44.8,3,270271.2992,
987,33,Rural,High,604,4904,21408.5,1316.5,2962045.1,152,57,2253,4,Daily,4,36.4,7,307337.0616,
988,43,Rural,High,934,3870.3,6962.6,564.8,3614835.1,5,158,2269,30,Daily,1,71.4,1,369174.2129,
989,57,Suburban,Low,947,4407.7,17123.9,1920,4174132.7,195,303,1036,21,Monthly,14,45.3,2,421791.288,
990,37,Suburban,Middle,399,18415.1,51252.2,4358.1,7347607.1,125,195,2552,40,Monthly,5,42.6,8,749501.3242,
991,36,Suburban,High,100,14319.2,71510,2198.2,1431923.3,76,167,2648,14,Monthly,7,30.4,2,151054.239,
992,21,Urban,Low,501,14744.8,50804.5,5099.4,7387129,306,345,1754,44,Weekly,1,32.7,9,753754.0711,
993,16,Urban,High,383,15882,22500.9,5260.6,6082793.1,169,194,3286,34,Monthly,3,71.3,4,619859.7854,
994,20,Urban,High,707,7137.9,19115.9,2067.8,5046491.9,217,347,4038,18,Monthly,3,1.4,3,517280.6178,
995,56,Suburban,Low,192,15346,19415.7,6812.4,2946435.9,183,260,4617,33,Monthly,11,12.0,4,309854.5876,
996,27,Suburban,Low,580,19568.5,41927.9,4087.7,11349720.6,337,200,3800,17,Daily,0,25.4,9,1153244.147,
997,41,Urban,Middle,901,13970.9,33156.7,1471.1,12587781.8,113,5,1144,13,Weekly,8,65.2,7,1267303.233,
998,61,Urban,High,754,8340.9,36805.9,1913.3,6289034.6,276,300,1698,21,Monthly,14,67.6,4,637682.2347,
999,49,Suburban,Middle,602,14330,62363.6,1488.6,8626679.3,178,91,2352,23,Monthly,7,5.1,7,875840.0147,
1000,64,Rural,Low,345,18016.9,18849.8,5719.2,6215825.7,125,24,219,12,Monthly,16,11.1,8,629502.3517,
1001,29,Urban,Low,10,2583.9,8085.5,649.3,25839.4,291,236,1632,7,Daily,14,63.6,8,12574.99372,
1002,41,Suburban,High,264,5313.2,10064.2,2261.2,1402695.5,323,235,610,41,Weekly,9,20.3,6,150589.5753,
1003,60,Suburban,Middle,268,18386.7,41928.6,7704.7,4927644,199,226,4229,1,Monthly,12,29.5,1,500658.5999,
1004,42,Rural,Middle,832,18925.2,20564.2,5182.8,15745762.8,138,28,4923,41,Monthly,10,1.3,10,1596131.395,
1005,24,Suburban,High,630,9687.9,38741.9,1807.7,6103402.9,218,152,4944,26,Monthly,15,35.9,3,623611.0368,
1006,41,Suburban,High,762,7497.3,36004.6,2016.6,5712922.6,297,246,4242,33,Daily,14,62.4,6,587323.0251,
1007,62,Urban,Middle,571,5662.8,10629.5,2018.9,3233463.5,168,5,3184,28,Daily,17,26.9,1,331156.6939,
1008,37,Urban,Low,195,9980,23623.7,1757.3,1946108.4,134,13,432,25,Monthly,11,63.5,5,200784.9994,
1009,62,Rural,Low,987,18691.3,34125.3,7648.8,18448291.1,161,55,3437,22,Daily,2,25.6,2,1854080.588,
1010,45,Rural,High,562,3004.7,14182.7,697.8,1688638.3,272,286,3105,35,Weekly,20,47.7,1,177280.7088,
1011,58,Suburban,Middle,407,8402.4,8716.9,3973.3,3419782.7,280,102,61,8,Monthly,11,21.8,10,350856.7925,
1012,63,Urban,Middle,296,18233,60815.4,5556.5,5396980.2,248,339,4182,20,Weekly,0,37.5,3,551806.3801,
1013,32,Rural,Middle,890,6988.9,31331.6,3067.1,6220115.8,222,214,890,41,Weekly,4,59.8,2,628635.8799,
1014,41,Rural,Low,97,15363.9,26813.6,5321.4,1490302.9,316,113,3706,35,Weekly,19,61.2,6,165920.3121,
1015,51,Rural,Low,462,7791.3,26178.6,2507.6,3599582,330,338,3921,2,Daily,7,6.4,6,373924.5801,
1016,16,Suburban,Middle,639,16100.5,19362.3,6003.1,10288209.5,172,90,2972,6,Daily,4,67.0,7,1040499.378,
1017,23,Urban,Middle,758,19620.2,83549.7,8330.7,14872139.6,259,271,1339,22,Weekly,17,38.0,7,1497705.041,
1018,64,Rural,High,87,7762.6,16283.7,2777.5,675342.9,256,247,4494,31,Daily,7,16.6,5,82719.89403,
1019,50,Urban,High,991,16903.5,83757.2,7080.8,16751390.4,168,30,2860,22,Daily,12,60.0,3,1683684.884,
1020,67,Rural,Middle,77,19768.5,92675.3,3482.9,1522170.8,120,28,2378,15,Monthly,16,46.1,6,163341.7563,
1021,30,Rural,Middle,889,19676.8,77330.9,4151.9,17492643.7,19,68,4858,4,Monthly,7,37.1,3,1762159.255,
1022,62,Urban,Low,716,8681.1,25933.6,1665.8,6215656.1,296,357,2082,12,Monthly,2,58.6,5,630363.2101,
1023,37,Urban,Middle,483,9720.4,39526.5,4076,4694936.2,309,143,777,9,Monthly,17,15.5,3,474698.2853,
1024,29,Urban,High,146,6075,9248.8,816.8,886949.6,247,34,1406,1,Weekly,11,42.3,6,96053.70189,
1025,41,Suburban,Low,661,6287.2,14088.4,2630.2,4155862.4,205,355,3757,15,Daily,12,69.3,4,427280.8921,
1026,43,Rural,High,111,9854.5,10914.7,2519,1093848.1,67,227,2757,0,Weekly,20,46.2,9,122118.2712,
1027,38,Suburban,High,641,4018.4,14386.1,529.6,2575773,342,203,1746,5,Monthly,8,43.5,2,262691.9012,
1028,29,Urban,Low,765,14225.4,60061.6,3837.6,10882396.3,345,61,3567,18,Monthly,15,3.1,7,1103813.979,
1029,39,Rural,High,678,10730.8,51348.4,2362.9,7275487.6,185,191,2124,32,Daily,0,14.0,5,739406.2297,
1030,17,Suburban,Middle,297,17962.4,67287.6,6049.4,5334825.8,342,2,2421,27,Daily,0,44.5,9,548315.4951,
1031,60,Rural,High,426,16213.5,63692.7,4685.9,6906969.3,108,118,52,4,Daily,7,50.9,10,700005.5115,
1032,41,Suburban,Low,649,6456.2,29581.2,1412,4190072.2,165,308,4353,11,Monthly,2,64.9,5,432461.177,
1033,29,Urban,Low,791,10121,48029.5,4502.9,8005738.2,121,52,2179,29,Daily,13,62.9,5,812024.3261,
1034,66,Suburban,Low,334,15012.8,44515.8,3944.3,5014273,84,15,1734,16,Daily,13,26.5,2,506403.5443,
1035,22,Rural,High,523,3872.1,5572.5,1116.2,2025092.9,302,284,3466,18,Monthly,16,50.0,3,211742.652,
1036,18,Rural,Middle,583,641.6,1838.7,281.5,374075.3,261,96,4690,39,Weekly,0,33.9,6,55907.01622,
1037,62,Rural,Low,671,17047.6,54966.4,2312,11438917.8,107,98,927,41,Weekly,3,34.9,4,1152049.149,
1038,38,Rural,Middle,728,2759.6,9730.9,706.3,2009010.4,123,55,4344,24,Monthly,5,68.1,3,214561.2877,
1039,61,Urban,Low,538,17789.3,88184.2,4645.6,9570662,73,278,4016,34,Weekly,14,53.0,5,971642.1165,
1040,58,Suburban,Middle,798,18273,85339.6,5451.4,14581873.5,337,245,4749,8,Monthly,20,69.7,9,1476408.218,
1041,62,Urban,Middle,162,9219.4,23836.4,1313.3,1493543.1,313,328,1446,31,Weekly,12,56.0,3,156833.0443,
1042,60,Urban,Middle,430,16137.6,23461,2276.4,6939153.6,154,38,2699,38,Daily,8,52.5,7,709519.4549,
1043,33,Urban,Low,614,7270.2,13516.5,1938,4463898.5,289,120,339,37,Weekly,20,31.4,9,457638.7093,
1044,53,Rural,High,69,17166.7,29101,1943.5,1184502.9,97,258,2421,14,Monthly,6,8.6,4,128258.9492,
1045,50,Rural,High,133,16495.4,39985.7,3332,2193887,292,140,4980,44,Monthly,5,45.8,7,238427.1849,
1046,66,Rural,High,189,1579.6,7117.5,285.1,298541.1,349,183,3946,45,Weekly,8,34.3,7,49092.99041,
1047,30,Suburban,Middle,723,11656.2,32076.4,3447.4,8427439,278,213,2563,36,Monthly,5,42.9,3,853749.9422,
1048,40,Rural,Low,755,12803.6,41856.3,1337.5,9666701.5,254,126,3339,25,Weekly,10,21.0,1,975440.7815,
1049,52,Suburban,Middle,678,27.1,46.6,10,18399,82,140,3999,30,Monthly,5,14.9,4,14691.73347,
1050,43,Rural,Low,924,19598.6,58235,8667.2,18109076.1,17,109,1380,29,Daily,2,19.8,9,1824125.046,
1051,25,Rural,Middle,922,8137.3,36573.1,3114.1,7502577.5,300,9,4942,1,Weekly,20,47.7,10,769701.4686,
1052,54,Urban,Low,573,10351.7,42378.3,4422.6,5931518.8,180,32,2355,6,Weekly,17,68.7,7,603314.2928,
1053,32,Urban,Low,874,3904.1,5172.1,1395.1,3412212.7,216,235,3938,29,Daily,13,71.4,10,360506.8674,
1054,54,Urban,Low,279,12222.3,54368.2,3702.7,3410011.2,22,73,601,32,Monthly,5,58.4,6,350822.2525,
1055,37,Suburban,Middle,430,16214.3,33974,3041.9,6972145.2,236,136,1671,47,Weekly,1,69.0,5,708851.9096,
1056,41,Suburban,High,625,11722,42936.1,2483.3,7326242.5,211,254,2779,38,Daily,9,21.2,10,750294.0013,
1057,59,Rural,Middle,542,15762.8,24992.5,3579.5,8543448.7,286,116,3765,46,Monthly,18,1.3,10,874773.556,
1058,40,Suburban,Middle,835,14624.8,54091.1,1684.9,12211748.2,207,156,2538,37,Daily,6,14.8,1,1229140.808,
1059,32,Rural,Low,988,4760.8,5440.6,2214.9,4703650.3,325,82,638,19,Daily,4,46.0,4,475301.6846,
1060,28,Suburban,Low,161,8721.9,29676.9,4013.1,1404225.7,255,107,2685,18,Weekly,14,64.9,3,148530.5138,
1061,35,Suburban,High,746,2981.1,10683.4,426.6,2223864.4,345,229,4075,8,Monthly,9,66.0,3,232817.1934,
1062,40,Suburban,High,899,848.3,1677.9,273.7,762620,11,292,4802,21,Weekly,1,60.0,1,88885.58952,
1063,19,Urban,Low,453,1270.7,6033.4,364.8,575649,307,117,1374,31,Monthly,20,55.1,3,64539.09731,
1064,25,Suburban,High,889,18850.6,22317,7038.2,16758159.9,319,288,1726,29,Monthly,1,22.6,10,1689730.594,
1065,18,Urban,High,851,19690.9,89925.2,6718.7,16756959.1,342,213,656,5,Daily,18,7.2,10,1686743.998,
1066,56,Urban,Low,170,1908.6,4824.2,285.8,324462.1,34,167,2962,16,Daily,7,38.3,8,46452.96002,
1067,60,Suburban,Middle,830,6710.5,25873.5,2442.8,5569728.9,121,49,4913,36,Weekly,5,24.8,4,572477.2253,
1068,33,Rural,High,698,2297.3,8284.4,789.2,1603494,236,221,2875,14,Monthly,11,10.1,7,172901.6814,
1069,62,Rural,Low,57,16686.2,27915.8,5214.3,951115.3,183,279,579,6,Daily,15,33.5,2,96563.16259,
1070,51,Rural,High,240,9931,22602.9,2591.6,2383434.9,78,289,159,13,Monthly,15,38.3,7,245778.1428,
1071,62,Suburban,High,769,12429,38762.3,5990.4,9557918.3,123,179,3572,19,Daily,14,56.0,6,969506.2134,
1072,37,Rural,Low,358,10802.8,47381.6,4750.8,3867408.9,276,171,1489,29,Daily,9,58.4,8,400523.2833,
1073,49,Urban,High,201,14208,68474.5,4745.9,2855801.8,208,4,2895,17,Weekly,3,34.3,8,298819.6265,
1074,62,Rural,High,444,6389.5,6915.6,655.2,2836917.4,186,336,3928,21,Monthly,7,66.4,8,300992.0303,
1075,23,Suburban,High,837,2758.5,6648.6,752.7,2308857.9,17,195,2545,24,Daily,8,57.0,10,245929.7409,
1076,55,Rural,Middle,827,362.2,1330.3,137.7,299559.1,290,258,463,23,Monthly,20,31.7,4,36676.64687,
1077,64,Urban,Middle,302,8919.4,27747.5,1310.4,2693659.1,254,45,2389,30,Monthly,16,25.9,9,285510.2663,
1078,59,Suburban,High,106,18157.6,86649.7,4768.5,1924706.7,99,344,507,48,Monthly,5,23.6,8,205073.1044,
1079,34,Rural,Low,802,6112.3,6527.2,1080,4902047,147,208,1307,17,Daily,15,33.9,4,496867.453,
1080,57,Suburban,High,101,3927.2,10803.5,923.9,396644.9,114,115,1021,33,Monthly,20,24.5,2,45904.82471,
1081,56,Suburban,High,97,18521.6,68070.8,2049.7,1796594.7,97,130,2622,17,Weekly,6,34.3,1,186723.9253,
1082,52,Suburban,Middle,665,2117.9,3961.2,319.2,1408415.7,322,160,2933,13,Weekly,19,42.0,2,148657.3488,
1083,21,Rural,Middle,938,1045.5,4081.1,294.7,980681.5,328,1,2942,3,Daily,3,12.8,5,106856.4035,
1084,67,Suburban,Middle,29,17589.5,23304.5,8078.4,510094.6,349,274,4791,6,Weekly,3,57.7,5,63786.58117,
1085,41,Rural,High,506,14021.2,39317.5,4153.5,7094716.3,170,160,3393,6,Weekly,8,9.0,10,726037.5224,
1086,49,Urban,High,665,8447.2,31296.2,2375.6,5617356.1,307,265,2843,0,Daily,13,29.7,2,567721.2165,
1087,60,Rural,Low,438,15049.4,31107.4,6245.9,6591617.9,199,311,665,39,Monthly,9,12.7,4,666587.013,
1088,21,Urban,High,379,14831.4,19212.4,3072.1,5621094.8,177,323,3643,23,Daily,18,22.6,8,578061.9351,
1089,52,Rural,High,73,810.8,3914.7,111.9,59189.2,124,248,767,31,Daily,2,33.5,1,11270.39218,
1090,48,Suburban,Middle,254,13528.2,62977.6,2486.9,3436156.1,157,24,2230,9,Weekly,10,54.2,2,349626.9247,
1091,68,Rural,Middle,963,12821,60329.1,5340.2,12346660.4,95,267,383,8,Daily,18,45.5,2,1236323.91,
1092,37,Suburban,Middle,911,19275.9,94722.2,7147.9,17560385.8,286,156,4120,38,Monthly,2,26.6,5,1772576.56,
1093,36,Urban,Middle,516,19332.8,33615.7,2641.1,9975717.6,99,272,1337,2,Daily,12,43.0,2,1001575.234,
1094,21,Rural,Middle,749,7562.2,12334.7,2774.1,5664094.2,235,93,2085,43,Daily,11,22.0,8,582369.9179,
1095,21,Suburban,Low,550,11800.9,13416,5577.4,6490516.9,190,361,4397,34,Monthly,12,60.5,3,662028.3686,
1096,63,Urban,Low,20,2835.7,12951.6,334.6,56714.7,294,12,4042,4,Daily,19,35.3,3,15009.13881,
1097,19,Urban,Low,625,1338.5,5368.7,463.9,836541.2,273,238,4059,6,Monthly,9,51.9,8,99949.11432,
1098,45,Rural,Middle,535,8661.3,30600.7,2179.7,4633779.3,330,121,1392,11,Monthly,19,23.1,1,466360.5505,
1099,26,Urban,Middle,421,13800.7,65011.2,4145.9,5810112.1,18,90,2147,22,Weekly,9,49.1,4,590595.2726,
1100,45,Suburban,Middle,446,11359.5,37490,3535.9,5066357,174,75,1411,24,Daily,0,66.8,7,517142.2722,
1101,46,Urban,Low,879,8598.8,13061,3511.9,7558382,306,322,2706,16,Monthly,2,8.7,5,766616.7804,
1102,39,Urban,Middle,136,16364.1,27941,5282.4,2225513.5,120,31,1815,13,Daily,13,42.9,3,229301.4021,
1103,24,Suburban,Low,505,15890.6,24292.5,5358.9,8024755.6,256,195,4150,34,Weekly,20,36.6,8,819972.349,
1104,18,Urban,Middle,933,14641.5,32659.8,3413.9,13660539.7,96,89,2631,0,Weekly,15,39.4,5,1374723.562,
1105,66,Urban,High,760,1549.9,3902.6,233.1,1177904.7,310,98,2174,21,Weekly,18,14.8,6,129649.0528,
1106,46,Urban,Low,301,15931.4,66710.6,5943.9,4795359.8,31,129,4051,27,Monthly,0,2.9,1,491061.0812,
1107,55,Urban,High,609,18389.2,32457.3,1842.5,11199042.4,97,295,3392,22,Weekly,8,6.1,3,1129554.718,
1108,52,Suburban,Low,33,1198.2,4674.9,277.4,39542.2,193,95,3467,17,Daily,1,21.2,10,22204.75136,
1109,51,Urban,Middle,647,8039.4,23836.2,1505.1,5201499,233,164,4248,45,Daily,17,61.7,4,535310.7045,
1110,39,Suburban,Middle,767,19767.2,98809.2,5048.8,15161462.5,46,230,1172,44,Monthly,5,58.3,10,1531650.629,
1111,46,Urban,High,278,11988.8,49229.9,2691.6,3332882.2,291,140,225,43,Daily,16,71.7,10,347688.0534,
1112,21,Urban,Middle,133,10276.4,50105.9,3922.4,1366762.8,236,317,4933,36,Monthly,7,53.6,4,152200.6442,
1113,17,Urban,Low,750,3557.1,8428.3,726,2667861.4,49,328,2739,2,Weekly,19,25.9,5,275202.9253,
1114,35,Urban,Middle,527,11314.1,16882.9,3669.2,5962515.3,337,109,1333,13,Monthly,2,66.2,9,608913.7648,
1115,43,Suburban,Middle,789,8786.5,26566.6,2480.5,6932528.6,162,14,418,38,Monthly,20,57.1,4,701721.1378,
1116,26,Suburban,Low,126,2557.6,3828.6,1075.3,322255.9,285,161,4610,6,Daily,0,50.6,7,46920.9673,
1117,19,Suburban,High,345,9292,27595.5,2520.3,3205743.4,134,132,4384,16,Daily,20,39.1,8,337689.9519,
1118,30,Rural,High,17,3296.3,6855.6,1468.7,56037.8,257,113,2248,5,Weekly,17,51.9,7,15913.44345,
1119,21,Urban,Middle,824,14616,43324.5,1462.4,12043555.8,183,286,4968,46,Daily,7,69.1,2,1219787.881,
1120,69,Urban,Low,562,19473.2,93443.2,6658.6,10943955.7,27,340,2714,18,Daily,1,62.2,1,1101592.503,
1121,64,Suburban,High,647,9396.8,20260.9,976.5,6079758.8,140,94,2816,14,Daily,8,14.8,5,619258.7365,
1122,45,Rural,High,630,12651,62923,4877.9,7970157.1,260,347,167,38,Daily,20,7.9,8,807742.3858,
1123,53,Urban,Middle,378,8625.2,16537.3,1673,3260325.9,80,89,1698,4,Daily,10,2.2,1,330429.0682,
1124,66,Suburban,Low,818,2777.7,5089.9,700,2272152.5,180,310,1318,14,Weekly,15,51.6,2,231458.1724,
1125,17,Urban,High,60,19411.4,61711.8,4895.1,1164684,267,134,3082,44,Weekly,8,20.8,9,134658.8267,
1126,30,Urban,Middle,637,2600.3,11358.5,1140.4,1656376.8,52,261,2404,25,Weekly,16,52.0,6,176826.8743,
1127,26,Suburban,Middle,467,2241.4,8961.2,315.7,1046743.1,84,206,1994,38,Weekly,14,14.1,1,111159.7742,
1128,23,Suburban,Middle,628,9188.9,35782.8,3370.1,5770608.5,156,307,2178,44,Weekly,6,32.0,8,591565.3872,
1129,41,Urban,Middle,391,13181.2,28082.9,6491.8,5153832.2,328,34,4699,12,Daily,3,2.0,3,527478.1396,
1130,66,Urban,High,936,7104.9,7744.8,774.1,6650201.6,104,169,3385,30,Monthly,14,8.7,4,677993.3193,
1131,60,Suburban,Low,685,3858.4,6354.8,1876.6,2643014.5,346,345,110,12,Weekly,16,6.8,10,274828.5221,
1132,59,Urban,Middle,187,16381.1,39280.1,1758.7,3063261.5,97,146,246,22,Monthly,9,57.1,5,312386.8133,
1133,20,Urban,Middle,498,7268.4,35518.9,3172.4,3619680.8,125,20,4507,39,Weekly,11,65.2,9,382102.1641,
1134,21,Suburban,High,600,3894.5,18222.7,1886.9,2336685.8,183,107,2620,31,Monthly,15,13.4,5,246605.3616,
1135,41,Urban,Middle,715,7308,13173.3,3633.6,5225253.4,327,136,4545,36,Daily,6,38.2,6,538720.4658,
1136,69,Urban,Middle,361,4298.9,16776.6,1219.4,1551916.8,54,26,1985,3,Daily,9,11.7,7,166192.9261,
1137,19,Rural,Low,823,10393.8,34466.4,4643.8,8554064.7,302,246,1444,16,Daily,1,56.3,5,863376.7404,
1138,34,Suburban,Middle,832,13369.1,16034.5,1991.1,11123095.2,164,341,1479,19,Monthly,11,59.3,5,1120839.963,
1139,35,Rural,High,449,15993.2,39772.1,4320.6,7180925.2,149,155,2791,45,Weekly,18,56.7,2,728697.053,
1140,48,Rural,Low,694,4559,13422.9,1017.5,3163921.7,290,42,4220,10,Daily,5,18.9,2,326497.7579,
1141,35,Rural,High,864,3347.4,12286,863.9,2892162.7,87,178,2988,41,Monthly,20,25.0,6,305147.4983,
1142,64,Urban,Low,680,401.9,875.9,153,273273.2,162,81,2307,32,Weekly,19,15.8,10,42651.50854,
1143,27,Urban,Low,181,4569.5,21637.7,616.8,827074.9,168,177,534,38,Daily,1,1.2,6,91122.29565,
1144,62,Rural,Middle,812,487.9,1369.7,243.6,396148.8,135,193,79,5,Weekly,19,5.6,10,48962.00144,
1145,16,Rural,Middle,959,6916,13791.4,2448.5,6632472.1,90,191,4367,38,Weekly,13,71.0,6,681260.3407,
1146,41,Rural,Middle,130,2922.4,6621.3,1313.3,379912.6,308,283,3636,46,Daily,6,65.8,3,52405.90777,
1147,29,Urban,High,975,11602.1,46496,5010.7,11312060.2,305,246,401,37,Daily,4,6.6,9,1144565.397,
1148,53,Rural,Middle,149,7680.7,27352.1,3121.4,1144424,81,100,3124,17,Weekly,20,33.8,7,127860.7517,
1149,52,Rural,Middle,472,1880.8,7464.2,217.6,887723.9,351,35,4367,1,Daily,8,70.2,4,100410.7983,
1150,26,Suburban,Low,818,8003.3,17362.2,2453.7,6546724.4,231,294,895,40,Daily,12,4.9,9,668421.6633,
1151,51,Suburban,Middle,721,4194.9,9679.2,970.1,3024500.4,89,294,3763,37,Daily,14,48.5,4,316363.0099,
1152,28,Urban,Middle,623,13606.7,35199,1975.4,8477002.3,293,42,4466,16,Monthly,4,8.6,3,859050.097,
1153,58,Suburban,Middle,948,7295.1,12798.3,1730.4,6915736.3,2,170,3896,23,Daily,7,25.7,1,702488.8379,
1154,18,Suburban,Middle,500,2949.1,11101.1,1055.6,1474564.9,352,57,2759,29,Daily,6,4.3,4,158514.271,
1155,48,Suburban,Low,649,6998.5,16218.4,1345.5,4542051.6,222,356,2239,42,Weekly,11,43.5,3,464130.6149,
1156,21,Urban,Middle,355,4495.3,10361.5,1249,1595839.6,17,54,979,23,Weekly,19,50.9,3,164415.2407,
1157,65,Suburban,Low,916,15917.6,33068.2,4167.2,14580542,196,188,3094,3,Daily,11,3.9,6,1468692.967,
1158,25,Urban,High,211,19667.5,55291.5,2379.5,4149846.2,120,296,1575,6,Weekly,19,36.8,9,426364.3336,
1159,20,Rural,Middle,658,519.6,2124,182.5,341878.9,242,86,3981,14,Monthly,13,22.2,1,42632.97282,
1160,38,Suburban,Middle,596,13803.5,59940.8,4797.3,8226887.5,174,64,1359,29,Daily,15,51.4,9,834814.1061,
1161,25,Urban,Middle,30,5286.5,22298.7,2572.2,158595.5,32,81,1553,28,Weekly,12,37.2,2,21543.71539,
1162,59,Suburban,Low,1000,1337.5,4660.9,293.2,1337508.8,275,268,2535,48,Weekly,12,2.2,3,146398.1384,
1163,17,Rural,Middle,577,296.9,629.9,79.4,171301.3,195,185,1187,43,Daily,14,19.8,9,31367.06068,
1164,28,Urban,Middle,24,17621.4,69418,4607.2,422913.2,4,345,4067,44,Weekly,10,35.6,8,60859.1345,
1165,55,Urban,High,984,7078.6,8193.1,3312.1,6965336.5,281,26,1383,12,Weekly,7,7.8,9,707819.9586,
1166,17,Urban,Low,943,19890.9,83394.9,5240.5,18757149.3,21,238,3240,39,Weekly,8,63.9,8,1893052.506,
1167,35,Rural,Low,723,8853.1,36482.9,2453.2,6400805.5,238,296,2395,38,Daily,4,64.7,6,653864.4348,
1168,16,Rural,High,222,3760.1,13837.1,755.5,834737.6,93,299,4861,28,Daily,1,9.0,10,104428.2427,
1169,52,Rural,Low,602,15545.1,21634.1,1561.8,9358150.2,89,225,3283,25,Weekly,9,63.7,9,952850.0943,
1170,24,Urban,Middle,618,18530.6,92455.8,2671.7,11451898.1,113,328,1908,35,Weekly,12,41.7,3,1154525.813,
1171,32,Rural,Middle,684,16314.3,65675.3,6224.8,11158956.9,221,90,2624,34,Weekly,14,62.5,4,1126451.831,
1172,24,Suburban,High,742,14906.5,58720.2,5560.1,11060647.3,98,17,2577,48,Daily,20,45.6,1,1116229.587,
1173,26,Rural,Low,925,6700.6,8416.2,1534.5,6198098.4,142,88,3161,47,Weekly,13,66.1,7,636219.5278,
1174,30,Urban,Low,589,1299.2,3371.1,375.7,765206.6,150,24,1037,18,Weekly,10,33.6,2,80211.08025,
1175,39,Suburban,Low,580,4034,5424.5,883.2,2339704.9,48,332,18,1,Weekly,13,71.9,1,233552.0609,
1176,53,Rural,High,877,8941.7,21854.9,3508.4,7841903.3,51,223,620,13,Monthly,6,61.9,8,793498.3649,
1177,50,Suburban,Middle,401,19124.4,62765.3,8357.4,7668898.6,208,58,3611,15,Monthly,13,45.7,10,785523.6028,
1178,45,Suburban,High,865,14459.9,65293.3,6646.4,12507774.6,11,189,3931,48,Weekly,2,28.8,9,1270735.531,
1179,46,Urban,Middle,901,16567.4,35317.5,2809,14927207.6,270,222,1513,35,Weekly,9,44.7,4,1500752.949,
1180,64,Suburban,High,604,5553.1,19400.7,2099.1,3354075.4,263,353,2384,39,Monthly,20,52.8,9,351054.4656,
1181,20,Suburban,Middle,512,13679.6,22689.1,6637.4,7003966.6,197,51,2333,40,Weekly,5,25.3,3,710476.4973,
1182,59,Urban,Low,88,17250.1,41673.8,6214.3,1518012.2,186,88,4349,30,Weekly,5,39.4,8,170326.3574,
1183,65,Urban,Low,465,9593.4,45942.5,2306.2,4460947.8,296,222,2644,47,Daily,19,64.2,10,465521.972,
1184,29,Urban,Low,50,8603.5,34333,3048.9,430176.9,221,348,3556,47,Monthly,2,68.6,5,58099.41843,
1185,68,Suburban,High,103,14390.9,45809.4,5401.9,1482262.3,81,167,1301,48,Monthly,15,44.9,2,157184.9763,
1186,26,Suburban,High,368,11202.6,22481.3,2899.5,4122569.5,222,194,3406,34,Monthly,10,11.7,5,425251.3324,
1187,24,Suburban,High,936,19863.5,50032.6,2812.6,18592226.6,170,101,3281,21,Daily,19,55.5,6,1872999.688,
1188,49,Urban,Low,492,8507.8,13840.3,2915.3,4185840.1,86,202,637,20,Daily,16,18.6,5,425858.5143,
1189,27,Rural,Middle,558,3527.1,8514,1484.4,1968125.2,44,13,1263,27,Monthly,11,5.6,7,208498.4171,
1190,50,Suburban,Low,691,9444,15134.3,4712.8,6525791.4,261,147,918,16,Daily,2,27.3,4,658810.98,
1191,50,Rural,Low,779,4711.7,19700.9,891.6,3670451.5,104,262,4915,49,Daily,3,20.1,10,390074.0183,
1192,16,Urban,Middle,268,11229.5,14857,4268.9,3009496.3,284,146,680,17,Daily,10,37.5,10,313252.684,
1193,55,Suburban,Middle,397,2524.7,4437.4,280.8,1002298.7,228,9,2863,31,Weekly,8,1.2,7,114301.2766,
1194,37,Rural,Middle,320,19000,71528.8,9270.7,6080008.2,188,81,4932,22,Monthly,5,49.3,9,627513.3671,
1195,44,Suburban,Middle,520,17197.9,79283.3,1806.2,8942886.9,121,68,472,5,Weekly,19,32.4,2,896801.7182,
1196,23,Suburban,Low,449,3119.8,15156.9,759.7,1400768.8,149,310,1792,28,Monthly,8,19.4,9,154678.8672,
1197,26,Suburban,High,777,3456.1,15013.8,451.2,2685416.5,352,126,2743,5,Daily,19,20.3,10,282374.3293,
1198,56,Rural,Low,476,10253.6,18927.1,3572.2,4880737,305,50,4324,32,Monthly,13,4.0,2,501891.8598,
1199,52,Urban,Middle,898,15459.9,33128.2,3645.4,13882989.2,57,70,3479,47,Monthly,5,16.8,7,1405167.159,
1200,29,Suburban,High,590,4389.4,19677.7,1725.8,2589743.6,341,139,3470,31,Weekly,15,9.4,5,272971.2246,
1201,45,Urban,High,909,1228.8,5600.2,362,1117001.6,189,170,1707,16,Weekly,17,32.0,4,118919.9334,
1202,50,Urban,Low,240,10915.2,38886.7,2922.7,2619655.2,357,90,3664,3,Daily,8,36.1,7,275324.742,
1203,36,Rural,Low,258,13835,31192,3312.2,3569436.8,38,139,4144,47,Daily,6,59.5,1,370722.0272,
1204,52,Rural,Low,708,4894.9,9281.8,658.1,3465565.2,201,72,4822,30,Weekly,17,41.2,3,359745.394,
1205,20,Urban,High,972,14798,65246.1,2692.2,14383615.3,229,245,3011,21,Monthly,11,42.7,2,1448268.411,
1206,34,Suburban,High,944,19013.4,34623.7,6761.9,17948620.6,131,67,3166,26,Monthly,4,7.9,2,1805397.971,
1207,29,Rural,High,842,2750.1,10030.3,821.5,2315599.4,171,130,2165,20,Daily,13,25.9,5,241839.1066,
1208,41,Suburban,Middle,643,10225.5,49816.6,1309.2,6574977.9,330,210,4705,19,Daily,13,57.6,10,676446.2278,
1209,19,Suburban,Middle,964,1146.3,4380.1,364,1105004.9,35,194,1097,33,Daily,2,42.5,2,117261.8047,
1210,40,Suburban,Low,390,4141.2,8409.4,503.8,1615049.9,201,26,4132,22,Monthly,6,27.6,3,173547.3325,
1211,60,Urban,High,343,1805.5,3845.7,550.1,619282.7,168,332,3401,43,Monthly,15,31.6,7,78726.6773,
1212,57,Suburban,Low,773,8086.1,11090.7,3929.7,6250549.4,246,293,1449,15,Daily,20,9.2,2,630627.5734,
1213,40,Urban,High,754,16418.4,61486.2,3660.3,12379494.3,224,218,4282,5,Monthly,20,2.9,4,1249272.602,
1214,33,Urban,Low,387,11546.8,35492,4496.4,4468626.2,341,36,2506,15,Monthly,8,11.2,2,454120.9634,
1215,55,Suburban,Middle,394,4459.5,8142.5,1775.9,1757031.5,58,16,3038,6,Monthly,16,22.1,8,188933.4367,
1216,23,Suburban,High,683,811.8,1551.1,212.6,554467.5,290,78,777,13,Monthly,8,21.1,6,63775.35981,
1217,54,Suburban,Middle,659,11072.4,11472.1,3734.9,7296731.3,25,322,1332,2,Monthly,17,50.9,8,738220.7593,
1218,55,Suburban,High,270,2664.6,13093,769.6,719443.7,32,21,1449,32,Monthly,13,12.4,6,83765.94335,
1219,29,Urban,Low,149,6861.3,29586.2,1463.8,1022326.7,110,135,3463,48,Daily,3,54.9,1,113232.9997,
1220,47,Suburban,High,380,10208.7,26304.7,4102.9,3879322.4,101,245,2899,35,Daily,14,51.3,9,404015.5034,
1221,66,Suburban,Middle,811,18075.6,86480.2,6889.2,14659322.5,150,184,4503,38,Weekly,3,11.8,9,1487528.194,
1222,53,Urban,High,28,1645.6,6102.9,757.4,46078.2,345,172,4166,28,Daily,4,47.9,5,20667.9352,
1223,48,Rural,Low,149,13375.5,53580.1,4644.6,1992944.4,193,54,2196,38,Weekly,3,24.3,10,216653.5556,
1224,38,Rural,High,420,291.5,1084.3,74.5,122423.7,109,93,1460,3,Monthly,8,8.5,7,20487.49585,
1225,30,Urban,Middle,280,12601.9,50752.7,4859.3,3528524.1,356,314,3870,38,Monthly,10,45.2,3,365598.9986,
1226,48,Rural,Low,182,11035.1,18580.5,3836,2008394.5,277,293,1380,39,Monthly,13,57.3,2,207444.0545,
1227,40,Urban,Middle,166,16239.2,52770.8,5629.3,2695709.5,233,176,2956,40,Daily,11,69.3,8,286489.2016,
1228,32,Suburban,High,17,10637.9,46780.4,4680,180844.9,21,190,1328,21,Monthly,17,40.1,3,23356.08827,
1229,48,Suburban,Middle,150,7058.8,7610.6,3276.6,1058820.9,252,246,1139,14,Daily,11,41.2,2,110644.8222,
1230,62,Rural,High,339,4862.6,7263.6,836.8,1648418,14,295,4816,3,Daily,8,33.9,7,179760.3402,
1231,17,Suburban,Low,45,1714.1,3398.4,386.7,77136.4,215,192,3122,17,Daily,1,22.9,9,23780.62447,
1232,29,Rural,Middle,502,10696.9,23307.6,3852.2,5369847.5,24,104,1095,43,Monthly,18,11.2,6,548928.64,
1233,68,Rural,Middle,842,17767.6,30752.4,5736.9,14960281.6,20,68,3994,22,Daily,5,22.3,2,1507374.485,
1234,55,Suburban,High,189,10299.7,36021.5,3717.5,1946651.3,202,324,1663,37,Weekly,12,24.7,2,203209.4376,
1235,55,Suburban,Middle,651,14784.7,32172.6,4039.3,9624817.6,321,155,2808,3,Weekly,14,53.3,1,969074.9879,
1236,66,Rural,Middle,61,5975.7,9754.8,1583.4,364518.6,52,226,2873,3,Monthly,1,10.1,9,50587.94816,
1237,54,Suburban,Low,294,8968.1,41462.4,1318.9,2636632,357,233,4238,17,Weekly,15,14.3,4,277472.2097,
1238,66,Urban,High,834,6498.8,24566.4,2271.1,5420014.2,186,104,1190,0,Daily,5,70.0,4,547125.6023,
1239,21,Suburban,High,33,2194.2,4353.9,373.7,72409.6,207,316,3141,31,Weekly,13,6.0,10,26534.427,
1240,21,Suburban,Low,299,8345.6,20395.1,3074.6,2495335.1,360,240,3591,20,Monthly,18,67.0,4,261637.1858,
1241,18,Urban,Low,415,15288.1,60588.9,7442.7,6344562.2,95,212,1186,37,Weekly,14,11.4,1,639133.2094,
1242,22,Suburban,High,624,7905.6,32915.9,1601.4,4933063.4,348,126,1598,25,Weekly,17,39.1,10,508105.2228,
1243,66,Suburban,Low,803,13007.1,22186.8,2040.3,10444687.4,266,123,3358,40,Weekly,11,29.1,8,1062840.634,
1244,23,Rural,Low,549,15174.7,72023.9,1664.2,8330923.2,326,36,3324,48,Daily,1,29.4,9,852777.3298,
1245,57,Suburban,Low,431,6461.5,26757.6,1625.3,2784905.3,15,238,705,20,Daily,19,50.8,9,288922.3338,
1246,67,Suburban,High,495,15952.3,70625,2964.6,7896396.4,175,242,3880,42,Weekly,15,47.6,9,809815.4966,
1247,30,Urban,Low,100,6785.1,10689.5,2013.4,678512.5,219,133,4352,28,Daily,20,68.0,6,84396.51098,
1248,62,Rural,Middle,23,5129.6,8071.2,1588.7,117980.3,10,227,2889,40,Weekly,19,52.0,7,26604.06803,
1249,44,Rural,Middle,420,4456.7,9900.4,1068.4,1871813.5,19,90,1529,42,Weekly,14,44.1,1,194787.9523,
1250,48,Rural,High,424,4006.1,5042,1602.3,1698579.6,68,255,4715,31,Weekly,7,13.5,5,186192.2295,
1251,67,Suburban,Low,487,14745.1,20116.3,6811.1,7180868.7,278,83,3963,3,Monthly,20,34.8,6,732154.9465,
1252,45,Rural,Middle,730,17751.3,27919.8,3277.1,12958456.4,319,139,1848,12,Monthly,1,36.3,8,1308306.463,
1253,54,Urban,High,89,4620.7,17788.3,2007.8,411239,294,309,3576,50,Daily,13,46.4,1,53752.28242,
1254,42,Rural,Middle,209,1714,1921.2,261.3,358216.3,15,20,1546,34,Monthly,3,27.0,8,49154.67527,
1255,51,Urban,Low,271,6282.2,8374,1202.9,1702476.7,326,329,3801,26,Daily,10,11.3,7,185397.2193,
1256,44,Rural,High,933,13160.4,62863.6,4271.4,12278621.8,114,84,2606,0,Weekly,16,63.4,2,1234187.901,
1257,53,Rural,Middle,749,7376.7,9845.2,1642.3,5525160.8,300,27,4033,48,Monthly,6,3.3,7,571430.8572,
1258,48,Urban,High,900,10988,34610.7,1282.1,9889235.1,158,58,344,48,Weekly,0,10.6,4,997658.9985,
1259,52,Rural,Middle,406,14888.7,53156.9,3245,6044794.4,104,330,2426,38,Daily,20,33.4,10,622330.2167,
1260,42,Rural,Middle,721,8175.5,39523.4,3776.6,5894525.3,280,217,4227,13,Weekly,8,64.1,10,608197.7679,
1261,48,Rural,Low,278,19993.9,91956.2,3392.8,5558304.1,86,333,1234,36,Monthly,16,8.3,6,565649.9029,
1262,19,Suburban,Low,977,5966,16482.5,2419.2,5828787.6,94,125,4812,29,Daily,0,53.4,9,604341.8177,
1263,37,Urban,Middle,206,19565.2,93299.6,7609.2,4030428,174,288,1618,13,Monthly,1,21.3,4,410017.3385,
1264,17,Rural,High,590,4068.6,11103.4,579.7,2400452.2,242,200,4172,10,Monthly,18,6.4,10,257170.0102,
1265,25,Urban,High,913,2227.5,8196.6,516.3,2033730.8,262,283,1163,30,Monthly,10,64.5,2,209656.6823,
1266,20,Urban,Low,328,15019.1,30615.4,2639.5,4926266.2,294,214,3199,27,Monthly,9,70.0,9,509097.3336,
1267,25,Urban,Middle,610,14049.2,49826.5,1535,8569993.7,282,156,753,26,Weekly,9,10.4,1,860641.0858,
1268,48,Rural,Low,858,16225.3,51154.3,2745.6,13921286.2,147,18,1590,2,Daily,0,64.6,6,1400662.038,
1269,69,Rural,Middle,877,6878.4,23574.4,1242.4,6032332.7,2,343,4162,5,Monthly,2,47.0,7,618713.7263,
1270,53,Urban,Middle,862,18616.8,69452.1,3097.7,16047720.4,68,105,4567,38,Monthly,15,15.3,8,1625156.996,
1271,28,Suburban,Low,982,2398.4,4062.5,327.2,2355261.9,69,159,4246,18,Weekly,12,48.7,4,249674.5817,
1272,46,Urban,High,336,615.2,1356.6,191,206720.4,47,41,4099,40,Monthly,8,58.6,1,31958.22035,
1273,62,Suburban,Low,606,6018.3,23741.9,1378.5,3647072.9,355,290,3089,33,Daily,7,36.1,1,373853.2692,
1274,51,Urban,Middle,592,15948.5,26399.5,7388.9,9441521.5,64,7,2571,27,Monthly,10,65.6,1,951030.0646,
1275,60,Urban,Low,38,13462.9,32000.8,2354.5,511590.8,80,5,4351,11,Monthly,8,38.5,3,63235.59037,
1276,39,Urban,High,920,8729.8,32002.8,2978.1,8031428.1,254,21,3106,38,Monthly,10,14.2,9,820143.1338,
1277,67,Rural,High,228,5132.5,24382.5,2362.2,1170212.2,237,134,4685,9,Daily,12,51.4,6,132518.2113,
1278,30,Suburban,Middle,483,1194.9,1554.8,142,577118.8,329,120,1886,46,Monthly,13,49.1,7,72780.54839,
1279,44,Suburban,Low,134,6756.7,20717.8,2071,905402.7,139,242,4418,24,Daily,8,46.5,7,107441.7425,
1280,23,Urban,High,708,9205.8,12221.8,2580.1,6517703,264,106,4548,22,Daily,2,63.5,2,662703.0582,
1281,20,Rural,Low,978,13743.6,34586.2,6480.3,13441247.2,316,343,3903,25,Monthly,5,38.5,6,1359394.733,
1282,44,Rural,High,390,12923,21989,4723.4,5039962,154,131,2908,18,Weekly,13,51.0,9,519323.7242,
1283,62,Suburban,Middle,794,18947.4,68168.2,4541,15044255.1,132,38,4454,37,Monthly,12,68.8,4,1519905.29,
1284,19,Rural,Middle,613,2016.9,8130.8,775.7,1236368.5,226,87,4128,19,Weekly,0,10.8,8,140649.2671,
1285,27,Suburban,Low,987,6733.4,13395.3,2242.7,6645904.3,92,336,1351,44,Monthly,13,28.4,8,679156.5466,
1286,60,Suburban,Middle,425,9636.7,37116.4,2301.9,4095617,118,113,435,43,Weekly,11,16.5,3,416675.493,
1287,17,Suburban,High,587,13417.2,37397.5,5556.1,7875901.6,126,251,3490,17,Daily,2,24.0,7,802027.9111,
1288,42,Rural,Middle,806,9914.1,21159.8,3641.1,7990747.9,227,345,3987,47,Daily,13,37.3,8,817886.6464,
1289,46,Suburban,High,510,18256,56477,1865.2,9310578.9,339,362,4944,10,Monthly,1,61.0,6,947596.3103,
1290,66,Suburban,High,720,12177.4,30669.9,5431.8,8767699.3,179,71,2860,24,Monthly,9,29.4,4,887460.8988,
1291,66,Urban,Middle,595,802.9,1541.6,207.8,477732.4,85,264,4172,42,Weekly,3,40.6,8,66661.7538,
1292,51,Suburban,High,427,2282,9190.4,817.4,974406.7,164,69,1073,0,Weekly,6,58.7,4,102629.6848,
1293,51,Suburban,High,949,15072.4,63154.7,3899.3,14303685.1,230,255,2489,31,Daily,16,66.9,6,1443073.597,
1294,41,Urban,Low,655,14318.6,60156,6479.8,9378680.4,206,275,669,32,Weekly,9,25.8,2,942629.1861,
1295,58,Urban,Low,474,3078.4,7784,1109.3,1459164,104,86,462,6,Daily,1,13.6,2,148277.6471,
1296,42,Rural,Low,568,1187.6,1992.9,394,674547.8,114,218,376,30,Daily,19,42.3,4,74373.40155,
1297,20,Suburban,Middle,361,11578.6,50501.6,5697.9,4179863.7,188,50,2593,25,Weekly,14,64.6,6,429610.6164,
1298,35,Rural,Low,952,12718.4,29469.3,2699.6,12107935.1,271,134,435,6,Monthly,11,18.6,3,1212791.471,
1299,26,Rural,High,799,2714.6,10837.6,342.3,2168997.2,51,230,1020,35,Weekly,0,36.5,3,224898.1275,
1300,25,Urban,Middle,211,9477.7,40467.7,2904,1999784.2,306,61,723,45,Monthly,9,35.5,6,209700.9329,
1301,55,Rural,Middle,953,6123.6,24938.9,1651,5835764.4,222,252,2939,23,Daily,8,66.8,10,600390.8649,
1302,53,Suburban,Middle,179,18626.8,47670.2,5247.5,3334197.2,111,230,2202,4,Daily,13,33.4,8,345103.9093,
1303,21,Urban,Middle,920,4391.8,20870.1,1528.5,4040459.7,55,351,4364,21,Monthly,8,39.1,6,418641.0666,
1304,23,Suburban,High,58,14667.9,53400.6,5075.8,850737.2,12,58,3623,43,Daily,20,10.8,8,102343.8679,
1305,38,Suburban,High,73,10367.5,34243.7,2663.5,756827.3,190,185,2207,35,Daily,19,33.5,4,86915.08568,
1306,62,Urban,Low,215,240.3,911.1,107,51665.6,155,203,4215,2,Weekly,9,25.3,5,17900.62747,
1307,41,Suburban,Middle,900,10344.8,12195.6,3730.2,9310321.5,335,32,3385,49,Weekly,9,16.7,3,943572.3405,
1308,61,Urban,Low,778,1998.4,5120.1,911.2,1554792.8,346,145,2093,36,Daily,10,37.1,7,169038.2146,
1309,58,Suburban,High,959,13184.7,59658.8,6134.3,12644082.5,265,169,2516,37,Weekly,17,55.7,7,1279420.179,
1310,27,Urban,Middle,73,11314.8,18605.2,1888.7,825981.5,360,22,3453,45,Daily,2,13.5,6,97598.71241,
1311,41,Rural,High,467,218.4,580.5,81.3,102011.6,104,336,2669,5,Daily,11,11.1,4,19496.56561,
1312,28,Suburban,Low,271,4101.8,10750.8,931.1,1111590.4,163,298,4026,24,Monthly,2,9.8,7,127085.1988,
1313,55,Urban,High,499,15526.7,37639.4,6747.5,7747842.7,141,79,1144,22,Weekly,11,55.2,3,781202.4754,
1314,33,Suburban,Middle,354,5522.7,17945.5,2171.2,1955033.9,237,136,3008,11,Weekly,10,57.0,6,207491.1335,
1315,40,Suburban,Middle,234,9990.7,49801.4,1793.3,2337818,44,302,1312,27,Daily,13,64.1,4,242840.829,
1316,48,Suburban,Low,319,6246.9,12639.9,2970.3,1992745.9,239,176,2559,43,Monthly,16,69.5,5,213049.7427,
1317,62,Urban,Middle,19,18431.3,70404.5,6882.1,350195.1,97,77,3629,39,Weekly,11,27.8,6,51760.0188,
1318,55,Rural,High,625,10736.2,43288,5147.5,6710109.1,98,30,4661,31,Weekly,20,25.2,7,688558.8494,
1319,58,Rural,High,575,13926.5,46486.6,2517.4,8007742.4,324,284,1027,24,Daily,3,71.4,7,810483.8813,
1320,27,Rural,High,372,1678.7,2333.2,751.9,624471.7,53,329,4086,33,Weekly,4,11.1,7,78933.90892,
1321,59,Urban,High,184,816.3,2685.3,299.8,150202.2,109,153,1936,29,Weekly,2,4.0,5,25044.06439,
1322,51,Rural,Low,277,5192,24993.4,1666.2,1438176.1,257,213,4847,36,Daily,14,28.3,10,166789.8378,
1323,63,Urban,High,674,6189.6,14658.4,2650.4,4171786.7,11,179,1615,17,Monthly,4,7.3,7,426662.1895,
1324,19,Suburban,Low,755,13756.7,48956.8,4858.1,10386334.2,178,295,4296,34,Weekly,16,28.2,5,1055154.126,
1325,20,Suburban,High,145,11386.9,55085.3,4188.6,1651103.2,294,83,4351,47,Daily,3,30.2,5,182636.1977,
1326,52,Rural,Low,658,7497.8,31430.7,1510.6,4933582.9,25,200,198,36,Daily,18,46.4,3,498587.0962,
1327,23,Urban,High,81,13085.8,49114.1,5585.3,1059950.5,126,323,2120,40,Monthly,12,53.8,9,122883.9266,
1328,57,Suburban,High,322,3279.7,16019.9,1181.1,1056056.7,266,129,950,5,Monthly,2,47.0,9,116579.4076,
1329,64,Urban,Low,435,1279.2,2152,560,556434.2,133,294,2735,18,Daily,13,51.2,1,61721.97861,
1330,43,Urban,Middle,833,17091.6,69921.5,4112.4,14237266.8,278,191,2266,21,Daily,16,27.2,4,1433528.644,
1331,46,Suburban,Middle,43,11283.3,29645.1,2625.4,485181.2,42,52,1759,31,Daily,20,33.4,3,56472.15673,
1332,24,Urban,Middle,313,12985.4,31706.8,1422.7,4064434.7,101,83,1456,26,Weekly,3,51.7,4,413808.6032,
1333,69,Suburban,Low,906,6151.8,18964,2506.5,5573506,284,341,406,15,Weekly,9,11.5,2,559229.5951,
1334,66,Suburban,Middle,293,7445.4,8450.5,1728.3,2181496.2,277,188,794,25,Weekly,8,51.6,6,227711.9082,
1335,44,Suburban,Middle,688,1656.5,3727.4,382.5,1139689.4,139,13,2840,38,Weekly,18,68.6,6,129141.6182,
1336,29,Urban,Low,888,17141.2,28537.7,6436.1,15221380.2,221,219,1116,3,Monthly,7,13.5,7,1529818.174,
1337,55,Suburban,Middle,69,11852.9,18428.4,2384.2,817847.7,69,17,1103,15,Weekly,0,29.0,6,91020.26123,
1338,56,Urban,Middle,56,1681.7,3951,779.7,94176.2,293,242,4187,48,Daily,19,42.3,8,29141.13962,
1339,37,Suburban,Middle,631,16092.5,67734.5,5072.8,10154397,177,340,2579,18,Weekly,2,52.0,4,1025066.084,
1340,26,Suburban,Low,204,8887.9,16037.7,4335.4,1813124.7,197,158,2130,27,Monthly,18,18.9,2,188872.663,
1341,38,Rural,Low,420,15304.4,47836.3,1999.8,6427837.9,33,166,4505,16,Daily,17,42.5,10,661769.3095,
1342,16,Rural,Middle,927,262.3,1047.7,61.6,243125.3,301,139,2491,44,Weekly,13,67.4,7,38567.29551,
1343,61,Rural,Middle,567,584.5,1147.9,147.6,331415.2,228,294,2177,1,Weekly,13,26.4,1,37915.97575,
1344,52,Urban,Low,550,3424,16081.7,1342.8,1883173.2,136,28,4866,1,Daily,9,41.4,1,197761.2157,
1345,36,Urban,Middle,243,4226.2,18874.3,782.6,1026971.9,134,359,3942,23,Daily,2,45.3,5,117039.481,
1346,41,Suburban,Low,201,15281.5,30635,3822.5,3071575.7,143,161,4279,26,Daily,1,64.0,5,322518.733,
1347,61,Suburban,Middle,748,14136.8,70098.1,6563.1,10574338.6,245,182,2712,3,Monthly,18,23.1,5,1068106.813,
1348,51,Suburban,Low,474,12325.6,45317.3,1797.3,5842335.1,137,280,364,47,Monthly,18,63.0,3,591163.0051,
1349,69,Suburban,High,527,17698.3,37952.3,7046.2,9327019.6,61,155,195,35,Monthly,6,48.8,6,940160.6924,
1350,38,Urban,High,656,4950.5,18436.4,1886.1,3247530.7,56,302,4305,19,Daily,3,51.9,2,335359.9337,
1351,16,Suburban,Low,77,18089.1,66296.3,2753.2,1392857.2,133,214,4230,11,Weekly,11,5.7,10,158238.7319,
1352,69,Suburban,High,985,18190.3,62297.8,6828.6,17917471.8,208,340,4689,27,Daily,6,26.3,8,1810034.865,
1353,66,Rural,Middle,478,8690.9,33431.8,2849.8,4154227.5,126,353,3654,28,Weekly,2,9.4,8,432787.4909,
1354,55,Suburban,Low,821,1896.8,3932.5,407.8,1557256.5,123,69,4599,45,Weekly,1,40.9,5,172539.5266,
1355,30,Suburban,Low,440,14533.9,71448,3262.2,6394930.3,231,325,4572,32,Daily,11,60.5,6,655699.7019,
1356,36,Suburban,Middle,263,6745.2,29891.9,2922,1773988.7,35,295,4539,48,Monthly,18,30.1,2,192441.0459,
1357,62,Urban,Middle,185,15900.6,63331.7,3059.4,2941618.6,266,209,2731,17,Daily,5,17.0,5,306318.3925,
1358,24,Rural,Low,55,3282.2,3627.5,1001.4,180519.3,91,157,2170,11,Weekly,10,22.6,8,30729.38459,
1359,68,Suburban,Middle,308,10794.9,36287.5,4020.7,3324831.4,21,75,1985,9,Daily,12,41.7,10,346838.4984,
1360,24,Suburban,Low,516,10166.4,38896,1544.9,5245859.2,140,342,2541,23,Daily,14,55.5,7,537421.3872,
1361,25,Rural,Middle,299,2015.3,8900.3,953.1,602570.7,265,287,3990,46,Weekly,5,50.0,9,81111.88912,
1362,67,Suburban,Low,552,7273,34798.7,1485.5,4014708.8,120,231,4485,16,Daily,7,67.9,9,420950.7641,
1363,68,Urban,Middle,230,1704.3,7947.7,387.8,391979.5,221,65,2110,42,Monthly,7,63.8,8,54289.61402,
1364,41,Suburban,Middle,377,9300.2,24405.3,3408,3506159.9,23,271,3965,31,Monthly,5,8.4,2,361459.2721,
1365,56,Urban,High,286,16859.7,77318.5,2213.3,4821863.4,39,83,3480,24,Monthly,7,51.0,4,494417.9893,
1366,50,Urban,High,138,5411.4,5427.6,1899.6,746772.3,235,74,2567,6,Weekly,16,28.9,4,83470.48274,
1367,67,Suburban,High,478,15299.6,36809.3,7135.9,7313204.6,241,265,4340,19,Daily,6,24.9,8,749454.165,
1368,40,Rural,Middle,615,3676.7,5351.5,734,2261179.1,128,269,4379,28,Daily,18,34.8,2,238707.4577,
1369,41,Urban,Low,7,13478,61085.8,3298.9,94345.7,22,301,3892,18,Monthly,2,55.4,10,28191.27543,
1370,26,Rural,Middle,676,18311.6,86282.9,3532.9,12378636.6,55,90,1911,10,Weekly,8,30.6,9,1249198.354,
1371,53,Suburban,High,419,6485.3,13126.5,2772.5,2717350.1,330,360,710,32,Monthly,16,59.3,2,278278.8327,
1372,17,Urban,Middle,472,18009.2,44469.1,3008.3,8500355.9,47,300,4090,49,Monthly,8,34.5,4,866518.4711,
1373,22,Suburban,High,935,10113.4,49914.6,2413.6,9455995.6,234,2,1590,14,Monthly,20,5.3,3,953007.9916,
1374,33,Rural,High,420,6342.9,20704.9,2159.2,2664032.5,27,176,4750,30,Monthly,13,45.8,10,286759.7079,
1375,42,Suburban,Low,877,17931.2,53582.4,4694.8,15725662.1,48,125,1340,12,Weekly,0,56.4,8,1583402.933,
1376,49,Suburban,Low,276,650.4,1952.4,82.1,179517.3,167,268,821,47,Weekly,5,23.4,1,23303.05458,
1377,42,Urban,High,561,570.1,2157.7,273.1,319824.3,271,215,2244,18,Monthly,16,16.8,7,43540.04732,
1378,32,Suburban,High,608,12000.6,57820.9,2822.1,7296361,81,67,4380,5,Weekly,16,46.5,7,743576.0234,
1379,58,Suburban,Middle,571,15937,39308.6,4434.7,9100053.7,118,178,1616,27,Monthly,20,26.0,9,924877.9639,
1380,59,Suburban,High,743,15033.4,25416,2510.9,11169824.1,45,267,3180,21,Monthly,4,65.3,10,1134924.052,
1381,66,Urban,Middle,689,1598.6,2781.6,713.2,1101432.2,275,5,3866,27,Monthly,16,55.4,8,126820.1391,
1382,69,Rural,High,90,19005.5,20553.3,4116.1,1710496.9,181,301,4210,15,Monthly,17,33.7,6,185506.6328,
1383,39,Rural,Low,282,14064.2,45309.9,1517.9,3966115.7,311,202,752,49,Daily,18,70.3,6,407278.9207,
1384,40,Suburban,Low,548,18982.7,89531.5,4300.8,10402547,232,117,1931,32,Daily,18,25.5,6,1051877.998,
1385,22,Urban,High,171,6588.7,25381.6,3252.3,1126661.6,86,336,2553,49,Monthly,17,32.6,5,126219.6048,
1386,67,Suburban,Middle,638,13881.8,69018.6,2203.6,8856615.9,105,350,330,40,Monthly,14,47.1,1,888990.1591,
1387,21,Rural,Middle,995,17200.2,79776.3,1934.7,17114174.7,243,232,3043,44,Monthly,2,37.4,2,1721600.236,
1388,68,Urban,Middle,811,7615.5,22598.4,2522.8,6176154.1,177,84,4049,47,Daily,13,25.5,6,636318.4218,
1389,39,Rural,High,355,19297.5,56854.4,4798.7,6850630.2,234,89,666,50,Daily,0,30.7,2,692360.8457,
1390,48,Rural,High,204,5307.2,18646.5,2218.4,1082670,78,227,3386,25,Monthly,16,62.3,5,121262.5737,
1391,64,Urban,Low,289,6319.1,9123.2,2481.9,1826224.6,126,111,4677,22,Daily,0,15.1,10,203281.7023,
1392,44,Urban,Low,868,18407.4,63150.8,3206,15977595.6,189,323,690,0,Daily,16,23.6,1,1600015.668,
1393,58,Suburban,High,462,19393.5,55393.6,6319.4,8959796.2,60,12,1703,28,Daily,3,15.1,1,902004.8771,
1394,37,Suburban,Low,609,5711.1,20394,645.2,3478037.4,220,27,3077,7,Weekly,0,37.4,6,358218.4963,
1395,41,Rural,Middle,750,2736.4,8923.1,754.7,2052327.7,76,105,4866,41,Monthly,19,12.4,1,219884.2387,
1396,43,Urban,Middle,173,15183.5,34035.1,5855.1,2626748.6,91,86,4377,38,Daily,2,13.2,4,277187.1591,
1397,65,Urban,High,301,18594,63796.9,4945.7,5596796.6,116,156,2337,2,Daily,2,60.2,2,566064.5296,
1398,36,Suburban,Middle,600,12018.3,29613.7,1768.9,7210959.4,280,199,2252,12,Weekly,11,50.9,9,734357.9569,
1399,64,Rural,High,911,12694,22576.1,1581.8,11564264.9,167,137,2951,19,Weekly,10,14.4,1,1164260.911,
1400,22,Rural,Middle,863,15261.2,56470.9,6737.3,13170447.7,126,31,2379,42,Weekly,4,28.5,3,1328130.254,
1401,32,Suburban,High,529,3070.2,6832.3,1401.6,1624117.6,233,164,1256,4,Weekly,12,66.1,7,170147.7225,
1402,35,Urban,Middle,140,19469.6,88705.6,4618.9,2725750.1,114,113,31,44,Weekly,11,62.8,1,275603.3185,
1403,56,Suburban,Middle,766,7292.9,13107.8,1208.2,5586395.4,100,361,191,11,Weekly,1,47.5,1,560154.8733,
1404,64,Suburban,Low,278,12568.5,42740.2,6176.8,3494050.3,151,271,4502,47,Weekly,19,21.2,6,367507.9176,
1405,35,Suburban,Low,663,9377.6,30816.7,2985.3,6217371.5,72,353,2650,16,Monthly,0,27.5,6,633246.1164,
1406,69,Suburban,Low,511,9368.9,16779.5,2723.2,4787527.2,349,287,2082,13,Weekly,8,47.4,4,488024.4168,
1407,37,Urban,Low,346,14057.9,38793.3,5576,4864019.6,167,258,3969,25,Daily,2,40.8,10,506737.0537,
1408,43,Suburban,Low,846,19893.3,73648.1,3333.1,16829731.3,72,201,2379,29,Daily,19,40.8,3,1691697.613,
1409,55,Urban,Low,140,13184.6,29983.2,4377.2,1845844.9,348,299,4112,41,Daily,5,31.1,10,205922.1541,
1410,64,Suburban,High,114,15883.2,23115.2,7243.8,1810689.6,353,1,853,44,Daily,10,7.4,1,187406.0239,
1411,22,Rural,High,580,562,1945.2,61.4,325986.1,11,211,2056,31,Weekly,19,9.6,8,45346.6522,
1412,16,Urban,Low,507,16210.4,30742.9,5984.5,8218694.7,298,265,1301,29,Monthly,19,60.3,8,835158.3906,
1413,47,Rural,High,366,6006.5,22379.7,1925.5,2198385.5,229,188,1827,11,Monthly,10,63.8,7,230919.8979,
1414,28,Suburban,Low,691,2542.8,11081.1,1221.3,1757054,126,357,4262,35,Weekly,14,64.5,4,189587.3947,
1415,45,Suburban,High,637,2275.5,3398.4,463,1449524.3,153,241,1616,18,Monthly,5,34.7,2,150946.9342,
1416,38,Suburban,Middle,397,13600.7,37407.9,6032.7,5399476.9,162,193,4122,43,Weekly,7,67.4,7,558031.0744,
1417,66,Urban,High,825,19952.4,55461.4,4461.2,16460697.5,278,110,117,24,Daily,8,60.5,8,1656582.79,
1418,34,Rural,High,823,13327.2,47047.1,3624.3,10968318.5,179,111,2786,32,Weekly,17,28.3,5,1108303.124,
1419,47,Urban,High,850,5254.3,12282.7,973.7,4466188.6,144,65,2399,41,Monthly,5,16.8,9,464174.5624,
1420,45,Urban,Middle,875,4074.1,10895.2,1814.7,3564825.6,139,65,1296,20,Monthly,16,52.7,10,370541.1413,
1421,44,Suburban,Low,924,10523.9,11028.7,1875,9724067.4,206,317,316,1,Monthly,15,52.5,8,980746.7445,
1422,64,Rural,High,870,1310.1,1951.7,581.2,1139818,96,235,3600,36,Weekly,18,64.2,4,127538.0453,
1423,60,Suburban,High,745,7992.6,26211.4,2255.9,5954504.4,214,95,1719,20,Weekly,15,4.6,10,608846.3049,
1424,44,Urban,Middle,940,13328,24837.9,5784.8,12528353.6,69,197,1071,25,Weekly,12,26.0,9,1265810.052,
1425,45,Suburban,Low,659,19353.6,30545.9,3982.9,12754001.9,356,291,1039,31,Monthly,11,3.5,1,1281222.389,
1426,31,Rural,High,942,8518.8,19573.3,1304.2,8024721.3,318,196,1493,26,Monthly,8,15.9,9,816033.3261,
1427,55,Suburban,Middle,111,4012.5,6637.2,1292,445384.9,19,38,3776,16,Monthly,5,29.4,1,52236.35221,
1428,34,Rural,Low,875,16349.1,20248.2,4966.4,14305440.1,316,39,1306,3,Daily,3,9.7,5,1438428.369,
1429,33,Rural,Low,358,14886.5,31789.2,3612.1,5329384.4,351,149,2061,38,Weekly,5,59.4,5,544600.4415,
1430,16,Suburban,High,238,17195.5,28500.4,6278.6,4092524.4,101,164,1371,14,Weekly,16,15.4,8,419721.0209,
1431,29,Urban,High,3,4302.2,18059,594,12906.7,81,220,366,32,Monthly,9,30.2,5,8205.866321,
1432,66,Suburban,High,723,8102.6,10133.3,2826.2,5858176.6,183,276,4323,13,Monthly,7,57.9,8,601898.1844,
1433,62,Urban,High,404,19631.3,78324.3,3625.9,7931034.4,18,43,1651,25,Monthly,2,9.3,1,799719.3686,
1434,65,Urban,Middle,25,3169.3,8022,480.4,79231.6,155,238,3444,46,Monthly,14,45.0,10,28256.48882,
1435,17,Suburban,Middle,843,13432.3,49716.8,6230.5,11323430.5,341,163,3889,1,Daily,20,67.8,3,1143024.174,
1436,69,Urban,High,509,4751.3,5752.7,1349,2418420.5,129,320,735,19,Monthly,20,33.3,7,250662.4167,
1437,43,Urban,Low,696,10008.2,46866.5,4057,6965692.3,315,107,3612,25,Monthly,18,18.0,6,712100.6472,
1438,64,Suburban,High,465,16012.2,65161.6,2172,7445667.3,161,288,4048,1,Monthly,10,68.0,5,757641.6966,
1439,65,Suburban,Low,61,9776.8,15257.5,1202.4,596386.9,119,292,3476,47,Weekly,5,4.8,7,77525.6243,
1440,45,Suburban,Low,508,16111.6,30211.4,4800.3,8184682.2,332,105,3131,1,Weekly,8,23.1,5,827483.1361,
1441,53,Urban,Low,123,8532.4,30511.9,1930.2,1049489.5,173,69,866,47,Monthly,10,59.0,7,116605.9562,
1442,66,Rural,Middle,497,19987.1,93664.4,2037.9,9933571.3,153,109,659,16,Weekly,2,11.9,10,1006265.069,
1443,19,Urban,Low,55,8722.2,24276.8,1511.7,479721.4,20,180,3123,17,Daily,8,7.0,3,58206.3152,
1444,16,Rural,Low,163,2996.1,8816.1,561.8,488363.6,34,132,1859,50,Daily,12,33.5,6,63510.61644,
1445,23,Suburban,Middle,974,8043.4,15694.2,1732.6,7834244,314,7,2365,47,Daily,4,24.6,2,794118.6182,
1446,44,Rural,Low,699,14854.4,37612.1,6699.6,10383252,60,340,3732,3,Daily,12,57.6,1,1045375.469,
1447,54,Suburban,Low,39,16960.3,36364,4549.4,661450.8,158,149,4711,16,Weekly,14,24.9,2,77267.62885,
1448,18,Suburban,High,697,9207.5,22119,3423.1,6417603.1,364,185,488,32,Weekly,8,48.6,4,647926.0375,
1449,47,Rural,Low,83,11893.6,12873.5,1276.9,987168.1,206,156,4746,22,Monthly,6,40.8,10,118133.8388,
1450,25,Suburban,Low,707,16899.4,19675,7191.9,11947842.2,93,290,1979,12,Daily,2,43.4,6,1205027.736,
1451,25,Rural,Low,546,16272.8,60579.5,3191.6,8884942.3,218,245,2731,6,Daily,12,37.3,5,897399.7381,
1452,34,Suburban,Low,113,13157.9,49041.9,2942.3,1486842.8,323,272,2171,40,Weekly,17,10.6,8,163207.108,
1453,61,Urban,Low,425,16302.4,37836.6,1925.4,6928516.5,89,38,705,45,Daily,10,5.4,2,699417.2625,
1454,49,Urban,Middle,918,11522.5,52333.3,3040.5,10577614.7,173,115,4554,0,Weekly,20,39.6,3,1067482.889,
1455,48,Suburban,Low,230,102.9,212.5,45.4,23670.9,40,337,4772,39,Weekly,2,47.1,2,15441.73629,
1456,38,Suburban,Low,283,834.9,2156.7,210,236283.2,203,119,3998,41,Daily,15,52.5,10,43480.31077,
1457,43,Rural,Middle,917,19596.4,76925.6,9081.8,17969871.2,221,132,1411,30,Monthly,9,52.3,2,1804303.552,
1458,47,Urban,Middle,937,2908.4,11558.7,1300,2725162.3,47,56,2693,35,Weekly,8,53.6,4,284882.5123,
1459,65,Rural,Low,287,8096.3,35985.2,1010.3,2323633.2,243,120,177,24,Weekly,14,2.4,2,234864.8151,
1460,22,Suburban,Low,155,18676.9,20847.8,4148.3,2894917.5,88,50,1358,44,Daily,10,16.9,2,297612.9716,
1461,44,Suburban,Low,165,3908.8,6782,1814.4,644958.5,157,365,4631,49,Weekly,9,52.8,3,79664.2378,
1462,23,Rural,High,962,16877.4,60122.1,1889,16236048.2,162,362,3601,40,Monthly,5,9.8,1,1634089.468,
1463,16,Suburban,High,182,16367.2,38508.7,6650.4,2978824.7,20,82,3932,39,Daily,5,14.2,5,312740.5781,
1464,18,Urban,Low,239,19726.7,23164,9125,4714688.4,148,49,1695,29,Weekly,12,47.8,4,481693.1575,
1465,39,Rural,Middle,649,5640.8,18873.4,2302.6,3660892.1,201,48,3293,37,Daily,14,58.4,1,376300.3158,
1466,38,Urban,Low,339,6313.4,16239.8,2509.7,2140227,312,134,1637,20,Monthly,12,12.5,6,223153.9619,
1467,23,Urban,Middle,938,18058.5,44358.6,7897.8,16938902.3,151,238,2905,18,Daily,2,40.1,7,1707275.416,
1468,69,Urban,Middle,512,4689.2,9647.9,1717.7,2400891.1,100,335,2375,15,Monthly,1,13.9,4,248613.7733,
1469,62,Rural,Middle,932,10962.5,11225.5,2951.5,10217087.4,247,173,4696,32,Daily,0,15.8,3,1035410.86,
1470,52,Suburban,Low,266,14149.8,24471.3,1770.2,3763853.6,113,145,4765,46,Monthly,8,35.2,9,399213.4686,
1471,18,Urban,Low,187,5445,15773.7,2260.7,1018208.7,219,187,3485,5,Daily,3,48.8,3,111901.5015,
1472,66,Urban,Middle,40,18768.9,39469.9,8673.1,750755,344,120,2819,41,Daily,20,41.8,5,88002.11507,
1473,48,Urban,High,822,13317.3,59895.3,4056.9,10946815.7,360,184,4918,36,Weekly,13,7.6,5,1112981.139,
1474,43,Suburban,High,493,952.3,1497,298.1,469491.2,25,357,2336,7,Daily,13,21.3,7,58466.37998,
1475,62,Suburban,High,679,2723.4,12259,711.7,1849184,289,363,3420,0,Weekly,16,67.6,1,190463.1927,
1476,23,Rural,Middle,391,3823.7,10015.5,1693,1495075.9,103,79,1089,12,Monthly,13,45.6,3,154449.7026,
1477,49,Suburban,Low,260,4906.7,10320.6,519.7,1275741.4,79,163,2161,25,Monthly,7,47.7,3,135119.944,
1478,50,Rural,Middle,655,14616.2,32406.7,5113,9573637.6,16,8,3924,15,Daily,6,16.0,10,975938.2199,
1479,47,Rural,High,716,1787.8,4148.2,827.7,1280075.9,341,99,1827,48,Weekly,8,69.0,10,144870.0268,
1480,39,Rural,Low,176,7018.4,21239.4,991.6,1235236.2,59,317,1619,38,Weekly,19,15.7,8,137844.763,
1481,29,Rural,Middle,774,18228.6,44031.6,8816.5,14108899.7,194,356,2323,46,Daily,20,18.8,3,1422858.169,
1482,47,Rural,Middle,764,11137.8,39971.6,5424.9,8509269.3,125,27,2932,45,Weekly,7,37.2,7,865814.1923,
1483,61,Urban,High,329,5317.3,14360.5,2509.3,1749383.9,32,276,785,27,Daily,2,36.2,9,187767.8103,
1484,58,Suburban,Middle,931,19141.6,70566.8,5455.7,17820788,178,313,3936,48,Daily,0,3.3,8,1802279.598,
1485,31,Urban,Low,200,4893.9,16725.8,1239.1,978774.9,219,279,2961,22,Daily,16,53.8,6,109894.6977,
1486,19,Rural,High,711,18102.9,35804.3,6922.2,12871191.4,100,356,3058,6,Weekly,10,7.8,5,1296829.543,
1487,67,Suburban,High,196,14518.1,61717.9,3302.5,2845554.6,103,204,3662,23,Daily,15,4.8,7,298734.8865,
1488,52,Urban,Low,826,14813,62154.3,1886.3,12235550.8,118,160,3714,45,Monthly,5,37.0,9,1244303.723,
1489,69,Urban,High,589,15301.1,75831.2,7047.2,9012369.7,243,178,4850,7,Daily,1,4.4,6,917401.6538,
1490,36,Rural,Middle,531,10136.3,17233.8,3587.7,5382386.2,119,192,4575,44,Weekly,8,15.2,2,552666.8361,
1491,29,Urban,Middle,62,16293.4,71550.2,2979.4,1010192.6,7,40,3497,0,Daily,20,28.8,8,114533.8896,
1492,46,Urban,High,327,16725.5,75062.8,1795.7,5469238.5,10,360,16,3,Daily,10,43.8,4,551160.7778,
1493,63,Urban,Low,906,7216.1,25751.9,2810,6537813.4,316,236,4142,42,Monthly,4,56.6,6,671869.3642,
1494,33,Urban,Middle,281,8012.9,24243.3,3534.6,2251621.2,281,33,4487,40,Monthly,17,21.6,2,238377.7838,
1495,22,Urban,Low,940,17776.2,85842.2,4662,16709672,42,29,1063,18,Weekly,10,34.5,6,1679221.85,
1496,25,Rural,Middle,762,10499.3,51349.8,1389.7,8000495.5,47,33,915,21,Daily,12,68.7,2,805755.3337,
1497,22,Rural,Middle,227,17340.2,61848.9,6232.9,3936225.5,96,100,3915,35,Daily,10,28.7,1,403623.3855,
1498,48,Urban,High,639,12539.1,30573.4,2743.2,8012498.7,246,145,1691,0,Monthly,5,51.4,5,808994.9569,
1499,38,Rural,High,58,11875.4,50692.1,1871.3,688774.3,224,330,283,18,Daily,20,20.3,4,73025.35624,
1500,36,Rural,Low,921,629.3,854,191.4,579593.8,114,65,3005,50,Weekly,15,45.2,4,70661.91205,
1501,34,Suburban,High,477,5565.1,12033.9,1629.1,2654557,32,122,3401,28,Monthly,18,58.1,1,274832.5256,
1502,63,Urban,Middle,376,10046.1,49650.2,3081.2,3777345.8,330,43,1749,18,Monthly,13,65.9,9,391002.6605,
1503,34,Rural,Middle,716,11750.5,50025.7,5047.7,8413336.7,153,209,1377,42,Weekly,8,67.6,8,855592.3288,
1504,51,Rural,Low,243,12612.4,60013.9,3705.8,3064809.9,217,230,1832,5,Daily,12,22.4,1,309626.5305,
1505,44,Urban,Low,367,14327.3,48414.5,6593.7,5258117,246,127,4846,24,Weekly,13,15.3,5,542412.2283,
1506,33,Suburban,Middle,936,13128.1,34536,5733.4,12287907.5,272,356,3125,38,Monthly,3,58.8,9,1246285.439,
1507,17,Urban,High,844,16973,83486.4,6117.9,14325252.8,350,186,3853,22,Monthly,2,45.7,1,1442013.448,
1508,16,Suburban,High,500,5916.5,13239.3,726.2,2958226.1,261,237,3376,0,Weekly,1,30.4,10,311952.3702,
1509,62,Urban,Low,838,12835,51720.6,5724.1,10755716.6,7,91,2366,14,Monthly,20,3.6,10,1089246.042,
1510,20,Urban,Low,252,1032.7,3338.5,477.3,260235,205,43,4816,24,Daily,16,22.8,3,38939.69246,
1511,35,Urban,Middle,906,9609,18391.9,2402.4,8705753.7,264,46,1068,3,Monthly,5,8.9,4,876960.0468,
1512,26,Urban,Middle,322,5368,5743.4,1666.5,1728489.2,289,25,2409,44,Weekly,1,35.9,2,183011.2924,
1513,57,Suburban,Low,376,7623.9,19327.1,1619.4,2866599.2,318,354,4102,43,Weekly,11,59.7,9,307266.4921,
1514,17,Suburban,Middle,409,7099.7,22653.3,751.8,2903780.7,202,195,4055,0,Monthly,11,23.2,1,297281.0507,
1515,18,Rural,Low,711,1218,2110.5,355.4,866004.6,116,349,3260,39,Weekly,20,26.4,4,100359.218,
1516,38,Urban,Low,488,9338.2,24823.1,1417,4557065.8,212,99,2502,20,Weekly,17,56.6,10,470214.4518,
1517,27,Suburban,High,343,19892.6,68843.6,3448,6823175.3,160,256,4637,42,Daily,3,33.4,3,698291.3347,
1518,35,Suburban,Low,240,5985.7,23103.1,1749.5,1436575.6,129,361,368,9,Monthly,5,48.4,10,154683.8512,
1519,20,Suburban,Middle,139,14725.6,17832.2,6579.6,2046852.6,347,330,4774,1,Daily,19,14.4,9,221668.0518,
1520,52,Urban,High,122,10960.3,40078.7,4799,1337155.2,148,294,2433,16,Weekly,20,18.8,3,142778.8814,
1521,53,Rural,High,420,6511.3,7987.2,3164.6,2734726.6,311,246,4778,12,Weekly,19,46.1,7,289006.6523,
1522,45,Suburban,Middle,561,1801.2,2004.3,527.9,1010498.5,78,166,395,26,Daily,19,8.9,2,106165.0293,
1523,24,Urban,Middle,304,4325,6961.7,1387.5,1314799.8,262,257,539,40,Monthly,18,13.4,8,142099.6893,
1524,49,Suburban,Middle,115,15639.3,56529.3,6706.8,1798514,52,310,2667,47,Weekly,2,23.6,2,189698.7931,
1525,68,Suburban,Low,343,5587.6,6768.2,2122.6,1916551.4,258,352,1170,27,Weekly,19,13.8,10,204595.9965,
1526,59,Rural,High,251,2894.6,3136.6,501.1,726546.3,221,278,1307,48,Weekly,7,70.3,9,88050.58291,
1527,50,Suburban,Low,7,6632.7,9762.2,1719.6,46428.6,39,189,3675,9,Monthly,20,19.2,9,20608.75353,
1528,67,Suburban,Low,731,11685,56075,5511.4,8541748.6,248,186,1530,48,Daily,15,68.8,9,869893.966,
1529,37,Urban,Low,589,14072.2,65141.9,2229.8,8288542.7,288,182,1497,9,Daily,0,61.1,6,836279.7004,
1530,59,Urban,Low,179,7753.4,10435.1,1424.6,1387862.7,254,275,3813,45,Monthly,1,24.6,7,157825.2085,
1531,39,Rural,High,145,9968,22089.5,2594.3,1445354.4,116,227,2757,46,Weekly,9,40.0,4,157695.1718,
1532,32,Urban,High,416,9103.8,43599.6,4332.9,3787174.4,197,34,4671,8,Weekly,4,25.0,2,388438.4716,
1533,25,Urban,Low,666,190,264.2,27.6,126524.7,214,207,2906,33,Monthly,18,50.9,3,23840.99033,
1534,45,Rural,Middle,121,7918.1,10914.1,2923.2,958084.5,92,44,884,45,Weekly,11,26.7,3,104080.4889,
1535,61,Suburban,High,124,11750.5,15792.9,1796.1,1457064.9,32,245,5000,38,Daily,17,34.1,1,158928.2334,
1536,38,Rural,Low,150,11403.2,55943,3532.7,1710479.2,93,254,502,3,Daily,5,52.0,3,173083.7512,
1537,47,Urban,Middle,397,14997.9,59578,4718.7,5954147.8,232,109,2984,44,Weekly,13,30.6,4,609046.4782,
1538,32,Rural,Middle,381,13410.8,24916.5,1569.7,5109520.3,131,323,4145,3,Monthly,2,49.9,4,521173.017,
1539,65,Suburban,Low,780,5543.4,6562.2,2669.9,4323826.9,318,114,3593,3,Monthly,12,27.3,3,442162.29,
1540,66,Rural,High,839,5120.3,24889.7,2164.1,4295946,223,278,1993,40,Weekly,6,29.4,10,445542.1097,
1541,32,Urban,Middle,1,9288.2,25096.3,2054,9288.2,13,237,224,10,Weekly,16,23.8,4,5687.224114,
1542,29,Urban,High,673,14662.1,49755.7,2232.3,9867568.8,326,29,2129,0,Weekly,8,71.2,4,994832.425,
1543,24,Rural,High,244,1885.6,3991.4,449.2,460088.3,21,222,2229,44,Monthly,5,36.8,3,55836.07538,
1544,55,Suburban,Middle,887,18967,76502.5,8681.4,16823771.9,14,318,521,20,Monthly,5,16.8,5,1689294.002,
1545,17,Rural,Low,398,10867.6,19422.7,1663.5,4325317.1,345,271,4998,24,Monthly,1,41.3,3,446950.8392,
1546,60,Suburban,Middle,251,6135.1,25446.2,1470.7,1539911.1,327,242,3431,8,Weekly,10,34.3,8,168578.3983,
1547,40,Suburban,Middle,879,13870.9,26665.6,4129.7,12192512.9,107,97,2975,24,Monthly,1,56.3,3,1229072.352,
1548,54,Rural,High,576,904.1,1258.1,102.3,520743.8,128,343,4330,17,Monthly,19,67.4,10,71777.6446,
1549,24,Suburban,Low,299,9693.1,28258.2,2008.5,2898235.2,32,263,1490,6,Daily,14,8.9,3,295810.3346,
1550,69,Urban,High,760,9724.5,41357.1,3289.4,7390645.3,169,340,4842,45,Weekly,1,70.7,8,760039.9292,
1551,37,Rural,Middle,954,3247.9,8247.9,745.7,3098483.2,288,7,2593,25,Daily,6,12.7,1,318445.2358,
1552,58,Suburban,Low,297,16749.4,18683.8,7507.2,4974566.6,81,273,4138,48,Monthly,9,20.4,4,512925.535,
1553,61,Urban,Low,977,15938.3,51213.5,7566,15571693.9,182,288,4477,17,Daily,1,56.1,3,1568766.284,
1554,19,Rural,Low,964,3063.1,11400.6,847.3,2952848.2,358,335,1156,0,Daily,16,12.0,1,296778.2805,
1555,41,Urban,Low,500,7282.9,28860.6,2278.2,3641453.8,190,205,4498,8,Weekly,16,59.0,1,373768.1237,
1556,44,Urban,Low,115,2017.6,5261.3,710.8,232022.5,255,184,3441,9,Daily,17,48.8,7,36570.77284,
1557,60,Urban,Middle,807,16973.7,23560.8,6209.2,13697767.1,341,318,4149,47,Weekly,13,58.2,4,1386709.254,
1558,49,Suburban,Middle,1,6473.2,21602.9,811.1,6473.2,299,58,653,10,Daily,2,41.0,5,5672.43246,
1559,38,Rural,Middle,553,8791.9,20381.4,1068,4861938.9,166,111,2608,31,Daily,16,70.9,2,495114.7382,
1560,52,Rural,High,685,6484.2,31043.4,2893.5,4441677.2,256,186,4874,20,Monthly,14,43.1,3,458124.6965,
1561,26,Suburban,Low,600,6207.4,18689.6,1166.7,3724452,198,131,158,35,Weekly,18,29.1,1,376527.2483,
1562,21,Rural,Low,482,14948.6,43187.4,4987.5,7205211.7,213,89,137,31,Monthly,19,69.6,4,726246.0277,
1563,33,Urban,Middle,610,14953.8,33449.3,5231.9,9121847.9,45,336,532,18,Monthly,15,6.2,8,921587.968,
1564,36,Rural,Low,600,10360.6,24400.7,1717.6,6216351.3,302,118,4992,7,Weekly,14,37.5,3,634849.5252,
1565,57,Suburban,High,763,13155.8,40138.5,5323.3,10037847,360,257,3373,34,Weekly,4,45.9,1,1013905.905,
1566,51,Urban,Low,510,10238.1,22796.9,4570.1,5221455.1,13,110,714,21,Weekly,14,25.5,4,527983.0597,
1567,56,Suburban,Low,335,581.5,2657,124.5,194801.9,52,67,3690,3,Weekly,14,7.5,9,35416.05644,
1568,53,Urban,High,465,1329.5,3664.1,599.8,618202.9,265,148,3145,28,Monthly,17,30.1,10,79637.09839,
1569,49,Urban,Middle,141,7681,16653,1017.1,1083017.3,325,220,2324,30,Daily,4,58.6,8,123312.535,
1570,32,Rural,Middle,583,14997.4,24319.5,6301.7,8743501.5,43,214,420,7,Daily,0,41.6,10,885710.9483,
1571,52,Urban,Low,137,18265.4,67388.4,6503.3,2502358.7,7,62,3044,11,Weekly,0,54.8,3,259453.2601,
1572,40,Suburban,High,959,603.9,666.2,201.2,579110.4,230,56,2104,4,Monthly,2,52.0,4,64688.84622,
1573,53,Rural,Middle,611,7366.9,20627.3,1414.8,4501188.6,44,312,4664,29,Weekly,16,21.3,5,466812.2319,
1574,27,Suburban,Middle,663,4483.4,14349.1,1097.3,2972501.4,172,334,4164,34,Daily,20,19.0,7,314091.884,
1575,38,Urban,Middle,950,16306,38468,7567.9,15490655.9,102,335,3269,36,Monthly,13,57.2,1,1558529.858,
1576,68,Suburban,Low,687,16920.9,67671.3,4844.4,11624660.5,223,96,1175,3,Weekly,8,13.1,3,1166847.625,
1577,57,Suburban,High,167,4136.1,15314.5,1397,690730.9,68,146,719,42,Weekly,3,41.1,1,73282.45234,
1578,37,Urban,Low,343,14219.4,69470.4,6744.9,4877266.8,122,48,4283,20,Weekly,18,68.9,3,499084.1457,
1579,36,Rural,Middle,410,14637.8,44426.7,4195.1,6001499.3,77,294,1686,15,Weekly,2,38.3,6,609613.9901,
1580,42,Suburban,High,769,3549.4,11185,906.2,2729475.8,300,278,3118,17,Weekly,0,58.3,9,288489.1306,
1581,46,Urban,Low,910,8679.6,17214.7,3969,7898419.1,296,203,3571,30,Weekly,3,19.2,6,805289.4774,
1582,21,Rural,Middle,736,12410.6,31546.8,5762.9,9134166.8,205,199,179,37,Daily,13,5.1,8,923174.1849,
1583,42,Rural,Middle,880,531.1,588.1,128.4,467342.9,318,329,1772,31,Monthly,20,25.7,4,55138.46822,
1584,55,Rural,Low,842,8097.8,30424.2,2727.3,6818339.8,171,124,7,47,Monthly,13,41.8,5,689692.8382,
1585,49,Suburban,Middle,65,3107.6,6981.2,1508.7,201995,218,200,4255,32,Daily,7,46.4,8,39589.79284,
1586,27,Suburban,Middle,581,10842.5,34278.3,1324.8,6299498.9,305,75,2517,18,Monthly,15,39.1,1,636024.7776,
1587,60,Suburban,High,67,16859.9,34056.5,1954.4,1129614.8,193,157,4100,19,Weekly,2,31.7,8,130428.6958,
1588,68,Rural,Middle,433,10499.8,36582.9,3219.6,4546426.9,333,134,2887,47,Monthly,6,71.0,2,466644.6679,
1589,22,Suburban,Low,50,729.3,2035,157.9,36465.6,153,312,4476,9,Daily,5,49.9,6,17600.53121,
1590,25,Urban,High,314,602.8,1764.8,200.6,189294.4,41,120,2002,25,Daily,12,68.7,4,27034.10551,
1591,60,Suburban,Low,309,12114,57789,4721,3743228.4,23,12,3755,45,Weekly,1,13.5,10,396060.5794,
1592,32,Suburban,Middle,603,6566.4,25113.9,838.1,3959509.9,186,235,972,17,Weekly,10,72.0,10,409185.0466,
1593,41,Rural,High,115,11457.6,23460.6,5189.7,1317624.4,216,295,4399,44,Monthly,20,50.9,4,148412.3529,
1594,36,Suburban,High,886,3281.1,9894.8,691.5,2907059.7,43,108,2820,44,Weekly,8,70.0,5,303338.6968,
1595,43,Urban,High,569,15539.5,44546.9,3924.3,8841963.2,361,33,3035,14,Monthly,6,44.0,1,890925.3271,
1596,61,Rural,High,342,17215.8,71965.6,4042.5,5887799.1,113,120,3742,35,Monthly,11,11.9,4,602068.1927,
1597,17,Urban,Low,530,17785.6,77072.6,7753.4,9426378.5,231,256,4367,17,Weekly,10,25.7,8,959809.2816,
1598,69,Rural,Middle,784,6088.5,12991.4,1024.4,4773345.6,110,83,4218,30,Monthly,14,4.8,9,496426.5714,
1599,58,Rural,Middle,642,13218.1,56634.3,1473.4,8486020.2,138,181,4606,14,Monthly,11,11.8,2,860488.5868,
1600,16,Suburban,High,495,5588.1,9600.3,2731,2766088.4,105,228,2326,37,Monthly,2,71.9,6,290574.4672,
1601,66,Urban,Middle,269,15257.5,61809.4,7510.6,4104269.9,316,275,3438,28,Monthly,17,66.0,5,423152.2994,
1602,68,Rural,Low,941,2419.3,4826.8,491.3,2276556.4,140,186,2838,41,Daily,7,65.0,8,244254.9083,
1603,51,Suburban,Middle,80,15257.7,33440.6,1582.8,1220613.5,255,341,4815,14,Daily,14,1.1,8,140451.3269,
1604,66,Rural,Low,456,8800.2,38807.6,3153.7,4012880,349,211,1873,0,Daily,15,33.0,8,411452.0486,
1605,41,Rural,Low,299,17112.4,45866.4,6150,5116617.9,75,249,396,36,Monthly,16,56.5,10,525530.1379,
1606,44,Rural,Middle,968,14781.2,73348.3,7038,14308228.6,233,43,2348,40,Weekly,17,17.1,1,1439296.919,
1607,36,Rural,Low,822,7536.6,12117.2,1653.4,6195107.9,212,73,3465,22,Daily,20,30.8,10,638165.2399,
1608,26,Rural,Low,202,18071.7,51565.9,3177,3650493.2,58,342,4698,45,Monthly,12,15.5,4,381046.1375,
1609,55,Rural,Low,503,5673.9,22297.3,1966.3,2853976.4,38,19,4311,10,Daily,20,50.2,2,296217.6388,
1610,26,Suburban,Low,737,19340.1,19755.3,6294.6,14253655.7,262,165,0,37,Daily,15,51.0,4,1431961.325,
1611,51,Rural,High,671,15346.4,24668.1,5940.5,10297431.5,212,267,1194,15,Daily,6,21.1,6,1037743.945,
1612,64,Urban,Middle,716,19813.6,21427,8996.4,14186530.6,138,128,3040,29,Daily,4,34.9,4,1429984.073,
1613,54,Suburban,High,649,1087.6,5406.8,352.3,705822.1,282,355,1099,28,Monthly,11,33.1,5,79580.94995,
1614,55,Urban,Low,485,5488,22185.2,878.2,2661670.6,58,301,3551,40,Daily,8,56.2,3,280091.487,
1615,50,Rural,Middle,585,14827.9,36984.2,5030.4,8674305.4,273,318,2671,2,Monthly,0,48.9,2,872668.523,
1616,69,Urban,Low,560,18445.8,29977,4604.8,10329632.1,53,351,761,39,Weekly,20,5.8,7,1045365.393,
1617,49,Rural,Middle,18,585.1,796.7,164.5,10532.3,206,142,4362,16,Weekly,2,11.7,6,15540.74619,
1618,62,Rural,High,478,10.2,31.9,4.9,4868.8,5,34,95,25,Daily,9,60.6,3,3813.37253,
1619,39,Suburban,Middle,992,5132.3,25166.5,1652.5,5091231.8,323,98,4016,8,Weekly,10,69.6,10,527188.5061,
1620,69,Suburban,Low,488,17057,63084.5,2726.7,8323838.3,107,210,2800,16,Weekly,16,46.2,9,848395.2265,
1621,37,Rural,Middle,983,15345.4,37758.2,4254.7,15084518.9,243,316,1573,36,Monthly,17,26.9,6,1520574.025,
1622,20,Suburban,Middle,779,6812.1,20459.6,1303.7,5306662.1,148,320,4407,30,Monthly,8,16.7,5,546696.6642,
1623,48,Urban,High,446,50.2,250.8,7.7,22391.5,179,198,266,30,Daily,17,53.8,8,12642.85007,
1624,51,Suburban,Low,340,11098.6,34128.8,4271.8,3773513,174,256,3664,10,Weekly,19,46.3,2,386366.2062,
1625,62,Suburban,Middle,531,4766.7,23151.1,1675.2,2531133.6,323,42,1121,37,Weekly,12,65.5,6,263242.0307,
1626,35,Urban,High,612,14914.7,15890.8,4461.2,9127810.2,139,104,2604,21,Monthly,9,65.1,6,923836.7278,
1627,34,Suburban,Middle,116,8932.5,34692.6,2405.5,1036173.5,175,322,3205,45,Daily,18,22.8,7,120365.3616,
1628,50,Rural,Low,858,13575.3,47630.8,3107.2,11647566.6,253,189,4650,2,Weekly,0,58.0,3,1175390.838,
1629,67,Urban,Middle,74,17047.7,63780.7,2304.9,1261526.4,250,322,1117,48,Weekly,8,19.0,6,138868.6386,
1630,58,Rural,Middle,792,10719.8,35185.4,2355.2,8490112,136,343,3251,27,Daily,19,56.5,3,860391.2427,
1631,32,Urban,Middle,269,6725.8,7914.2,2928.1,1809227.1,22,62,1894,31,Monthly,15,12.9,8,195515.5108,
1632,60,Rural,Middle,637,15393.2,24602.2,6364.6,9805452.8,38,143,2303,3,Monthly,13,25.7,5,988721.9254,
1633,58,Rural,Low,116,5311.1,24903.7,2596.7,616086.8,27,222,3005,39,Monthly,7,7.1,6,75249.5645,
1634,49,Suburban,High,686,17831.5,34445,6462.6,12232382.3,282,20,2801,37,Weekly,7,22.0,9,1239317.588,
1635,24,Rural,High,693,1437.8,7148.6,462.2,996422.2,279,280,3916,10,Weekly,5,23.6,9,116658.0981,
1636,41,Suburban,Middle,738,16711,62137.5,3650,12332731.4,120,265,1652,0,Monthly,9,48.5,5,1240991.59,
1637,17,Urban,Low,669,1840.2,5111,240.6,1231093.1,253,248,4653,46,Monthly,7,51.8,10,146330.1866,
1638,68,Rural,Low,164,1132.2,5298.8,393.1,185677.2,359,116,4776,15,Weekly,13,42.8,7,35901.38656,
1639,24,Rural,Low,583,7271.5,30394.5,2147,4239288.1,65,255,2437,33,Monthly,18,55.7,6,437897.1958,
1640,24,Urban,Low,222,19131.4,51958.3,7722,4247175.6,74,297,2773,44,Weekly,13,33.1,10,444330.1991,
1641,55,Urban,Low,126,19669.9,25066.8,5207.5,2478405.7,303,13,4832,31,Monthly,5,45.6,4,264068.3573,
1642,32,Rural,Low,657,4049.4,18113.8,2001.3,2660448.8,317,46,4045,43,Monthly,1,26.5,1,279414.4554,
1643,16,Urban,Middle,176,2981.3,12104.4,772.3,524702.6,174,334,2095,45,Weekly,16,38.0,4,65042.18439,
1644,40,Suburban,High,973,7065.5,29413.4,1647.9,6874767.6,260,242,2658,32,Daily,20,11.0,2,696246.3839,
1645,58,Urban,High,664,6748.4,26854.7,3025.9,4480915,285,71,2842,10,Monthly,6,44.4,8,461227.1896,
1646,55,Urban,Middle,694,15194.3,31953.8,3923.2,10544817.6,73,59,3333,35,Daily,5,15.6,2,1064284.208,
1647,57,Rural,High,375,8885.5,39410.8,3983.9,3332077.7,79,204,2300,12,Daily,14,33.7,9,347003.3731,
1648,40,Suburban,Low,991,15599.9,15739.2,1730.7,15459474,44,51,1726,19,Monthly,3,48.2,10,1560188.573,
1649,54,Urban,Low,859,14976.8,29191.3,5646.8,12865049.6,233,16,512,24,Monthly,3,31.4,6,1295759.618,
1650,50,Suburban,High,498,11570.4,13725.3,1489.6,5762071.9,3,51,795,5,Daily,8,16.8,5,582916.5632,
1651,18,Suburban,Low,85,16671.9,24047.3,2655.7,1417112.1,79,224,4959,36,Daily,11,48.3,9,162500.19,
1652,65,Suburban,Low,876,3921,12270.8,1490.1,3434794.6,181,128,4251,25,Monthly,2,61.5,2,355893.8652,
1653,52,Rural,High,383,3244.6,3728.1,700.5,1242678.7,139,170,1626,3,Weekly,12,36.5,1,126886.6729,
1654,59,Urban,Middle,633,15015.5,25909.6,2765.5,9504810.7,303,267,3281,44,Monthly,17,40.6,9,968678.8655,
1655,59,Rural,High,641,4903.5,9468.5,2062.5,3143139.2,7,68,4419,25,Weekly,16,28.8,10,333783.7627,
1656,66,Urban,High,463,65.9,238.5,31.5,30493.1,324,121,1064,17,Daily,17,42.4,4,9150.849052,
1657,45,Urban,High,451,18240.1,52445.4,3519.5,8226277.8,213,180,361,12,Daily,3,36.2,2,824780.6212,
1658,53,Rural,High,518,12462.5,35314.4,2827.5,6455581.1,1,226,2419,7,Daily,15,54.0,6,655729.1119,
1659,49,Suburban,Middle,846,8904.3,36273.7,3433.8,7533041.7,184,328,2998,50,Monthly,19,18.1,1,763604.5751,
1660,27,Suburban,Middle,695,14517.5,41039.2,6186.1,10089643.6,251,191,2682,46,Weekly,12,35.5,4,1021612.914,
1661,34,Urban,Low,550,6673.3,15975.6,3334.4,3670315.7,215,301,3733,32,Monthly,10,23.5,4,381182.3525,
1662,52,Rural,Low,929,19073.8,92504.1,3993.1,17719545.8,77,251,751,42,Daily,18,7.7,10,1787112.559,
1663,59,Suburban,High,116,1381.7,1427.6,445.8,160279.5,43,6,1336,15,Monthly,10,28.4,7,26186.69035,
1664,64,Suburban,Low,614,12822.6,28486.2,1969.6,7873048.4,157,262,1301,41,Weekly,0,68.7,3,796972.0424,
1665,32,Urban,Middle,8,15548,53447.4,3612.4,124384.1,18,91,4417,38,Monthly,7,33.7,8,30849.17129,
1666,25,Urban,Low,218,9387.8,38783.3,1107.6,2046546.3,343,194,1960,30,Monthly,10,39.7,2,212903.9609,
1667,64,Rural,Low,719,15101.8,64419.1,2783.8,10858206.7,220,329,4650,39,Weekly,19,53.7,4,1102891.827,
1668,62,Urban,Low,590,18538.9,21955.5,5610.2,10937973.9,73,64,3105,22,Weekly,17,70.9,8,1109146.328,
1669,27,Suburban,High,880,14882.4,57096.9,2463.1,13096545.5,190,294,4209,15,Daily,6,30.2,4,1321533.556,
1670,31,Suburban,Low,404,6194.2,24039.9,2823,2502474.4,363,226,1,9,Weekly,11,37.8,5,255156.0626,
1671,39,Suburban,Middle,567,11241.3,20867.4,4318.1,6373822.2,262,334,749,35,Daily,0,69.8,10,651723.5144,
1672,34,Suburban,Middle,304,18233,26457.8,2025.6,5542818.1,144,63,3079,30,Monthly,18,31.4,8,570077.5554,
1673,23,Rural,Middle,467,8987.5,35938.6,4050.5,4197145.5,129,71,2848,43,Daily,10,57.1,8,436274.5958,
1674,46,Rural,Middle,952,13637.2,27247,6694.9,12982569.6,278,20,3601,31,Monthly,20,32.5,5,1311660.983,
1675,36,Urban,Low,993,9315.6,9378,2801.6,9250429.9,302,333,4668,20,Weekly,2,17.2,6,940379.6041,
1676,32,Urban,High,740,2435.7,4613.9,550.1,1802395.6,190,245,4178,15,Daily,12,67.5,9,197330.0382,
1677,38,Urban,Middle,88,1181.4,1328.2,242.6,103960.3,151,64,1033,28,Daily,19,51.6,2,17250.68077,
1678,52,Rural,Middle,10,19046,38030,2570.6,190459.6,307,293,433,49,Daily,4,62.3,3,27806.76036,
1679,69,Suburban,High,308,12254.7,28677,3635.3,3774450.7,95,364,617,47,Weekly,9,9.2,9,389935.4446,
1680,31,Urban,High,434,2085.3,4349,250.3,905002.9,38,225,789,44,Monthly,17,51.0,3,98817.77616,
1681,21,Suburban,Middle,802,17150.2,80258.6,5171.4,13754457.8,156,266,3622,15,Daily,6,46.5,5,1388483.906,
1682,23,Urban,Middle,164,10458.6,20186.5,2102.4,1715216.3,300,162,2917,14,Monthly,1,35.4,3,179925.0243,
1683,40,Urban,High,239,15440.9,44317.6,4486.7,3690380.6,347,45,4416,7,Monthly,11,11.1,10,387116.0936,
1684,33,Urban,Middle,317,2543.9,12286.1,680.1,806402.5,42,319,797,14,Monthly,6,30.4,4,86475.33522,
1685,40,Urban,Middle,996,18139.1,81930.8,4027.7,18066583,316,269,1778,20,Daily,11,44.9,3,1814923.198,
1686,27,Urban,Low,656,11814.8,26430.1,3301.7,7750511.1,126,25,2926,20,Monthly,3,49.1,10,792699.3864,
1687,30,Suburban,High,335,14767.8,34054,4277,4947223.4,313,300,3757,6,Daily,10,9.3,4,505077.2808,
1688,41,Urban,Low,18,637.3,2149.7,276.2,11471,77,225,3240,18,Monthly,19,32.5,1,10115.59272,
1689,56,Suburban,Low,71,6312.9,29490.6,2312.5,448219.1,96,74,651,21,Monthly,7,31.2,8,55134.38354,
1690,60,Rural,High,175,5356.2,5570.5,1463.7,937340.9,263,116,1296,45,Daily,1,56.8,10,108985.7769,
1691,41,Urban,Low,854,18992.4,48857.6,8776.3,16219513,307,152,2753,37,Daily,17,3.9,7,1635849.3,
1692,62,Suburban,Middle,800,3714.9,16342.3,1494.5,2971934.4,225,69,4464,12,Weekly,17,56.8,6,311137.4742,
1693,47,Rural,Low,811,14144,37366.7,1842.8,11470754.8,111,202,471,25,Weekly,1,56.6,7,1155357.398,
1694,25,Rural,High,339,864.6,3355,139.6,293114.1,238,303,4851,43,Weekly,3,50.5,8,50417.1606,
1695,31,Rural,Middle,936,3961.7,14926.5,525.6,3708155.8,205,91,1318,21,Monthly,20,64.9,1,374233.6491,
1696,22,Suburban,Middle,248,6778.6,12349.4,1542.4,1681083.2,288,50,4974,6,Weekly,7,34.0,7,183947.1598,
1697,32,Urban,Middle,193,15892.2,44472.3,4358.6,3067189.2,263,289,983,34,Weekly,10,7.8,9,318868.6984,
1698,38,Urban,Middle,419,15801.6,51588.3,4767.3,6620883.7,76,92,4743,2,Weekly,7,24.5,4,675552.0625,
1699,41,Suburban,Low,325,19052.5,73578,8393.9,6192066.1,143,360,2650,34,Monthly,4,44.4,2,629807.7191,
1700,36,Urban,Low,306,18336.2,78654.1,1965.3,5610871.8,315,235,3609,46,Weekly,7,23.9,1,572831.0648,
1701,37,Suburban,Middle,780,1639.5,6623,444.8,1278791.9,85,316,1611,15,Daily,0,45.9,8,138531.1491,
1702,22,Urban,High,204,16599.1,18478.8,4388.8,3386207.4,252,29,2594,44,Monthly,20,4.1,9,356187.4058,
1703,29,Rural,Middle,853,9029,33249.6,4324.8,7701702.8,333,172,206,15,Monthly,11,6.0,3,772870.6578,
1704,30,Urban,Low,123,17319.1,51771.2,3401.7,2130244.7,232,173,4884,1,Daily,10,1.7,8,230305.5408,
1705,68,Suburban,Middle,570,1794.8,5914.8,267.4,1023054.3,295,236,3236,37,Weekly,9,70.3,8,120379.0732,
1706,22,Suburban,Low,851,16457.2,41009,2582.2,14005038.3,319,42,123,16,Weekly,1,19.6,1,1401446.619,
1707,24,Rural,Middle,447,3201.3,12344.4,986.2,1430960.5,130,149,4368,37,Daily,20,57.5,8,161966.6308,
1708,66,Suburban,High,713,6683.5,24699.2,1713.4,4765331.4,285,288,473,23,Weekly,12,64.0,2,480678.909,
1709,63,Urban,Middle,491,586.7,1946.6,235.6,288059.6,317,213,353,21,Weekly,11,12.2,2,31498.82029,
1710,23,Urban,High,433,2483.3,11041.9,569.4,1075279.5,29,175,2144,49,Weekly,17,15.1,4,118655.5108,
1711,65,Rural,High,624,8920.1,12555.9,1348.6,5566117.7,228,99,536,22,Monthly,17,28.1,10,569072.4365,
1712,38,Suburban,Middle,128,16368.6,36077.9,4169.9,2095178.7,294,120,1084,43,Daily,9,36.8,7,220890.9319,
1713,44,Rural,High,548,15475.7,46125.5,7013.8,8480661,7,303,1117,18,Weekly,1,39.0,2,853237.2024,
1714,33,Urban,High,746,4713.6,22787.5,1236,3516347.3,30,17,3027,43,Daily,18,28.4,5,365433.9714,
1715,46,Rural,Low,822,3042.3,3918,1318.7,2500764.1,215,29,961,21,Monthly,20,42.6,4,257617.1647,
1716,45,Suburban,Low,47,7791.4,18296.6,1937,366194.7,115,48,757,16,Weekly,13,53.3,6,45072.98968,
1717,67,Rural,High,505,17666.5,83095.6,3755.1,8921599.8,215,289,2936,1,Daily,18,50.7,3,900012.2849,
1718,54,Suburban,Middle,115,1837.6,8437.8,753.3,211322.5,164,128,1788,13,Monthly,8,3.1,9,34221.76306,
1719,50,Suburban,High,416,10862.9,48459,1995.4,4518946,170,68,1319,27,Monthly,19,43.1,1,457909.7483,
1720,33,Urban,Middle,767,1785.3,3987.5,344.1,1369295.6,221,39,681,12,Daily,5,51.6,8,146285.7509,
1721,57,Urban,Low,995,9409.5,41282.9,1128.4,9362492.6,260,133,851,37,Weekly,17,15.2,6,946372.8665,
1722,54,Urban,Middle,223,2544.6,7688,445.7,567437.4,212,119,3909,16,Weekly,16,43.9,4,69764.97508,
1723,32,Suburban,High,636,1615.9,5622,406.5,1027734.9,261,324,749,8,Daily,17,8.9,9,113635.7038,
1724,29,Rural,High,949,3825.1,7479.2,993.9,3629999.2,302,52,4265,39,Monthly,19,48.2,1,376356.5504,
1725,46,Suburban,High,503,5112.6,19564.2,1371.5,2571621.6,331,136,862,13,Daily,6,45.0,9,269110.2852,
1726,39,Urban,High,672,5532.5,12784.5,1614.8,3717870.2,130,247,2346,1,Daily,1,18.1,2,377682.4412,
1727,50,Urban,High,958,12908.9,30665.4,4244,12366732.2,105,169,707,41,Monthly,9,63.1,6,1247820.589,
1728,59,Rural,Middle,933,1109.1,3934.2,194.9,1034778.8,54,70,3967,20,Daily,0,58.3,8,119114.1527,
1729,60,Urban,High,96,1625.4,3184.6,561.7,156035.8,108,36,4952,34,Monthly,18,53.5,2,30409.0464,
1730,49,Urban,Low,107,3782.2,7177.8,887.4,404699.3,315,288,2715,29,Monthly,18,33.6,5,53635.02303,
1731,18,Urban,High,632,17442.5,43199.1,6865.5,11023685.8,289,5,919,16,Daily,1,17.1,10,1114796.151,
1732,52,Rural,Middle,613,12575.8,51714.9,4060.5,7708973,255,360,2856,38,Daily,14,56.5,10,789928.1397,
1733,58,Suburban,High,615,14610.1,27740.6,4700.2,8985205,278,148,1340,24,Daily,16,16.2,4,907446.0801,
1734,55,Urban,High,678,7413.5,30760.8,2774.1,5026379.8,47,237,1674,43,Weekly,2,35.6,5,513404.1587,
1735,41,Rural,Middle,926,4272.3,16159.5,996.3,3956126.4,134,68,263,38,Monthly,6,27.9,10,408545.8982,
1736,38,Urban,High,698,768.8,2857.3,208.9,536655.6,24,231,3732,34,Monthly,18,15.3,4,68387.03588,
1737,59,Rural,Middle,32,9775.8,28340.3,3256.9,312826.5,117,150,479,5,Monthly,20,44.6,3,34570.59917,
1738,54,Urban,High,493,11489.9,45770.5,3086.4,5664509.1,239,221,2853,2,Monthly,11,70.7,4,576259.8279,
1739,30,Rural,Low,66,17941.1,18911.3,4982.3,1184111.7,307,261,1119,35,Monthly,13,34.8,5,128263.3812,
1740,64,Urban,High,179,17643,39210.4,3687.3,3158103.9,41,266,1417,47,Weekly,20,36.5,1,323436.1749,
1741,19,Suburban,Middle,779,8499.5,31588.7,1827,6621076.5,250,114,4619,46,Monthly,16,27.5,4,677888.1897,
1742,44,Urban,Low,443,8477.3,41955.8,3217.8,3755454,323,165,3426,0,Weekly,20,17.2,9,389559.1876,
1743,37,Rural,Middle,916,3230.8,3263.3,328.6,2959455.6,89,56,401,33,Daily,18,21.1,8,305805.1988,
1744,40,Urban,High,549,5156.4,15674.9,712.2,2830866.5,92,342,1494,0,Daily,4,63.2,5,290723.3553,
1745,28,Suburban,Low,201,18514,86929.7,8877.9,3721317,81,356,2699,25,Weekly,7,68.3,3,381695.2884,
1746,33,Urban,Middle,870,2829.3,12602.2,494.6,2461499.6,130,250,3850,17,Monthly,8,59.7,2,257499.4815,
1747,48,Rural,Low,49,19374.3,21167.3,5177.8,949340.9,91,243,3937,35,Monthly,1,2.9,8,112244.2843,
1748,31,Rural,Low,787,10099.7,31493.3,4442.6,7948482.5,100,2,4628,5,Monthly,14,44.2,8,811687.7981,
1749,60,Suburban,Middle,951,9137.6,9294.3,914.1,8689828.5,78,143,3758,10,Monthly,19,40.0,5,882325.5859,
1750,57,Rural,Low,680,3501,14558.3,1645.7,2380694.4,43,169,3148,43,Monthly,15,56.0,7,254853.8005,
1751,59,Urban,Middle,263,13234.2,29585.1,1606.6,3480597.1,123,63,709,39,Weekly,16,56.4,1,353660.4314,
1752,17,Urban,Low,133,9202.3,37383.1,1549.2,1223907.5,288,154,3426,29,Weekly,9,32.1,6,136227.7454,
1753,50,Urban,Low,810,7419.6,35459.3,828.3,6009839.3,23,350,1939,13,Weekly,11,21.4,10,615845.4044,
1754,57,Rural,Low,344,5297.7,25981.6,1630.7,1822401.6,144,255,979,9,Daily,8,7.9,9,192708.7265,
1755,49,Urban,High,176,1339.1,6128.2,639.1,235676.5,258,66,424,30,Daily,12,44.4,7,32430.85502,
1756,45,Urban,High,391,10391.4,18876.7,4526.6,4063025.3,7,285,4179,35,Weekly,1,20.4,5,421311.6846,
1757,28,Urban,Middle,11,6265,11141.7,2229.7,68915.4,277,188,791,14,Weekly,5,69.5,6,13533.77854,
1758,28,Suburban,Low,201,14160.2,49605,2466.6,2846205.3,186,193,4752,29,Daily,20,4.3,7,304022.9563,
1759,33,Rural,Middle,945,14473.2,45970,6481.7,13677185.3,95,296,2948,47,Weekly,20,69.5,6,1383430.022,
1760,47,Rural,High,926,6648.8,6902.4,2672.2,6156806.5,25,11,4152,13,Daily,2,36.2,5,629360.6954,
1761,47,Rural,High,809,13385.7,34359.9,2767.4,10829049.5,291,180,1635,46,Daily,16,44.1,2,1092691.676,
1762,50,Suburban,High,3,5180.9,23970.9,2186.5,15542.8,227,343,3783,22,Weekly,13,42.4,3,12277.1089,
1763,54,Rural,High,214,14546.2,66817.1,6558.3,3112887.4,173,90,968,16,Weekly,10,54.4,4,317102.513,
1764,61,Suburban,Middle,808,331.4,601.7,125.7,267756.8,135,223,4496,26,Daily,5,7.5,5,42047.47089,
1765,67,Suburban,Low,307,3040.7,7686.3,426.2,933482.4,288,335,951,43,Weekly,4,64.0,1,99537.6917,
1766,44,Rural,Middle,980,4907.7,15908.2,2422.9,4809568.7,309,226,521,12,Monthly,8,57.2,10,490960.3296,
1767,64,Urban,Low,544,15461,68200.5,2016.1,8410773.3,69,103,1974,13,Daily,9,61.4,7,852664.1699,
1768,44,Urban,High,560,1336.9,4181.7,483.7,748642.3,281,337,1882,25,Daily,11,35.5,8,88291.87903,
1769,68,Rural,Low,327,3769.3,18366.9,543.6,1232548.8,351,355,4612,42,Monthly,12,50.5,7,141297.2987,
1770,59,Rural,High,764,7178.9,30124.1,3317.8,5484676.4,342,356,4544,10,Monthly,9,33.5,5,563394.0818,
1771,31,Suburban,Middle,199,193.4,930.8,46.4,38488.2,358,232,3131,37,Monthly,0,10.3,1,12859.29111,
1772,59,Rural,Low,916,15244.8,59850.6,4643.6,13964235.2,333,267,3151,0,Weekly,6,22.4,9,1409930.375,
1773,62,Suburban,Middle,601,11206.5,50546.9,1922,6735107.7,231,284,4095,23,Monthly,12,20.8,2,683746.0456,
1774,25,Rural,High,109,18014.6,77895.3,5739.9,1963589.3,342,190,2653,19,Monthly,18,12.8,10,213338.524,
1775,45,Urban,Middle,291,630.3,1270.3,299.7,183420.3,317,48,2474,7,Weekly,19,18.1,1,22563.92099,
1776,40,Urban,High,108,5435.1,10425.3,2503.7,586990.8,307,284,3624,7,Monthly,19,36.4,2,68574.98266,
1777,54,Rural,High,408,14627.7,65203.6,1836.6,5968110,258,302,521,29,Daily,19,31.0,4,603908.7432,
1778,35,Suburban,High,552,13506.2,18080.9,3394.2,7455442.8,173,55,4321,17,Monthly,14,24.4,2,757674.2103,
1779,20,Urban,Middle,973,4868.7,12825.4,1007.7,4737262.8,32,339,4196,12,Monthly,19,65.4,6,489190.344,
1780,16,Suburban,Middle,52,11917.8,51039.5,3486.5,619725.5,200,119,4651,45,Weekly,13,56.3,8,81362.74599,
1781,45,Rural,Low,112,15877.2,67525.1,6882.6,1778248.1,80,2,222,46,Weekly,5,1.2,9,190069.6428,
1782,64,Rural,Low,295,677.3,1053.3,267.9,199797.7,353,224,1749,35,Monthly,0,41.5,8,33713.54305,
1783,18,Urban,Middle,580,14355.4,42360.5,3410.7,8326127.2,75,236,2798,18,Monthly,7,50.7,8,847738.2432,
1784,60,Rural,Middle,189,5049.4,14740.9,1277.8,954340.4,264,203,2475,12,Daily,3,4.8,9,109268.9857,
1785,29,Urban,Middle,844,18957.5,43505.4,6857,16000169.9,85,144,3136,40,Weekly,12,9.1,8,1617488.858,
1786,45,Suburban,Middle,721,10769,50277.6,1913.5,7764465,217,11,3325,47,Daily,2,20.8,2,789117.5342,
1787,65,Urban,High,65,677.4,2447.1,95.6,44030.3,121,259,881,25,Daily,1,44.6,7,14119.77477,
1788,19,Urban,High,574,8074.6,39733,1591,4634807.8,20,298,2341,8,Monthly,10,66.5,3,469985.4681,
1789,33,Suburban,High,465,19326.6,24488,2891.5,8986856.9,149,157,220,33,Monthly,5,35.5,1,902317.5461,
1790,52,Urban,Middle,258,14610.2,37656.2,3518,3769420.3,7,197,2360,30,Monthly,12,70.7,10,393428.7819,
1791,40,Urban,High,646,6016.6,26115.2,2858,3886707.6,86,92,4677,41,Daily,1,67.5,9,409496.1914,
1792,63,Rural,High,634,11509.6,30969.4,1704.8,7297082.1,147,333,3648,6,Daily,13,46.3,8,745292.6146,
1793,16,Suburban,Low,331,11986,24541.6,5122,3967377.9,316,153,251,8,Weekly,10,33.5,6,401968.2781,
1794,68,Urban,Low,501,476.7,2379.5,149.6,238841.6,187,134,1787,39,Weekly,7,49.4,2,31265.81304,
1795,61,Suburban,High,683,3584.9,16105.1,1266,2448472.3,325,116,279,25,Weekly,9,57.2,1,247552.6117,
1796,30,Suburban,High,210,11040,35172.3,1855.1,2318404.4,301,67,4389,50,Weekly,14,68.0,10,255149.5407,
1797,24,Urban,High,808,8061,26172.8,1294.2,6513307.1,318,150,4274,32,Weekly,12,54.5,6,667826.8015,
1798,30,Rural,Middle,89,3808.9,3913.4,628.8,338988.2,193,256,2236,32,Weekly,6,28.8,5,46305.96941,
1799,64,Suburban,Low,679,15455.6,76103.3,5669.5,10494385,282,41,2101,39,Daily,6,36.0,2,1057632.276,
1800,39,Urban,Low,28,9785,41343.4,3905.3,273980.2,188,181,3649,3,Monthly,20,4.3,1,35218.13673,
1801,19,Suburban,Low,238,6206.4,7118.2,2905.2,1477114.4,18,188,1650,27,Weekly,3,3.0,3,155933.7055,
1802,27,Rural,High,336,3241.9,5528.5,840.6,1089288.5,315,39,2363,3,Daily,3,21.0,5,116592.2312,
1803,52,Rural,Middle,63,12227.2,52382.7,3482.1,770310.8,149,311,2230,46,Daily,17,58.2,9,94036.4339,
1804,52,Rural,Low,960,13328.6,17959.7,3836.5,12795420.9,46,327,3331,33,Monthly,15,23.7,8,1295530.152,
1805,58,Urban,Low,767,13395.2,63857.1,2785.7,10274155.5,12,217,23,48,Weekly,19,9.3,9,1039668.642,
1806,21,Urban,Middle,908,4413.5,22065.8,1020.8,4007498.3,230,130,4946,39,Monthly,12,26.3,5,418751.3861,
1807,54,Rural,High,553,11910.8,54143.4,5225.6,6586680.6,113,264,255,47,Monthly,1,22.7,4,667568.5793,
1808,61,Urban,High,500,18109.1,71632.5,4300.7,9054537.6,160,114,1237,5,Monthly,14,71.2,3,909433.4059,
1809,39,Rural,Low,541,7070.2,20851,3164.9,3824989.1,227,63,3942,32,Weekly,6,70.0,3,394676.6503,
1810,26,Urban,Low,791,4223.2,5615.7,938,3340575.7,183,97,3567,4,Weekly,8,53.3,4,345168.6604,
1811,28,Rural,Middle,469,15445.3,60573,3644.4,7243831.1,55,330,1063,18,Weekly,18,59.9,5,732686.3182,
1812,49,Suburban,Low,592,3545.9,9174.9,1149.3,2099166.9,266,18,794,17,Daily,7,19.0,10,221289.0932,
1813,40,Rural,Middle,51,5082.4,16675,717.9,259204.3,35,205,1486,2,Daily,20,39.2,7,33633.35103,
1814,22,Rural,Low,112,2021.9,4394.7,947.9,226450.7,80,213,2483,33,Daily,9,71.9,9,37801.96894,
1815,67,Urban,Low,873,5364.8,10561.3,2297,4683477,6,97,5000,1,Weekly,3,23.9,4,480737.3227,
1816,19,Urban,Low,301,8212.6,18865.9,3023.9,2471992,127,279,1234,0,Monthly,11,71.0,5,252378.6342,
1817,23,Urban,High,90,1292.5,5500.1,640.1,116326.4,68,236,3985,34,Monthly,7,14.4,5,27289.55177,
1818,35,Urban,Middle,229,17435.5,47179.8,1855.1,3992720.6,190,168,2854,50,Daily,0,45.0,4,413955.9294,
1819,44,Urban,Middle,150,10278.4,23093.7,2717.8,1541753.9,244,60,1994,3,Monthly,8,56.5,3,160660.9663,
1820,69,Urban,High,755,11766.2,32143.8,5216.4,8883474.7,9,85,2333,34,Daily,6,43.1,7,900983.6301,
1821,68,Suburban,High,138,7432,8391.8,2030.5,1025616.3,157,261,2291,7,Monthly,8,22.9,5,110638.7055,
1822,66,Rural,High,135,13400,61136.4,1368.1,1809000.8,71,355,761,43,Weekly,6,58.8,2,188596.1936,
1823,60,Rural,Middle,457,8641.3,27713.1,1409.4,3949081.8,134,166,4238,28,Daily,1,15.3,9,413929.2862,
1824,61,Rural,Low,601,15228.7,21614.1,4167,9152426.1,300,228,1784,35,Daily,20,31.6,1,923113.0828,
1825,25,Suburban,High,494,16429.8,35383.7,6032.7,8116335.5,320,60,319,13,Monthly,19,20.9,4,815598.9666,
1826,58,Rural,High,527,13440.3,66317.1,2218.5,7083019,249,164,3992,41,Weekly,15,36.2,7,726454.3605,
1827,49,Suburban,High,333,9831.8,33155.1,2745.2,3273989.1,323,230,4528,48,Weekly,9,28.5,8,346975.0449,
1828,41,Suburban,Low,362,15647.6,33886.7,1644.8,5664418.3,44,82,3650,29,Weekly,9,13.7,10,586505.6971,
1829,56,Suburban,Low,174,9890.8,26758.3,2878.2,1720992.8,116,157,4217,49,Weekly,13,53.7,6,189598.2915,
1830,64,Rural,High,602,2239.1,4554.1,1026.3,1347928,228,191,4889,6,Daily,8,13.5,7,151172.3815,
1831,18,Suburban,Low,213,2335.6,2632.8,791.1,497491.5,57,362,2779,12,Weekly,18,39.7,9,64836.5886,
1832,21,Rural,High,343,18972.2,82872.7,5241.3,6507456.7,244,244,4845,21,Monthly,18,58.1,6,667242.0469,
1833,20,Rural,Low,61,4279.1,9285.3,705.6,261026.6,57,242,3615,44,Daily,20,35.3,7,43518.94294,
1834,20,Urban,Middle,876,16320.3,71052.9,2953.5,14296618.3,143,222,1996,1,Monthly,1,64.0,2,1434881.807,
1835,69,Urban,Middle,732,4941.6,14401.1,645.4,3617281.3,192,168,1296,7,Weekly,19,31.4,7,370397.9865,
1836,62,Suburban,Low,61,8621.3,14928.4,3422.3,525898.9,7,121,3245,20,Daily,18,69.9,7,66426.60324,
1837,38,Suburban,Middle,819,13102.4,55128.1,1714.5,10730876.1,275,2,2285,19,Monthly,10,2.8,2,1081364.76,
1838,64,Rural,Middle,678,3185.8,7991.3,807.8,2159941.7,134,118,109,10,Weekly,5,57.2,5,220723.6368,
1839,24,Suburban,Middle,524,14747.6,56496.7,5898.1,7727720,39,136,411,33,Daily,16,51.3,4,779117.1648,
1840,50,Suburban,High,216,13801.4,60021,5315.3,2981093.8,193,330,70,43,Weekly,4,44.4,7,309359.6618,
1841,35,Rural,Low,589,10866.2,52722.3,3596.9,6400207.7,327,127,3727,4,Weekly,10,22.0,4,650226.9409,
1842,64,Suburban,Low,744,11322.1,15208.6,3719.6,8423669.4,25,241,717,47,Weekly,3,44.4,9,855490.9919,
1843,57,Suburban,Low,624,2124.4,2195.6,289.2,1325612,102,108,2470,29,Weekly,0,43.2,9,147321.3367,
1844,50,Rural,Middle,578,8724.6,27863.8,1482.9,5042832.4,151,299,2288,32,Monthly,15,11.6,5,516955.1209,
1845,65,Rural,High,694,1740.6,3580.3,546.4,1207950.2,217,112,3674,11,Weekly,3,63.5,8,135499.4725,
1846,33,Urban,Low,423,6164.2,17730.7,1474.7,2607451.2,230,163,718,4,Daily,14,39.0,3,263588.6766,
1847,32,Rural,Middle,716,18007.2,23240.8,1937.1,12893183.6,267,275,126,0,Monthly,2,7.3,4,1292578.306,
1848,39,Urban,High,423,11494.9,34557.8,4819.4,4862352.3,162,19,425,34,Weekly,11,28.8,2,491128.1273,
1849,18,Suburban,High,371,14856.6,22276.4,5371.1,5511814.1,287,233,2325,24,Daily,20,16.4,3,560568.6192,
1850,47,Rural,Low,206,11482,49996.6,2644.5,2365287.6,166,20,2541,3,Daily,14,13.0,4,245135.1538,
1851,50,Rural,Low,286,3892.8,15718.9,542.2,1113338.7,247,241,2435,8,Monthly,10,68.2,9,124749.825,
1852,53,Rural,Middle,105,11900.2,15426.2,4004.2,1249522.9,174,260,2818,48,Monthly,2,48.9,4,139010.4456,
1853,28,Suburban,Low,754,15110.2,65659.9,3617.7,11393096.6,9,49,535,43,Monthly,18,22.4,1,1144753.366,
1854,62,Urban,Middle,747,2776.7,6386,561.3,2074206.9,276,154,3533,50,Monthly,10,49.2,2,220733.0967,
1855,40,Suburban,High,688,16340,39402.8,6349.5,11241896,59,3,2334,2,Weekly,7,58.0,7,1135461.977,
1856,24,Suburban,High,723,11112.3,19104.4,2569.8,8034185.4,85,308,2492,29,Monthly,18,23.5,2,812092.8205,
1857,19,Rural,High,543,95.5,414.4,14.7,51835.5,150,292,1144,19,Monthly,1,70.9,3,10274.85507,
1858,29,Urban,High,747,10400.4,27236.7,3043.8,7769077.8,321,169,1721,9,Daily,1,63.6,10,790644.1288,
1859,52,Suburban,Low,242,7919.5,9466.5,3416.4,1916512.5,60,198,3490,19,Monthly,11,57.6,3,201881.9243,
1860,49,Rural,Low,491,5936,28878.5,2611,2914559.2,125,179,3870,39,Daily,7,51.8,8,310460.4373,
1861,26,Suburban,Middle,665,15427.4,31218.2,6784,10259242.2,41,103,1779,2,Weekly,5,3.8,7,1036327.008,
1862,56,Suburban,Middle,708,17991,85362.1,4828.2,12737629.9,337,219,3147,10,Daily,2,2.6,1,1279698.685,
1863,18,Rural,Middle,498,15255.4,33637.5,6352,7597206.8,173,16,905,14,Weekly,10,12.7,8,769347.5864,
1864,43,Rural,Middle,435,16937,73264.4,7453.8,7367588,260,47,2131,27,Daily,15,66.1,3,746459.3093,
1865,44,Urban,Middle,781,18176.5,66469.4,5158.8,14195870.8,326,336,2923,43,Daily,10,16.4,5,1433151.465,
1866,24,Suburban,High,484,18253.5,81139.1,4152.6,8834674.6,173,46,1847,34,Monthly,9,50.8,7,897120.5933,
1867,18,Rural,High,447,2301.6,11288.2,876.4,1028822.6,186,100,306,6,Daily,9,70.6,3,104874.7654,
1868,40,Rural,High,384,9133.1,40970.7,4217.6,3507128,241,183,3516,32,Weekly,16,67.5,8,368326.1264,
1869,49,Urban,Middle,510,15.7,41.1,7.7,8020.6,339,354,3730,41,Daily,10,29.4,8,18345.06307,
1870,27,Urban,High,170,10134.2,43151.5,2189.9,1722811.8,94,216,4432,48,Monthly,13,49.4,9,194447.1921,
1871,57,Rural,High,950,18485.6,71106.9,8918.7,17561354.4,63,134,516,37,Monthly,8,54.9,6,1765471.718,
1872,24,Urban,High,869,3990.1,4973.3,1195.9,3467357.6,221,340,100,18,Weekly,15,40.0,2,348454.9391,
1873,30,Rural,High,323,12799.3,60400.6,2846.7,4134185.1,8,317,2147,43,Monthly,5,38.1,8,429272.5045,
1874,55,Suburban,Low,848,12891.1,36918.2,6385.7,10931684.3,213,9,2220,28,Daily,16,16.9,10,1110204.936,
1875,40,Urban,Middle,474,3215.5,4944.8,1450.6,1524135.7,209,213,2829,1,Weekly,2,49.0,2,158790.0898,
1876,20,Suburban,Middle,232,4778.2,12908.3,1801.2,1108533.9,209,139,1908,43,Monthly,1,21.9,9,127538.567,
1877,26,Suburban,Low,696,9245.8,31551.9,4234.4,6435087.6,85,222,27,18,Daily,10,22.9,2,645541.8944,
1878,49,Suburban,High,359,3772.3,12417.6,1405.5,1354257.7,207,321,4852,8,Monthly,17,19.9,7,151452.7122,
1879,39,Rural,High,275,11704,38613.6,3232.2,3218608.1,347,91,3336,5,Monthly,2,5.7,3,331166.8771,
1880,30,Suburban,High,942,9696,19618.4,4646.5,9133621.8,153,315,2362,16,Weekly,14,60.9,1,918922.0499,
1881,53,Suburban,Middle,911,10388.8,36680.8,5041.7,9464170.9,161,112,4133,1,Weekly,4,62.3,8,962186.7718,
1882,23,Suburban,Middle,32,2698,12490.9,608.9,86336.2,116,113,3676,38,Weekly,10,52.4,7,24493.02901,
1883,20,Rural,Middle,177,10349.9,26440.5,2502.2,1831925.9,362,198,3224,5,Daily,2,66.9,3,192273.3726,
1884,63,Suburban,Middle,917,999.1,3519,252.9,916146.3,251,263,2375,13,Monthly,14,45.8,1,96757.2106,
1885,41,Suburban,Middle,65,17631.9,34839.7,7561.6,1146072.9,183,317,47,48,Weekly,2,46.4,10,128854.9906,
1886,33,Urban,Low,710,6871.6,8198.6,2861.7,4878808.5,164,313,3713,25,Daily,6,64.0,4,500019.7903,
1887,21,Rural,Middle,27,17128.2,57258.2,8448.4,462460.9,328,342,5,17,Daily,6,15.8,5,52877.27089,
1888,52,Suburban,High,663,14036.1,16705.8,4015.5,9305941.5,80,162,769,5,Daily,10,31.9,3,934893.3521,
1889,63,Urban,Middle,815,15325.8,59683.8,6049.2,12490518.9,7,84,1362,11,Monthly,15,51.0,5,1257643.664,
1890,28,Rural,Low,479,6297.7,23184.6,2787.9,3016619.6,325,45,3340,37,Weekly,3,20.1,1,311913.9076,
1891,43,Rural,High,268,4562.6,11302.9,860,1222777.2,87,45,816,21,Monthly,10,17.2,7,131921.9464,
1892,20,Rural,Low,597,8140.7,21533.6,2834.8,4860024,8,271,3828,13,Daily,13,64.8,2,496060.8767,
1893,28,Rural,High,66,494.3,2308.8,157.7,32622.1,36,210,7,12,Monthly,7,71.7,5,7023.295511,
1894,32,Rural,Middle,133,18375.9,19341.3,7297.6,2443998.2,251,174,4872,8,Weekly,16,28.4,10,264333.5892,
1895,65,Rural,Low,905,7746.4,25200.7,2929.5,7010505.7,100,247,4758,49,Daily,17,17.8,2,715488.9457,
1896,55,Suburban,High,916,19771.2,92795.2,8405.1,18110461.8,79,174,2532,41,Monthly,5,29.7,8,1827091.564,
1897,60,Suburban,Middle,366,15231.4,70916.5,3418.8,5574682.9,286,36,2759,31,Weekly,20,22.6,3,568249.2593,
1898,47,Suburban,High,82,1619.5,5406.9,302.1,132798.6,271,302,328,9,Weekly,19,59.3,1,15327.19262,
1899,44,Suburban,Low,893,13207.2,33347,5574.5,11793997.2,221,298,4495,26,Weekly,19,65.0,6,1195406.206,
1900,66,Urban,Low,831,5424.1,7569.9,1324.7,4507406.2,196,158,4875,13,Weekly,9,28.8,8,468956.4293,
1901,18,Suburban,Low,982,4881.9,8275.5,1049.8,4794060.9,226,139,1912,8,Daily,5,43.6,7,488997.7913,
1902,55,Rural,Low,328,5138.7,19109.2,1206.2,1685489.6,87,33,2385,8,Daily,11,6.6,6,177697.7968,
1903,49,Suburban,Middle,98,18322.3,19541.4,2318.5,1795589.3,58,251,3980,25,Monthly,16,33.8,5,194451.1053,
1904,55,Suburban,High,585,10004.6,45360.3,4094.5,5852693.2,170,326,2466,31,Weekly,12,1.5,8,600979.6416,
1905,42,Rural,Middle,327,13392.7,44888.9,5170.4,4379420.5,97,171,3037,40,Weekly,0,48.6,10,457227.2563,
1906,28,Suburban,Low,542,5626.1,6642.2,1806.4,3049371.7,146,110,1194,34,Daily,3,13.5,4,313557.39,
1907,60,Suburban,High,125,10463.9,20499.4,4043.6,1307982.4,358,167,100,25,Monthly,15,63.3,7,139745.8274,
1908,48,Suburban,Low,210,7008.5,23666.3,1746.9,1471785.4,18,125,2461,40,Monthly,18,45.7,2,155674.37,
1909,21,Urban,Middle,987,6429.6,7345.2,1402.6,6345985,184,214,322,44,Daily,4,66.9,9,646694.4974,
1910,39,Suburban,Middle,784,4946.9,20381,2201,3878375.3,143,295,4124,41,Daily,12,67.6,8,405770.1782,
1911,34,Rural,Middle,725,8186,38308.2,2201.9,5934884.7,334,181,3649,2,Daily,9,13.0,4,604053.3729,
1912,31,Rural,High,133,13204,63971.8,2355.1,1756132.3,62,83,4846,29,Daily,4,37.4,7,194443.5383,
1913,55,Suburban,High,503,4448.7,17503.8,1777.8,2237673.5,163,362,3076,28,Daily,15,14.9,1,232700.9444,
1914,43,Suburban,Low,157,19309.2,85487.8,4525.1,3031548.4,40,319,606,19,Daily,0,33.2,5,309959.7537,
1915,48,Suburban,High,559,2501,8610.5,462,1398052,179,25,516,3,Monthly,11,33.0,2,141283.3084,
1916,63,Rural,High,869,9609.3,27234.6,1065.5,8350518.3,235,246,1108,13,Daily,14,53.2,2,838365.0723,
1917,56,Rural,Middle,875,1709.7,6586.7,834.8,1495999.8,60,41,4335,44,Daily,4,70.3,2,163512.0292,
1918,28,Urban,Low,382,463.1,878.3,132.9,176896.5,228,59,838,38,Monthly,5,45.7,2,24442.70031,
1919,58,Urban,Middle,22,18454.3,26558.3,3039.5,405995,239,177,1121,20,Monthly,10,58.9,5,49044.38673,
1920,60,Urban,Low,974,16209.6,65606.8,6534.5,15788142.6,56,30,3965,6,Weekly,19,29.7,4,1589601.893,
1921,40,Rural,Low,953,13886.2,67108.3,6319,13233516.1,234,45,3341,5,Weekly,13,6.2,1,1330114.716,
1922,68,Urban,High,595,17305.2,57278.7,5385.1,10296572.8,84,309,1336,39,Monthly,1,37.5,6,1041013.044,
1923,57,Suburban,Middle,419,16058.9,47055.4,1788.1,6728695.8,203,154,1259,5,Daily,9,65.2,3,678380.6498,
1924,51,Suburban,High,472,12948.3,40626.7,3186,6111589.1,41,40,3280,24,Monthly,11,18.1,8,625930.2732,
1925,42,Rural,High,234,16948.4,49385.1,3342.9,3965919.3,17,140,1861,3,Daily,8,19.7,2,400661.3792,
1926,53,Urban,High,572,7822.1,21657.8,2773.4,4474243,105,257,644,36,Daily,8,8.4,8,459960.6987,
1927,22,Suburban,Low,454,11059.5,52954.5,3401.3,5021017.2,25,70,2228,24,Daily,9,71.8,6,514039.2441,
1928,20,Rural,Middle,700,15528.4,45328.4,3762.5,10869915,93,136,596,17,Monthly,6,30.4,5,1093528.166,
1929,58,Urban,Middle,570,1705.1,2258.3,612.8,971914,215,236,2810,33,Daily,1,22.2,10,114975.5571,
1930,60,Suburban,High,771,17174.3,69763.2,5732.3,13241402.9,184,112,4536,24,Monthly,0,66.8,6,1340617.805,
1931,66,Urban,Low,162,3145,8070.9,1454.9,509496.6,217,33,467,21,Daily,20,58.6,6,58186.58137,
1932,46,Rural,Middle,301,17292.2,66449.9,5857.2,5204946.1,151,196,964,45,Daily,18,63.3,4,530786.3486,
1933,38,Urban,Middle,306,6233.5,20684.6,1889.3,1907464.5,258,178,1637,13,Monthly,18,68.5,1,195141.9237,
1934,57,Rural,High,2,6542.4,25206,2809.7,13084.8,301,360,2786,36,Monthly,0,61.8,2,11825.02359,
1935,25,Urban,Low,271,1488.2,1857.3,269.3,403311.5,119,134,2813,10,Daily,1,71.0,8,54745.60385,
1936,47,Suburban,High,421,17719.1,20120,3498.2,7459755.2,134,191,226,26,Daily,3,46.4,9,756865.3017,
1937,58,Rural,Middle,143,3498.5,8795.7,1446.4,500280.2,207,335,2808,25,Weekly,15,18.1,4,61715.59837,
1938,68,Rural,Low,700,12604.7,47553.3,3490.7,8823288.3,263,6,1304,34,Monthly,12,12.9,8,895691.2672,
1939,45,Rural,High,864,12882.9,24409.6,3397.2,11130836.2,322,293,513,15,Weekly,11,43.8,10,1124342.102,
1940,54,Urban,Middle,853,5630.2,15390.8,2560.8,4802576.4,190,179,211,39,Weekly,4,26.5,6,488145.3701,
1941,46,Urban,High,960,19713.4,97053.6,6782.3,18924828,158,283,769,19,Weekly,2,10.3,1,1895210.166,
1942,33,Suburban,High,977,1292.7,2403.7,544.4,1262951,76,106,3311,14,Monthly,19,57.6,6,139618.0453,
1943,51,Rural,High,994,12161.4,53409.9,5155.6,12088393.3,52,246,430,13,Daily,1,25.8,7,1217043.318,
1944,17,Rural,Low,736,9596.1,41280.8,1420.3,7062717.2,226,325,3258,45,Daily,4,32.6,1,717272.384,
1945,29,Urban,Middle,879,4917.2,22449.2,1777.5,4322242.8,94,231,259,7,Monthly,0,44.4,9,442058.1858,
1946,28,Urban,Middle,692,3279.4,15283.9,1577.4,2269343.9,292,215,1754,23,Weekly,13,29.5,6,238340.7552,
1947,44,Suburban,Middle,535,14744.3,44664.7,4305.5,7888209.2,291,273,2397,32,Monthly,14,62.5,8,804443.9363,
1948,27,Suburban,Middle,867,18327.1,68318.7,7200.2,15889625.5,322,105,4802,15,Daily,3,70.8,8,1606762.387,
1949,54,Urban,Low,37,2159.8,7506.7,705.6,79914.4,178,23,45,26,Monthly,11,28.4,9,17995.97896,
1950,17,Rural,High,107,3887.7,8692,707.3,415980.1,106,295,876,27,Weekly,9,13.7,1,45573.2078,
1951,47,Suburban,Middle,297,19725.5,41801.4,3512.7,5858483.1,76,161,2917,43,Monthly,17,20.7,6,599537.8898,
1952,28,Urban,Low,741,310.3,734.3,84.9,229934.7,4,194,1955,13,Daily,8,48.9,9,36888.78499,
1953,61,Urban,High,825,10170,19056.8,2981.8,8390214.4,311,266,1600,8,Daily,4,6.8,8,848555.256,
1954,42,Rural,Low,97,10327.1,41613.4,3111.1,1001728.3,187,83,2274,45,Daily,8,48.9,4,112054.1451,
1955,64,Urban,Low,281,5270.6,25606.1,2540.4,1481038.3,20,168,1739,12,Weekly,18,38.5,5,157235.2468,
1956,56,Urban,Middle,110,13263.9,59304.3,1858.3,1459034.2,275,329,3190,50,Daily,19,4.2,9,163925.2185,
1957,32,Suburban,Middle,549,18899.4,35375.1,4766.6,10375753.4,136,143,333,21,Daily,16,30.2,5,1044169.809,
1958,55,Urban,High,552,9009.8,10880.8,2755.4,4973396.6,27,43,1530,29,Monthly,14,17.4,9,511431.2943,
1959,46,Urban,High,597,14990.9,60389,7274.3,8949564.9,136,344,555,31,Monthly,13,10.2,1,899631.9607,
1960,49,Suburban,Middle,814,12924.9,33098.9,3899.8,10520904.8,18,12,2048,15,Weekly,17,67.8,10,1067016.792,
1961,39,Rural,Low,188,9464.1,40681,3881.3,1779252.3,285,22,730,50,Weekly,13,21.7,9,190937.1788,
1962,60,Rural,Middle,752,1005.7,4140.6,402,756322.4,302,18,4823,24,Monthly,19,36.1,10,96918.30645,
1963,50,Suburban,High,870,14837.6,51955.9,4845.6,12908693.4,138,62,4033,48,Daily,2,44.5,9,1310290.823,
1964,63,Suburban,Low,488,7271.4,14698.1,1107.3,3548441.5,232,189,1163,22,Monthly,20,45.7,6,364544.6082,
1965,21,Rural,Low,354,4497.6,6369.3,843.3,1592167.7,340,79,1299,36,Monthly,1,28.1,7,171836.2221,
1966,34,Rural,Low,19,18965.9,38132.7,3718.4,360351.9,257,167,4462,27,Daily,19,20.1,6,53200.78113,
1967,45,Rural,Middle,859,15472.3,47021,1786.5,13290723.2,219,150,4719,2,Monthly,20,41.1,4,1341680.683,
1968,22,Rural,Middle,393,19245.8,94647.8,4843.9,7563580.1,132,223,2020,22,Monthly,5,57.4,7,769005.9961,
1969,25,Rural,High,837,5131.8,6439.1,1766.4,4295296.9,357,105,3686,32,Daily,8,64.5,2,440359.346,
1970,56,Suburban,Low,261,16717.5,30096.3,2636.5,4363269.7,256,254,1940,38,Daily,0,43.0,3,446407.5456,
1971,47,Urban,Low,985,12158.4,42665.1,2067.1,11975975.6,96,7,4396,24,Weekly,14,38.5,4,1210701.069,
1972,49,Rural,Middle,410,19630.3,43529.3,7514.4,8048406.1,274,163,3071,24,Weekly,0,69.6,3,814297.5806,
1973,43,Rural,High,403,18926.9,83922.1,3174.1,7627530.9,334,290,3499,38,Monthly,2,15.4,9,781837.2765,
1974,30,Urban,High,670,19459.6,30311.6,2999.4,13037952.9,301,195,1210,20,Weekly,15,2.2,4,1310331.441,
1975,45,Urban,Low,484,19035.8,92373.9,9349.2,9213344,15,319,4253,30,Daily,14,36.0,10,940696.5343,
1976,52,Urban,Middle,304,163.1,758.5,17.3,49594.8,179,130,1354,48,Daily,14,5.1,1,11992.14606,
1977,44,Urban,Low,624,14824.3,67452.3,3412,9250361.5,260,109,3328,29,Weekly,4,5.2,8,941676.3235,
1978,37,Urban,Middle,656,5446,9216.1,620.7,3572557.6,88,219,2130,38,Daily,9,3.3,4,368213.3373,
1979,19,Urban,High,768,14103.5,32691.7,6138.1,10831481.6,94,319,4109,44,Daily,10,44.9,9,1102800.586,
1980,35,Suburban,Low,967,19612.4,82693.6,6539.1,18965208.1,333,130,3267,44,Monthly,7,45.4,9,1915721.519,
1981,47,Urban,Low,18,796.8,3371.4,95,14342.3,28,244,1235,41,Daily,14,19.2,9,16168.07376,
1982,51,Urban,Low,184,11344.1,43342.4,3926.7,2087312,185,307,4203,33,Monthly,19,32.9,9,229035.2357,
1983,65,Suburban,High,405,14701.7,41050.2,2194.1,5954194,75,297,4726,37,Daily,11,30.7,7,614573.771,
1984,19,Urban,Low,799,5074.6,11399.5,1513.7,4054639,54,85,2778,6,Monthly,3,36.0,9,420403.6125,
1985,42,Rural,High,897,4510.2,21882.7,1658.7,4045638.2,321,255,4260,26,Weekly,9,15.2,7,421881.2346,
1986,32,Rural,Middle,131,1216.3,1893.8,193.9,159336.2,47,327,2908,12,Monthly,15,58.7,8,30015.9187,
1987,27,Urban,High,479,1887.5,2217.8,564,904092.4,248,237,4442,28,Daily,14,21.5,2,103454.5377,
1988,37,Suburban,Middle,793,13138.4,13618.3,3717.7,10418775.6,234,1,1048,22,Monthly,4,24.2,4,1049920.161,
1989,32,Rural,High,757,10109.2,41448.6,4713.9,7652634.3,118,265,1959,7,Monthly,11,47.2,4,772577.2647,
1990,25,Suburban,High,8,611.1,749.8,304.5,4889.2,260,194,1578,20,Monthly,10,70.7,4,7482.212138,
1991,69,Rural,Low,705,19393.5,61178.4,7016.4,13672444.7,230,364,3698,12,Weekly,10,15.5,3,1378001.356,
1992,16,Urban,High,318,13124.4,32406.3,5800.2,4173545.5,290,357,349,25,Daily,12,26.4,1,420960.5465,
1993,37,Suburban,Low,391,10314.2,16375.2,3700.3,4032858.7,241,122,1478,42,Monthly,8,27.6,6,415729.2772,
1994,41,Suburban,Middle,519,5461.8,21641.6,2460.6,2834652.1,332,364,1820,9,Weekly,15,38.6,5,290850.4958,
1995,33,Suburban,Middle,136,13165.4,16062.1,3598.2,1790494,182,4,1241,28,Monthly,15,60.3,3,186011.8762,
1996,65,Rural,Low,531,7289.7,16573.7,2501.8,3870839,317,149,3930,26,Monthly,0,52.5,7,404216.9214,
1997,29,Rural,Middle,913,14052.9,45654.4,6156.1,12830259.6,101,61,875,3,Daily,18,15.6,6,1289302.91,
1998,62,Rural,High,651,13654.6,35633.9,6379.9,8889152.9,248,282,3720,41,Weekly,18,51.6,4,904069.3636,
1999,44,Urban,Low,367,1863.9,3796.1,204.8,684069.1,349,117,1541,30,Monthly,20,10.0,9,83338.29764,
2000,27,Rural,Low,489,18186.1,85547.6,2574.8,8893013.4,358,172,3705,16,Daily,3,14.6,4,901672.1321,
2001,51,Urban,Low,689,9744.6,46032.4,4604,6714039.9,113,334,3701,7,Monthly,4,29.0,9,688085.768,
2002,50,Suburban,Middle,11,7865,20955.3,2575,86514.7,221,238,3538,36,Daily,2,25.5,3,20814.97258,
2003,67,Suburban,Middle,998,19109.7,49207,9479.9,19071468.9,339,138,819,19,Weekly,18,62.8,7,1916473.471,
2004,27,Urban,High,553,8769.8,19552.6,3657.5,4849701.4,148,218,3909,46,Weekly,12,71.8,7,502577.9738,
2005,22,Rural,High,446,14427.2,63811.9,6164.1,6434533.9,296,82,4016,9,Weekly,12,15.4,1,652106.4657,
2006,44,Urban,Low,114,13106.2,42879,3334.9,1494104.3,197,219,208,50,Monthly,18,47.7,1,154778.9164,
2007,26,Suburban,High,692,3311.2,4496.8,672.2,2291316.2,69,337,1884,49,Weekly,12,42.4,2,238484.0721,
2008,48,Suburban,Middle,706,19822.9,87484.3,6726,13994998.5,288,202,4502,43,Weekly,4,55.6,4,1415717.634,
2009,21,Urban,High,196,9277.5,29127,4189.8,1818380.3,24,75,2128,33,Daily,16,50.7,2,191301.3107,
2010,62,Rural,Middle,860,7901.7,21037.2,3083.9,6795465.1,186,47,3988,38,Weekly,17,20.6,10,699620.7638,
2011,30,Rural,High,737,18393.1,43250.6,5313.2,13555695.3,170,344,106,10,Daily,11,60.7,10,1364376.207,
2012,47,Urban,Middle,843,10589.5,14801,4249.3,8926926.9,291,339,2695,46,Weekly,16,35.0,5,906627.6037,
2013,66,Urban,Middle,323,14104.5,68079.7,5305.5,4555749.8,32,236,2485,11,Monthly,17,67.2,2,462585.6451,
2014,26,Rural,High,936,16926.5,67113,7874.5,15843165.1,301,151,3085,9,Monthly,0,40.8,8,1599272.092,
2015,38,Suburban,High,773,4717.5,7204.2,969.1,3646653,176,123,4786,12,Weekly,1,21.6,6,379211.3509,
2016,41,Urban,Middle,512,3397.6,10346.1,501.9,1739590.2,364,246,4029,33,Daily,12,64.6,3,185994.2129,
2017,49,Rural,Low,628,1379.5,4445,397.3,866295.3,342,254,1425,29,Monthly,9,59.7,2,92346.67775,
2018,61,Rural,High,981,17943.7,29993.9,4386,17602764.5,177,54,4605,14,Monthly,2,68.2,9,1779620.582,
2019,49,Suburban,Middle,662,4015.3,10877.1,1967.3,2658153.9,290,187,1117,7,Monthly,14,64.4,1,267498.8312,
2020,44,Suburban,High,630,6162,22078.4,634.7,3882062.1,144,281,2129,37,Daily,0,18.4,6,402104.3213,
2021,19,Suburban,High,165,5723.3,12225.2,2709.1,944341.3,11,67,4056,35,Weekly,11,58.9,7,111934.6917,
2022,32,Suburban,High,252,6098.7,14188.3,2939.8,1536875.9,147,141,240,39,Monthly,3,43.2,9,165816.0304,
2023,50,Suburban,High,779,13364.5,19888,1608.9,10410978.2,348,21,164,21,Monthly,1,29.6,7,1048440.811,
2024,28,Urban,High,44,19082.7,50625.8,8698.4,839640.1,310,22,1496,4,Monthly,19,1.5,4,89478.86414,
2025,56,Rural,Low,470,6595.8,21999.7,1901.6,3100013.9,195,175,3101,31,Monthly,18,50.5,2,319310.6444,
2026,54,Urban,Low,489,8158.9,11961.7,3316.3,3989685.8,76,191,2506,19,Monthly,18,61.6,6,409710.8254,
2027,30,Urban,Low,181,15425.2,53358,2031.5,2791966.3,160,285,303,22,Monthly,19,43.9,10,290812.4533,
2028,44,Urban,Middle,77,8652.4,22420,4171.2,666237.5,100,305,4774,39,Weekly,19,23.1,7,85121.1225,
2029,44,Urban,Low,374,18521.6,68765.7,6353.3,6927076.5,116,363,4890,45,Monthly,12,5.1,6,712817.5677,
2030,26,Urban,Low,628,10069.3,22750.1,4626.6,6323538.5,83,281,911,48,Monthly,7,47.8,4,641864.4847,
2031,67,Suburban,Middle,957,6961.2,22791,2570,6661887.3,312,332,2972,1,Monthly,10,29.7,7,679157.4,
2032,47,Suburban,Low,67,19431.7,67063,6115.6,1301926.2,63,305,4019,18,Weekly,7,36.3,10,147742.3298,
2033,17,Rural,High,525,8521.4,32057.7,1440.1,4473724.3,132,261,2761,25,Daily,11,41.1,6,458998.3999,
2034,62,Urban,Low,92,4631.2,18653.3,792.8,426069.1,248,157,605,35,Daily,16,55.6,6,53107.06056,
2035,29,Rural,Low,758,3562.2,5505.1,1029.6,2700177.4,131,261,1038,13,Monthly,7,39.1,2,274062.1714,
2036,35,Suburban,Low,779,19903.7,96751.2,8920.4,15504962.6,158,39,406,6,Weekly,20,38.3,2,1553095.41,
2037,37,Suburban,High,651,15062.2,65890.9,2200.4,9805507.8,216,337,1071,15,Weekly,2,35.2,6,989336.4458,
2038,26,Suburban,High,853,8179.1,26576.2,4084.3,6976780.3,326,30,4209,9,Daily,6,31.4,1,706869.2775,
2039,42,Urban,High,244,16529,75396,7444.1,4033076.8,34,258,4621,42,Daily,12,45.2,8,424437.0137,
2040,18,Urban,High,341,10940.7,27676.9,2812,3730763.2,332,271,4917,21,Weekly,17,2.7,9,393558.3939,
2041,32,Suburban,Middle,903,6354.6,7226.1,1278.8,5738219.7,298,51,4443,25,Monthly,9,52.3,8,591764.5455,
2042,59,Rural,High,785,14870.3,58114.9,6971.2,11673171.6,279,279,1452,4,Weekly,5,23.3,10,1180574.272,
2043,43,Rural,High,304,14920.4,71220.9,2227.4,4535812.5,296,234,2453,11,Daily,3,27.5,6,464087.7467,
2044,44,Suburban,High,398,10008.4,16488,2391.2,3983336.4,15,26,2987,23,Weekly,12,44.6,10,415810.3461,
2045,36,Rural,High,703,912.7,3263.4,121.9,641638.8,115,11,2789,23,Monthly,14,18.6,1,70961.36419,
2046,62,Suburban,Middle,448,1549.7,6591.9,746,694256.4,57,24,3669,14,Monthly,16,47.8,8,84663.62563,
2047,31,Rural,Low,97,15777.1,72894.4,5475.4,1530378.9,142,216,200,23,Daily,12,10.1,2,155967.6622,
2048,52,Suburban,Low,331,16471.3,34690.4,3862.1,5451997.9,207,327,782,23,Weekly,14,47.1,4,552777.7273,
2049,35,Rural,High,205,13569,20556.2,2852.1,2781647.5,140,138,2760,41,Weekly,5,51.9,1,288120.0916,
2050,21,Urban,High,449,16783,33421.6,4659.6,7535558.4,107,225,4921,25,Monthly,18,50.7,1,764406.1649,
2051,34,Suburban,High,418,14392.6,47652.1,1965.3,6016087.8,291,353,3713,33,Weekly,11,56.0,5,616250.6488,
2052,20,Suburban,Low,649,17939.7,83866.6,8175.8,11642880.3,78,110,938,17,Monthly,19,37.7,6,1172966.864,
2053,18,Rural,Low,77,3016.5,10045.2,918.1,232267.5,2,328,3116,42,Monthly,19,62.4,9,40474.11492,
2054,16,Suburban,High,896,7761,36309.5,3027.1,6953814,274,206,3617,36,Weekly,6,17.6,3,709132.7158,
2055,53,Suburban,Low,549,9287.6,37894.7,1797.1,5098878.5,35,71,2420,5,Daily,8,28.2,2,515890.9215,
2056,30,Suburban,Middle,798,5960.3,20226.6,1797,4756318.8,265,210,763,44,Weekly,10,68.9,2,483032.2377,
2057,49,Urban,High,425,14510.1,15775.3,2676.2,6166782,218,185,2894,24,Weekly,15,57.0,8,631945.8182,
2058,50,Urban,High,429,18249.7,42563.7,7782.3,7829100.7,67,90,1254,16,Daily,6,53.7,9,795518.6224,
2059,64,Rural,Middle,485,8255.5,10153,3385.7,4003926.8,69,247,4619,15,Weekly,13,51.5,8,419036.1225,
2060,40,Urban,Middle,815,18831.4,43104.6,2999.5,15347610.5,224,233,1798,28,Monthly,0,8.8,3,1543115.765,
2061,39,Rural,Low,135,10340.2,12918.4,1342.2,1395928.4,361,33,4966,0,Weekly,19,68.5,10,157551.8336,
2062,27,Urban,Middle,654,10455.1,17473.2,4492.3,6837627.1,294,147,1269,44,Monthly,16,21.8,10,698320.8286,
2063,33,Rural,High,254,12008.4,31735.1,1727.5,3050130.7,326,170,4193,41,Daily,5,11.3,8,323939.4385,
2064,30,Urban,Low,560,5373.9,16441.8,1716.4,3009405.3,203,214,2840,44,Weekly,1,2.3,10,320048.4348,
2065,59,Urban,Middle,255,7673.4,14338.2,2407.9,1956711.1,81,314,712,19,Weekly,8,28.5,6,203070.4696,
2066,31,Rural,Low,646,11069.2,43505.4,2005.5,7150714,66,228,673,25,Daily,15,48.8,6,723654.3378,
2067,42,Suburban,Low,802,18840.2,63330.7,6340.5,15109870.8,297,146,4604,20,Daily,19,28.8,9,1530276.027,
2068,23,Suburban,Low,720,12857.4,48434.5,3871.4,9257345.7,280,146,941,49,Monthly,10,58.4,8,940068.8501,
2069,61,Urban,Low,499,6669,26216.3,2025.2,3327831,261,22,942,49,Daily,19,13.9,1,338576.7746,
2070,40,Rural,Middle,613,219.3,856.8,53.5,134410.5,277,89,4471,26,Monthly,5,13.1,7,30731.98917,
2071,32,Suburban,High,484,19633.5,93159.7,8547.9,9502612.2,6,180,3743,35,Daily,20,19.9,6,964837.7136,
2072,44,Rural,High,46,9864.8,19225.2,1319.4,453779,132,300,1916,34,Monthly,12,4.9,5,55605.12803,
2073,68,Suburban,Middle,443,18770.5,39054.4,5170.3,8315339.6,265,265,3836,15,Daily,11,60.6,3,842655.9166,
2074,23,Rural,High,582,10991.4,15133,2241.4,6397001.3,325,50,2428,28,Monthly,14,10.6,1,646504.0082,
2075,30,Urban,Low,648,12113.2,40825.8,5322.2,7849381.2,68,230,3374,6,Monthly,5,28.0,8,799152.6389,
2076,42,Rural,Low,792,14241.1,36752.7,2706.3,11278971.8,126,61,1189,6,Weekly,19,33.9,3,1133675.515,
2077,61,Suburban,Low,579,6426.3,19181.2,2614.3,3720830.5,315,19,4856,33,Monthly,19,17.7,7,390803.352,
2078,65,Urban,Middle,4,13982.7,23480.9,4818.5,55930.8,171,308,2953,47,Weekly,15,63.8,6,20034.7542,
2079,67,Rural,Low,736,10540.6,37906.4,4742.4,7757859.7,336,311,2313,4,Weekly,20,53.2,2,780673.3692,
2080,22,Suburban,Low,1,13452.9,46763.2,4540.6,13452.9,29,25,3624,7,Daily,19,3.0,2,9855.870135,
2081,18,Urban,Middle,290,16718.3,34425.3,5393.2,4848309,176,207,1252,7,Weekly,8,32.1,3,490084.8408,
2082,44,Rural,Low,109,3692.7,10567.4,1552.6,402508.7,307,325,1909,42,Monthly,9,10.8,3,51243.61792,
2083,59,Suburban,Low,777,12274.9,56184.6,3989.3,9537583.9,292,75,2246,28,Daily,5,46.4,2,962271.8612,
2084,68,Rural,High,575,1051.7,4305.7,460.5,604730.6,332,141,2674,9,Monthly,12,36.0,8,72246.54244,
2085,39,Rural,Middle,460,2051.3,3913.4,245.6,943589.1,105,328,3324,0,Weekly,4,58.4,1,100190.6813,
2086,18,Urban,Low,266,13495.1,60936.2,4022.4,3589706.9,45,281,2602,37,Weekly,14,49.6,3,369080.7199,
2087,35,Urban,Low,138,1428,1812.5,607,197070,101,91,154,27,Weekly,11,59.1,1,21812.29403,
2088,61,Suburban,Low,434,11911.2,31632.7,5233.1,5169461.7,226,75,2847,6,Weekly,8,63.2,4,525689.8841,
2089,30,Urban,Low,44,4408.1,5820.7,1911.4,193954.3,104,64,2674,16,Monthly,4,13.8,1,25878.78148,
2090,40,Suburban,High,886,6088.7,28597.5,2080.8,5394549,262,82,3865,47,Monthly,11,42.4,1,551750.8488,
2091,45,Rural,High,510,2601.4,3025,1294.4,1326731.2,253,250,4053,45,Daily,14,12.3,4,148169.2826,
2092,29,Rural,High,944,4980.9,7994.1,859.5,4701934.7,165,138,3641,23,Daily,11,18.3,6,483598.3506,
2093,22,Suburban,High,983,16427.6,76555.3,2789.1,16148353.2,292,97,2379,34,Monthly,11,17.1,6,1628009.678,
2094,32,Rural,Middle,262,12781.2,42543.8,1445.9,3348669,212,100,4503,8,Monthly,18,26.1,4,346572.1689,
2095,59,Urban,Low,728,18995.7,79416.3,9416.8,13828868.4,144,273,1527,41,Weekly,14,56.9,7,1394946.5,
2096,35,Rural,High,633,984.4,1049,235.5,623131.3,236,241,625,2,Weekly,9,23.5,8,69835.88589,
2097,51,Urban,Low,152,15850.3,42421.5,6416.6,2409248,22,5,685,43,Daily,2,53.9,2,248500.6945,
2098,24,Suburban,Middle,213,13984.6,69053.8,1732.5,2978709.8,69,215,1465,3,Daily,11,1.1,9,309731.046,
2099,53,Suburban,Low,234,5225.2,17344,1146.8,1222705.5,69,67,2463,31,Daily,11,42.1,5,134509.7872,
2100,63,Rural,Low,863,14586,64160.1,5098.4,12587754.6,246,357,3471,43,Monthly,17,21.0,6,1273898.625,
2101,37,Rural,High,623,14333.8,69579.7,4442.2,8929960.8,63,155,4236,12,Daily,7,53.7,1,901484.935,
2102,69,Urban,High,954,9192.3,34380.7,1683.1,8769464.3,237,29,869,23,Monthly,10,71.4,4,884880.5389,
2103,68,Urban,Middle,361,13775.9,31829.5,3921.1,4973102.1,331,305,3077,6,Monthly,6,38.8,7,510252.3945,
2104,68,Rural,Low,320,8897.2,19880.1,1276.9,2847095.1,363,9,3813,18,Daily,18,38.8,6,298009.5515,
2105,17,Rural,High,222,6717.6,8632.8,2130,1491297.5,19,200,1931,26,Monthly,14,70.2,2,156967.5204,
2106,39,Suburban,High,952,9335.2,25308.4,1295.5,8887066.9,231,334,904,49,Monthly,19,26.5,7,899974.6808,
2107,23,Suburban,High,738,17903.6,83458.8,6344.6,13212885.1,229,230,1850,26,Daily,13,29.1,9,1335365.25,
2108,26,Suburban,Middle,210,7697.8,22418,1248.1,1616544.3,358,316,2022,17,Daily,9,50.5,9,174055.1487,
2109,28,Rural,Low,396,8079.7,37522.1,2576.1,3199571.8,127,308,1242,29,Daily,15,36.0,3,327269.11,
2110,32,Rural,High,931,12172,51956.9,1845.9,11332113.9,146,331,2626,27,Daily,17,55.6,6,1146353.889,
2111,23,Rural,Low,583,15062.5,74359.6,3920.5,8781413.9,329,267,2711,28,Weekly,14,30.2,1,886457.3642,
2112,36,Suburban,Middle,489,14695.1,70400.9,3537.6,7185889.7,114,360,1294,8,Weekly,16,49.9,4,723766.2203,
2113,33,Rural,Low,872,405.8,1552.5,163.4,353837.2,243,163,2785,38,Weekly,16,55.7,5,48926.99737,
2114,45,Urban,High,601,13751.4,61673.4,4901.9,8264610.9,145,75,4158,38,Daily,11,46.6,9,845903.7281,
2115,33,Rural,Low,774,9016.6,35997,4281.4,6978829.4,41,292,863,20,Weekly,0,15.4,3,703434.3309,
2116,61,Rural,Low,961,10486.6,39991.3,4915.7,10077582.7,161,183,1556,44,Daily,13,37.7,9,1021916.089,
2117,62,Rural,Middle,878,11237.7,43402.5,4382.7,9866656.8,338,109,2560,37,Weekly,16,69.6,5,1000087.271,
2118,46,Rural,Middle,464,14637.1,56853,5975.4,6791602.9,77,339,2302,6,Monthly,20,8.4,3,686292.6447,
2119,53,Rural,Low,700,16628.3,41864.8,5819.3,11639842.4,168,200,736,44,Daily,4,51.1,2,1171544.659,
2120,47,Urban,Low,624,12928.8,34833.3,4869.8,8067543.9,284,181,778,24,Weekly,3,57.0,9,818265.0437,
2121,26,Urban,Low,452,11282.5,24553.9,3913.8,5099692.4,110,28,3522,25,Weekly,1,48.9,6,524505.9936,
2122,60,Rural,Middle,413,7481.6,11918.6,1681.2,3089920.4,195,53,4715,5,Daily,19,9.0,6,324769.6947,
2123,40,Suburban,Middle,934,2766.2,7838.7,664.6,2583617.4,228,248,4183,48,Monthly,4,6.3,2,271403.14,
2124,48,Rural,Low,751,19172,88187.2,6324.7,14398147.9,167,310,1414,19,Weekly,2,37.0,8,1451603.999,
2125,53,Rural,Middle,476,9242.2,33318.8,3586.6,4399300.3,21,321,4784,17,Daily,17,23.8,5,454963.9485,
2126,56,Rural,High,256,11328.6,13874.4,2973.2,2900117.2,165,309,4736,19,Weekly,12,28.7,10,310364.9355,
2127,23,Suburban,Middle,150,15024,63773.7,2359.8,2253592.8,130,40,4368,39,Monthly,12,20.4,6,242773.6492,
2128,26,Suburban,Middle,127,1377.5,6531.7,390.9,174945.8,262,222,4732,17,Daily,11,59.2,9,37617.76206,
2129,37,Suburban,Middle,392,17101.7,73839.7,8299,6703854.7,52,297,521,46,Weekly,3,61.4,8,681988.8179,
2130,66,Urban,High,831,15942.5,62338,2959.5,13248254.6,261,166,2847,0,Weekly,6,2.2,9,1338688.687,
2131,39,Suburban,High,480,15490.8,24792.8,5570.9,7435597.1,175,331,4111,32,Daily,5,58.7,7,760170.5585,
2132,56,Urban,High,993,449.4,1076.8,221.6,446288.3,299,29,2415,38,Monthly,7,48.8,1,54096.60976,
2133,32,Urban,Low,397,10535.1,34356.6,2639,4182439.4,96,189,4889,47,Weekly,4,33.3,1,432412.3769,
2134,27,Suburban,Low,923,1094.8,1431.4,498.3,1010523.2,357,202,4455,22,Monthly,5,6.9,4,113890.3427,
2135,61,Suburban,High,402,11021.9,15707.2,4911.4,4430821,40,296,230,13,Daily,4,48.5,2,445846.4825,
2136,47,Suburban,Low,274,14371.8,68079.4,3386.3,3937868.3,209,130,4707,27,Weekly,18,19.7,9,414407.6804,
2137,30,Urban,Low,845,2445.8,9320.3,341,2066689.6,142,48,3464,20,Weekly,8,40.0,4,219349.2566,
2138,31,Rural,Low,982,13900.7,29196.3,2382.8,13650500.4,258,257,2564,43,Monthly,17,16.7,5,1377330.324,
2139,69,Suburban,High,958,8996.2,20776.1,2215.8,8618322.8,167,315,518,36,Monthly,7,63.3,2,867871.2649,
2140,37,Suburban,Middle,910,16232.9,41194.6,7851.1,14771978.2,191,88,483,6,Monthly,0,25.8,9,1485326.143,
2141,43,Suburban,High,139,10676.4,13882.4,2239.7,1484025.6,319,258,2112,11,Daily,13,49.8,8,161106.9993,
2142,35,Urban,High,103,6729.1,26625,3167.7,693094.2,119,59,2266,50,Monthly,8,36.0,7,84638.93837,
2143,48,Urban,Low,242,6646.5,11347.8,1146.8,1608455.7,146,49,3851,36,Weekly,6,65.9,7,178002.5894,
2144,25,Rural,Low,117,17950.8,75760.8,8758.6,2100238.4,350,216,4271,38,Daily,9,17.2,8,230210.8157,
2145,55,Suburban,Middle,214,9062.9,39727.1,1970.7,1939461.2,335,76,3864,27,Daily,16,68.8,10,213044.5251,
2146,47,Urban,Middle,484,8121,28860,2868.6,3930573.9,129,34,1033,6,Daily,10,54.4,10,404041.7851,
2147,65,Rural,Middle,529,807.1,3292.4,103.2,426942,145,248,765,44,Weekly,16,50.8,7,53768.86009,
2148,48,Suburban,Middle,691,7292.8,12305.5,1603.4,5039358.6,54,318,3360,16,Monthly,13,60.7,10,520949.3766,
2149,17,Urban,High,224,16994,56144.2,3131.7,3806666,122,290,987,36,Daily,13,47.3,7,391209.1412,
2150,48,Suburban,Middle,270,15222.1,56431.5,1543,4109978.7,124,23,15,13,Daily,7,8.8,6,416447.6241,
2151,48,Suburban,High,825,4426.1,16138.5,720.2,3651495.3,167,19,1570,42,Weekly,17,50.6,9,381004.5954,
2152,56,Urban,Low,861,8267,12145.5,2788,7117888.6,322,316,4427,50,Weekly,18,32.1,4,728638.8592,
2153,28,Urban,Middle,134,3939.6,9366.6,1008.4,527910.1,143,96,78,3,Monthly,17,40.3,5,57890.55689,
2154,45,Urban,Low,114,19084.8,43897.9,7424.5,2175666.5,22,251,3088,21,Monthly,16,30.0,6,231509.0944,
2155,48,Suburban,Low,441,11966.4,39370.7,4408.8,5277172,276,241,1818,48,Monthly,17,13.1,7,541372.8805,
2156,28,Suburban,High,644,15089.6,61277.9,6333.4,9717671.7,349,346,1044,16,Weekly,13,35.4,5,979129.0205,
2157,67,Rural,Middle,651,14279,46869,6380,9295651.7,299,305,1611,34,Daily,7,5.5,5,939684.7979,
2158,41,Suburban,High,365,17475.1,70237.6,7478.1,6378393.4,277,45,431,45,Daily,17,4.8,10,651370.8779,
2159,37,Urban,Low,232,18987.1,26503.5,5301.6,4404998.5,304,76,2603,31,Weekly,8,38.9,10,458112.7579,
2160,54,Suburban,Middle,458,658.6,2972,147.2,301638.3,322,107,2075,37,Monthly,0,13.8,6,43010.42993,
2161,17,Rural,Low,375,19506.3,61375.9,5869.8,7314851.5,115,60,612,30,Daily,5,45.3,10,744192.1393,
2162,53,Rural,Low,604,17412.1,20023.9,5468.3,10516934.9,272,132,4350,24,Daily,5,14.6,9,1071551.915,
2163,54,Urban,Middle,779,7665.1,27386.3,1726.7,5971127.5,168,157,271,9,Weekly,5,58.2,6,602472.1115,
2164,41,Urban,Middle,611,16743,51390.8,5290.8,10229981.7,277,55,3707,48,Monthly,6,11.4,8,1042353.541,
2165,61,Rural,Middle,207,14733.8,27721.3,2096.8,3049895.4,357,186,4657,1,Daily,16,32.5,4,316756.6547,
2166,65,Rural,High,520,15864.4,64372.8,3052.6,8249465.3,264,175,4431,26,Monthly,8,34.1,7,840919.62,
2167,30,Rural,High,468,4421.6,20933.1,1761.7,2069315.2,250,31,757,11,Weekly,10,45.0,5,213357.1172,
2168,49,Urban,Low,882,12974.8,29721.8,2246.4,11443763.4,255,155,4303,15,Weekly,20,29.6,4,1157944.716,
2169,57,Rural,Middle,443,528.3,1571.9,82.2,234018.6,342,245,4130,15,Monthly,17,47.6,2,34620.77368,
2170,59,Rural,Low,917,16966.1,25664.6,3646.6,15557914,58,30,113,2,Daily,12,55.4,9,1565066.462,
2171,64,Urban,Low,321,19021.3,89765.5,4725.3,6105853,5,49,1962,24,Daily,13,9.7,5,619991.5978,
2172,55,Suburban,Low,93,13245.8,30136.7,3065.3,1231863.8,111,170,3065,17,Daily,4,6.2,6,136282.8041,
2173,26,Suburban,Low,408,10258.3,18250.9,2562.9,4185372.7,365,75,3948,38,Monthly,6,49.1,1,430801.4534,
2174,18,Rural,Low,158,14517.4,42299.5,2264.2,2293743.6,286,206,833,41,Monthly,2,61.6,4,237356.1186,
2175,21,Suburban,Middle,872,6534,7665.2,1085.7,5697615,351,324,928,39,Daily,11,35.1,5,579744.658,
2176,24,Suburban,High,99,12531.5,25205.2,2435.3,1240617.7,265,356,2082,31,Weekly,6,45.9,4,133824.5988,
2177,21,Suburban,Middle,225,14382.3,18274.6,3750.8,3236010.5,249,359,2915,49,Weekly,6,22.2,2,335286.4882,
2178,24,Suburban,Middle,852,2862.2,4320.4,670.8,2438584.9,95,161,1343,48,Daily,10,63.1,1,251509.1058,
2179,54,Rural,Middle,441,2810,4070.6,1170.4,1239192.1,351,149,4313,2,Monthly,9,55.8,9,140521.6369,
2180,46,Suburban,High,720,14325.6,64317.4,4443.9,10314433.6,297,88,2091,7,Daily,1,42.7,4,1039540.873,
2181,47,Suburban,High,585,8641.3,40802.1,2854.1,5055179.3,307,168,1197,4,Weekly,11,22.8,8,514135.5131,
2182,56,Urban,High,991,17785.1,51542.9,5766.6,17625071.7,185,189,3850,19,Weekly,8,32.1,8,1779924.571,
2183,65,Rural,Middle,401,6245.7,21995.1,1620.8,2504509,229,114,197,43,Weekly,5,20.8,4,259069.5119,
2184,27,Urban,High,571,858.2,3247.1,422.4,490026.7,317,13,856,24,Daily,13,31.6,8,60098.69142,
2185,23,Urban,Low,799,13001,33350.9,1494.2,10387816.4,262,166,4397,5,Daily,7,4.5,4,1051643.535,
2186,23,Rural,High,64,13687.9,33957.6,2550.5,876028.3,119,157,1978,27,Weekly,15,8.5,6,98399.51356,
2187,65,Suburban,Middle,768,11076.3,41007.5,2368.8,8506595.5,234,181,3170,22,Weekly,20,16.4,5,863315.9683,
2188,43,Urban,Middle,560,13669.8,34268.3,6185.9,7655099,282,320,4500,23,Weekly,15,65.2,1,777156.3026,
2189,35,Rural,Low,279,10479.8,34835.4,4899.8,2923878,202,292,993,9,Weekly,0,34.0,9,303375.3431,
2190,62,Suburban,High,710,13855.7,42409.2,6074.9,9837568.3,262,104,845,9,Monthly,9,35.1,6,991798.1197,
2191,22,Rural,High,670,888.3,2751.8,237,595166.9,53,111,1747,32,Daily,18,38.5,10,75461.55552,
2192,26,Urban,Low,823,7374.3,31837.9,3435.3,6069018.8,317,261,4965,8,Monthly,6,36.5,9,625211.9171,
2193,35,Suburban,Middle,519,4224.2,16120.6,588.9,2192375.5,161,148,1567,17,Weekly,5,7.1,4,225911.4655,
2194,31,Suburban,Middle,248,1995.5,9663.8,720.3,494891.3,244,139,345,2,Weekly,3,24.0,4,53451.95847,
2195,19,Rural,High,368,4689.5,19526.7,2227,1725740.3,94,328,155,32,Monthly,8,5.8,4,179282.3547,
2196,21,Suburban,High,744,3834.3,6070.3,1541.2,2852718.6,40,169,3810,9,Monthly,3,5.9,2,293837.3898,
2197,37,Urban,High,618,19462.9,76955,4109.5,12028070,280,158,141,26,Monthly,10,6.5,3,1208632.935,
2198,41,Urban,High,971,5738.1,21016.1,2220.6,5571649.4,92,56,103,34,Weekly,2,64.7,5,565015.7453,
2199,18,Urban,High,98,4626.9,16583.5,1008.2,453433.2,301,73,1238,17,Daily,11,16.5,4,52388.89712,
2200,56,Rural,Middle,268,16699.1,48811.2,2415.2,4475369.9,38,248,4049,6,Daily,2,5.8,1,455733.3348,
2201,57,Suburban,Middle,60,8388.1,10484,3245.3,503288,243,180,4203,6,Monthly,6,1.2,8,66944.64527,
2202,29,Suburban,Middle,500,8435.1,40538.5,1448.2,4217547.2,364,91,3531,21,Monthly,20,44.5,4,433834.5797,
2203,26,Suburban,Middle,308,8877.4,39128.8,1282.1,2734231,136,194,3875,9,Monthly,2,44.8,4,284657.3503,
2204,33,Urban,Low,493,8336.5,24569.7,2673.6,4109906.7,64,195,1252,26,Weekly,3,19.8,7,421819.0454,
2205,69,Suburban,Middle,411,6538,10685.3,2276.9,2687135.9,343,285,4722,44,Monthly,4,20.9,6,287121.2079,
2206,27,Urban,Low,140,5733.9,24643.8,690.5,802749.6,363,248,207,3,Weekly,17,25.0,2,81332.96072,
2207,38,Suburban,Middle,909,17640.4,48029.2,1795.6,16035099.9,201,229,4822,11,Daily,3,26.1,4,1617305.559,
2208,27,Urban,High,328,3242.5,8302.4,1468.3,1063549.8,307,283,3690,2,Weekly,4,56.2,2,115775.8897,
2209,28,Suburban,High,464,3629.4,13289.3,530.3,1684058.5,262,324,1762,47,Monthly,18,67.7,3,179490.9599,
2210,40,Rural,High,702,11438.7,46151.6,3815.5,8029942.7,175,163,717,42,Weekly,3,42.8,10,816481.4836,
2211,60,Rural,Low,637,6879.7,8609,3312,4382391.2,177,91,3908,2,Weekly,11,28.8,6,450561.5719,
2212,66,Urban,Middle,925,8436.4,34337.9,2571.1,7803644.1,85,211,1428,24,Weekly,13,21.9,9,792709.9486,
2213,34,Urban,Middle,163,16132.9,63495.1,2515.4,2629657.3,160,266,4276,25,Weekly,11,59.9,1,272695.7155,
2214,61,Suburban,Low,60,18073.6,60670.1,4652,1084415.1,182,127,640,39,Weekly,12,7.4,4,115745.1484,
2215,51,Suburban,Low,925,15813.2,37219.1,5528.6,14627180.5,36,282,1822,6,Weekly,4,31.8,8,1473231.292,
2216,60,Rural,Low,31,4706.2,7808.6,1906.7,145892.7,345,71,3048,45,Daily,0,48.2,4,27545.8732,
2217,23,Suburban,Low,333,19599.6,27647.5,6718.3,6526675.5,99,91,3227,33,Daily,18,18.8,6,667775.115,
2218,44,Urban,Low,76,7269.9,7304.3,826.8,552512.3,226,94,1919,9,Daily,13,10.6,1,58595.99153,
2219,68,Urban,High,755,3389.7,6189,533,2559186.2,37,76,1410,2,Monthly,8,47.3,10,267583.506,
2220,47,Urban,Middle,317,9994.9,26440.1,2485.9,3168395.7,273,104,470,27,Daily,8,43.6,4,323924.3861,
2221,66,Urban,Low,770,14508.5,28648.1,5546.4,11171516.2,272,197,4099,10,Monthly,13,45.0,7,1132825.05,
2222,59,Urban,High,417,1674.6,3744.2,558.9,698301.9,186,184,2251,50,Daily,19,70.5,6,83294.02627,
2223,33,Rural,Low,968,12689.4,32507.8,1495.8,12283334.8,49,77,1401,31,Weekly,0,23.9,9,1242609.955,
2224,21,Rural,High,190,17163,38325.8,7187.1,3260965.8,94,297,4678,7,Weekly,14,71.0,3,339049.0101,
2225,33,Urban,Low,489,5243,20439.8,1793.4,2563832.8,307,322,4699,19,Daily,20,4.3,5,271610.2482,
2226,34,Suburban,Middle,889,13865.5,41137.7,6306.9,12326458.8,226,34,1497,4,Daily,10,3.9,7,1240996.509,
2227,37,Urban,Low,315,8004.2,8623,2137.6,2521314.7,5,122,3462,40,Monthly,17,62.0,1,263019.3666,
2228,52,Rural,Low,296,8288.6,15803.6,2454.1,2453414.2,353,306,1720,12,Monthly,19,23.9,9,256972.5518,
2229,47,Urban,Middle,501,5623.5,21586.4,1474.6,2817359.7,174,346,578,10,Monthly,8,26.4,9,290823.944,
2230,56,Rural,Middle,177,12491.6,27528.1,4859,2211018.9,183,203,2483,33,Weekly,4,4.6,3,230223.6183,
2231,18,Rural,Low,800,7226.4,33823.5,2896.7,5781100.1,73,298,2110,43,Daily,14,1.2,8,593157.7558,
2232,43,Urban,Middle,806,16619.8,63996.9,6470,13395519.3,145,129,2600,2,Monthly,14,45.9,2,1345203.257,
2233,25,Urban,Middle,860,19258.5,41592.7,4172.2,16562292.3,152,290,742,14,Daily,1,38.1,4,1662458.581,
2234,66,Suburban,High,719,18702.4,57334.8,6628.4,13447027.6,56,213,4270,32,Daily,0,52.7,7,1363193.511,
2235,50,Rural,Middle,215,3270.9,12000.9,770,703251.3,183,138,3904,42,Daily,1,17.2,9,90001.17648,
2236,44,Suburban,Middle,856,293.7,520.8,127.4,251376.5,122,261,2030,9,Weekly,0,61.2,4,34071.19196,
2237,69,Urban,Low,653,8775,17416.1,1071,5730063.3,244,346,3107,2,Weekly,18,19.6,1,579255.9891,
2238,30,Rural,Low,597,14580.4,44156.6,1678,8704490,204,172,4260,45,Monthly,14,32.8,7,890213.7693,
2239,48,Suburban,High,694,19549.3,91873.6,2750.3,13567235.6,79,147,2228,47,Daily,11,27.1,3,1368608.508,
2240,22,Suburban,Low,332,15670.6,37234,2835.5,5202643.1,16,149,3264,40,Monthly,6,61.7,10,538615.3535,
2241,27,Suburban,Middle,128,11615.2,30298.4,1336.4,1486743.2,126,29,4398,13,Daily,12,59.3,9,166169.0206,
2242,64,Urban,Middle,269,536.8,946.1,69.1,144397.8,87,102,1734,32,Daily,0,32.4,10,29494.6921,
2243,45,Urban,Middle,551,16512.6,55694.1,3672.8,9098419.7,278,296,4943,32,Daily,9,26.4,9,930916.7774,
2244,36,Urban,Low,535,3551.1,14064.6,496.9,1899854.1,351,254,2455,35,Weekly,18,56.8,2,199362.2779,
2245,46,Rural,Middle,754,1121.6,3098.4,472,845667,43,274,4109,22,Weekly,4,16.2,7,101226.9268,
2246,39,Urban,Middle,366,17008.7,68051.7,2067.4,6225174.4,79,49,1454,0,Daily,5,67.8,8,632339.5486,
2247,35,Rural,High,619,11329.4,25042.6,5247.4,7012870.7,277,189,2126,26,Monthly,4,23.6,1,707671.2525,
2248,52,Suburban,High,348,2579.7,9875.1,1156.6,897751.8,264,65,3955,50,Monthly,16,33.9,5,107218.7035,
2249,19,Suburban,High,142,7737,15732.2,1418.6,1098652.3,305,164,0,31,Weekly,6,58.4,8,120311.0187,
2250,43,Urban,Low,145,1720,7090.8,221.2,249396.8,228,224,646,20,Daily,2,57.5,10,36994.79511,
2251,59,Suburban,Middle,792,12763.8,55172.5,1815.2,10108958.1,125,326,2542,43,Weekly,19,50.2,2,1021317.863,
2252,35,Urban,Middle,245,5655.7,23702.5,1830.4,1385651.7,106,7,1868,19,Monthly,3,9.2,1,143152.4495,
2253,39,Rural,Middle,442,17323.2,32253.9,5896.2,7656864,230,61,3186,26,Monthly,7,18.2,10,782604.181,
2254,65,Suburban,High,703,7162.3,27052.2,1620.4,5035126.9,134,192,2623,35,Weekly,20,51.7,4,515418.7058,
2255,64,Urban,Middle,290,9897.7,31219,2165,2870342,81,360,3345,40,Daily,12,62.0,1,297597.2085,
2256,66,Suburban,Middle,691,1279.8,6327.7,400.1,884364.4,360,88,707,31,Weekly,2,12.9,5,95508.97194,
2257,47,Suburban,Middle,112,5519.1,13501.4,1226.6,618138.8,109,158,3395,38,Weekly,8,71.2,8,78335.18955,
2258,56,Urban,Middle,214,13538.6,55305.2,6413.6,2897255.6,175,273,602,28,Weekly,8,45.1,8,301190.413,
2259,51,Suburban,Middle,650,14727.9,36529.8,3726.9,9573130.3,164,332,2831,45,Daily,9,59.3,9,975774.4549,
2260,68,Suburban,Low,886,4864,12585.3,914.1,4309511.9,125,282,4493,22,Daily,17,56.8,5,446928.4861,
2261,49,Suburban,Middle,200,10081.4,14557.2,1596.7,2016272.8,348,145,3661,34,Monthly,2,8.6,8,218654.7176,
2262,51,Suburban,Low,405,16352.4,32028.6,5767.2,6622741,23,163,4844,14,Daily,11,25.3,10,682569.8569,
2263,17,Rural,Middle,421,7604.4,12607.6,1754.1,3201454.1,331,174,3383,42,Daily,1,33.5,5,334769.9253,
2264,30,Suburban,Low,7,2684.1,4393.3,471.1,18788.6,62,108,4109,9,Daily,11,19.5,7,16076.50564,
2265,49,Suburban,Middle,858,8643.1,8954.8,1817.9,7415770.4,212,301,2156,14,Weekly,8,49.4,8,753198.9561,
2266,51,Urban,Middle,525,12016.6,50170.6,2681.5,6308697.7,252,331,3909,24,Monthly,1,40.9,8,648274.3578,
2267,21,Rural,Middle,592,157.9,453.4,55.3,93474.8,96,144,2090,16,Monthly,14,70.6,2,16534.36011,
2268,54,Urban,Middle,286,6977.9,29423.4,1185.3,1995669.2,209,58,2872,50,Weekly,6,14.0,1,209189.5826,
2269,57,Urban,High,671,12152.6,41929.1,4777.5,8154422.8,57,298,2405,30,Monthly,6,40.8,8,830299.1052,
2270,66,Urban,Middle,389,19038.7,82349.1,4225.7,7406062,234,350,4570,10,Weekly,7,64.9,9,757691.208,
2271,66,Rural,Low,416,8176.9,24653.8,2414.8,3401585.9,358,188,1098,19,Weekly,14,3.8,7,350880.1813,
2272,69,Urban,High,784,3267.8,4497.1,1182.7,2561967.4,326,20,1950,30,Daily,11,36.3,8,268816.9685,
2273,27,Urban,High,713,10689,37059.5,3393.2,7621285.4,65,212,3378,15,Daily,19,16.1,9,778176.7213,
2274,18,Urban,Middle,150,5722.2,21235.4,2088,858328.5,293,24,3824,35,Daily,19,69.0,10,106555.512,
2275,60,Suburban,Low,960,4303.4,15087.9,985.7,4131302.6,324,91,2552,38,Monthly,5,48.2,10,430696.5881,
2276,33,Urban,Low,428,11812.2,49674.2,5733.4,5055605,331,216,2882,10,Daily,5,20.4,10,520149.4572,
2277,55,Rural,High,808,18318.5,71918.4,5195.1,14801357.6,17,52,4992,19,Monthly,15,71.3,4,1495046.445,
2278,36,Rural,Low,293,16706.1,45616.6,3821.9,4894896.6,135,138,2010,25,Daily,4,16.5,3,498564.5093,
2279,30,Suburban,Middle,334,3654,15626.1,798.6,1220445.3,308,153,493,48,Daily,2,24.5,4,130389.1398,
2280,48,Rural,Middle,272,15319.9,57712.4,1793.6,4167021.1,130,220,1851,50,Monthly,13,48.9,10,433317.9384,
2281,50,Rural,Middle,43,4605.1,6822.3,1721.9,198018.2,37,362,4943,25,Monthly,17,41.3,3,34884.43376,
2282,41,Suburban,Middle,468,5821.1,18391.8,1193.4,2724283.3,250,173,2158,41,Daily,0,59.5,2,282740.811,
2283,23,Urban,Middle,319,18401.8,72028.9,8898.6,5870183.6,57,1,4636,46,Weekly,16,48.5,1,601749.6312,
2284,51,Suburban,High,492,18221.9,58549.7,3356.1,8965171.1,357,25,2294,5,Monthly,11,42.1,4,905028.8898,
2285,63,Urban,Middle,527,3380.9,16215.3,1054.2,1781749.6,10,204,4841,44,Monthly,4,24.8,5,197238.7024,
2286,45,Urban,Middle,760,1293.2,1818.2,509.8,982828.4,81,359,3386,34,Daily,20,22.0,8,115383.1533,
2287,38,Rural,High,172,5869.4,22827.9,2629.8,1009542.1,90,201,1418,7,Daily,1,8.0,7,109745.8376,
2288,57,Suburban,High,730,11639.7,50025.1,1892.4,8496968.9,120,191,3826,6,Monthly,6,29.6,6,862172.746,
2289,59,Rural,High,649,17539.1,66834.6,8667.1,11382853,102,361,3922,36,Daily,16,57.0,6,1154137.516,
2290,29,Rural,Low,321,2385.6,6064.9,1103.8,765764.6,27,304,2889,49,Weekly,19,21.2,5,91513.95654,
2291,29,Urban,Low,739,8305,21110.7,4029.1,6137410.1,261,232,4789,15,Monthly,3,63.6,4,626979.1677,
2292,17,Rural,Middle,44,5442.3,18211.3,2400.4,239460.2,61,220,240,8,Weekly,1,57.9,8,31784.80532,
2293,52,Suburban,Middle,532,308.4,798.3,139.1,164084.8,136,66,4791,10,Monthly,18,71.8,8,32837.53094,
2294,20,Rural,Middle,631,15771,71485.9,5354.8,9951526.7,97,24,2902,20,Weekly,17,52.5,10,1011761.658,
2295,53,Rural,Low,454,16267.6,23420.8,7127.2,7385468.3,149,82,2400,50,Daily,17,4.5,3,750896.4662,
2296,60,Urban,Middle,746,4432.4,15764.3,1390,3306547.2,227,91,93,45,Daily,12,43.1,8,341754.0912,
2297,56,Suburban,Middle,970,3033.3,4660.5,956.4,2942293.8,277,172,3398,6,Monthly,6,22.4,5,306248.4215,
2298,69,Rural,Low,880,2899.8,9165.1,942.5,2551798.9,307,35,1743,11,Monthly,17,68.3,1,258358.0267,
2299,62,Urban,High,891,9284.3,35859,4628.5,8272315.2,335,34,4010,50,Weekly,18,51.6,8,846493.3022,
2300,29,Rural,Low,929,4937.4,8206.3,699.9,4586888.1,228,262,4148,39,Daily,0,56.6,7,475994.0023,
2301,54,Suburban,Middle,848,10232,39046.7,4320.4,8676735.4,315,177,4465,20,Daily,8,40.9,7,883905.369,
2302,40,Rural,Low,868,7703.2,12016.4,1612.5,6686365.6,249,144,3968,4,Weekly,1,69.7,5,681728.6655,
2303,35,Rural,High,774,4225.7,14714.8,1033.1,3270689.6,258,215,2657,5,Monthly,7,13.1,5,336719.7133,
2304,17,Urban,High,83,15026.3,45412.7,1986.7,1247184.9,314,141,1468,42,Weekly,7,28.6,7,137225.95,
2305,54,Rural,High,543,3015.8,6611.5,725.7,1637565.4,220,268,2677,25,Weekly,19,36.5,9,180037.1476,
2306,21,Urban,High,322,15980.1,23110.3,7931,5145578.4,236,139,3361,28,Weekly,1,40.3,10,532381.0889,
2307,32,Suburban,High,786,11233.3,44297.6,2907.5,8829384.2,20,47,2405,2,Weekly,1,56.1,1,886898.7046,
2308,40,Rural,High,234,16642.4,42059.1,6122.3,3894326.9,345,60,2108,10,Monthly,0,52.7,8,401961.3611,
2309,43,Suburban,Middle,540,105.1,141.5,15.6,56771.9,138,49,1275,22,Weekly,1,4.9,10,19928.18514,
2310,17,Suburban,Middle,252,14986.3,61311.2,7028.5,3776542.2,189,52,4855,24,Daily,2,52.4,9,396556.3181,
2311,50,Rural,Low,836,1039.8,2008.4,448.3,869270,105,61,4871,11,Monthly,11,19.6,7,104756.0186,
2312,52,Urban,Middle,765,19002.5,74980.1,4836.5,14536892.1,98,214,4661,0,Weekly,7,30.5,2,1464371.847,
2313,20,Suburban,High,449,14057.8,45822.6,3365.2,6311935.3,270,95,1069,3,Weekly,19,33.0,5,637614.7045,
2314,16,Suburban,Middle,239,6410.2,11398.2,1749.4,1532048.3,153,120,1141,0,Daily,19,50.2,4,157806.1844,
2315,55,Rural,Low,490,6403.8,8361,1668.2,3137867.6,218,219,1566,5,Weekly,16,49.4,7,321926.0975,
2316,27,Rural,High,882,17231.2,58120.9,3501.7,15197947.2,21,40,2526,33,Daily,12,27.9,3,1530219.676,
2317,51,Rural,Middle,464,18057.8,19878.9,8962.8,8378807.2,272,346,915,26,Daily,0,58.7,8,847938.6996,
2318,60,Rural,Middle,941,17832.5,22502.1,7564.9,16780429.4,202,327,4373,44,Weekly,10,9.6,5,1695272.009,
2319,38,Rural,Low,314,16176.7,61615.1,3351.3,5079489.6,160,317,4536,15,Monthly,8,17.5,6,522782.1361,
2320,62,Rural,High,175,16382.5,51694.7,8071.5,2866928.8,64,232,3856,10,Monthly,1,31.2,4,298991.4591,
2321,46,Urban,Low,706,11459.6,26416.5,1217.2,8090499,84,211,2904,13,Weekly,11,16.5,7,822006.8851,
2322,26,Suburban,High,180,574.3,1813.1,158,103381,73,38,1815,37,Weekly,10,66.9,9,24489.91368,
2323,25,Urban,High,932,1744.6,5873.4,571.9,1625965.3,60,317,2929,47,Monthly,6,66.9,4,176354.5391,
2324,18,Urban,Middle,385,12994.6,42377.2,1494.8,5002909.2,354,211,1801,48,Weekly,15,13.1,6,514429.9175,
2325,69,Rural,Low,295,8029.3,28666.3,1320.1,2368641,147,83,2851,9,Weekly,14,30.3,6,248159.3175,
2326,29,Suburban,Low,215,11350.5,54041.6,2307,2440361.7,47,356,3817,12,Daily,4,71.4,1,252771.333,
2327,31,Urban,Low,986,4629.2,11828.2,1796.6,4564432.3,223,118,3793,44,Monthly,16,2.4,9,476855.3802,
2328,25,Rural,High,715,12991.8,28641.9,6182.8,9289172.3,158,303,1660,33,Daily,7,4.1,2,935273.187,
2329,44,Rural,Low,762,4864.2,5612,1701.6,3706491.9,47,27,1618,32,Monthly,18,60.8,10,385580.9724,
2330,25,Suburban,High,874,9221.6,14646.7,2997.6,8059720.2,289,209,593,32,Daily,20,28.1,1,810490.0864,
2331,27,Urban,Low,769,9579.6,13650.9,3014.7,7366720.7,210,125,2070,38,Monthly,6,52.9,5,747121.7419,
2332,45,Urban,Low,75,3561.6,8340.4,855.8,267119.1,21,276,647,12,Monthly,6,44.9,2,30861.99385,
2333,56,Urban,Middle,344,17525.4,60286.7,7554.9,6028735,351,298,1329,16,Daily,12,50.3,10,615011.6215,
2334,16,Rural,Low,714,10521.2,12471.1,3327.9,7512110.3,319,297,1423,8,Weekly,17,15.0,5,759280.4698,
2335,20,Suburban,Middle,142,17337,67799.1,3329.4,2461855.1,231,72,880,12,Monthly,17,39.8,1,249546.7425,
2336,35,Suburban,Middle,718,5258.1,13617,813.6,3775307.6,298,58,1234,15,Weekly,2,46.9,7,387253.3526,
2337,23,Urban,High,199,3455,16770.6,1707.5,687544.1,105,296,1617,36,Weekly,5,40.2,4,77933.55652,
2338,58,Rural,Low,919,370.2,1211.7,39.6,340170.4,126,119,2143,29,Daily,15,68.1,8,47476.88328,
2339,27,Urban,Low,171,1886.4,7706.6,893,322566.6,299,62,1456,38,Weekly,9,2.2,8,46913.34368,
2340,16,Suburban,Low,406,2957.9,13147.2,554.1,1200922.6,68,87,2830,32,Weekly,1,16.2,7,135235.1132,
2341,69,Rural,Middle,828,1586.3,7226.3,575.9,1313475.2,26,326,1072,39,Monthly,12,6.2,1,136740.0087,
2342,35,Urban,Low,228,17938.6,55140.6,3957.5,4090004.7,161,99,3732,5,Monthly,6,69.4,3,417740.1331,
2343,43,Urban,High,411,18229.7,47159.6,8092.6,7492386.9,108,124,1078,11,Monthly,12,17.6,6,756819.9608,
2344,58,Rural,High,952,18747.9,60781.8,5950.2,17847981.6,289,7,4946,1,Weekly,8,53.6,6,1800125.455,
2345,52,Suburban,Low,898,19197.6,50072.8,3003,17239461.1,305,134,4618,32,Monthly,1,11.3,6,1741112.676,
2346,62,Rural,Middle,935,9841.8,19318,2046.4,9202065.9,84,283,4914,14,Monthly,7,4.7,2,931815.6526,
2347,52,Urban,High,691,10605.2,24346.1,2419.3,7328188,41,2,1968,16,Monthly,7,14.6,8,746016.4527,
2348,27,Urban,High,878,2625.3,5069.7,1192.9,2305013.6,200,317,87,34,Daily,7,20.6,3,235713.0962,
2349,52,Urban,Middle,787,2749.7,5713.1,1118.3,2163990.5,36,160,4451,30,Weekly,1,33.5,5,232121.8819,
2350,64,Urban,High,62,15457.4,21245.1,6675,958358.9,351,157,1088,29,Daily,14,2.6,9,109070.2674,
2351,64,Suburban,Middle,327,17116,46313.4,2069.3,5596940,234,226,2238,37,Daily,2,44.8,7,573311.1534,
2352,59,Suburban,High,716,15696.4,30468.9,5203.6,11238652.1,242,321,653,15,Daily,19,47.6,9,1134080.668,
2353,43,Urban,Middle,963,16693.2,46631.8,8341.1,16075524.2,339,143,3109,41,Monthly,13,21.7,4,1619441.745,
2354,62,Suburban,High,959,5538.6,23089.4,2293.4,5311556.3,20,266,1397,44,Daily,1,19.8,1,538278.8711,
2355,30,Suburban,Low,879,9326.7,26051.7,1383,8198129.8,343,266,4760,39,Weekly,4,14.5,10,841904.8091,
2356,21,Suburban,High,133,9189.4,44278.6,3414.1,1222189.6,152,37,2427,16,Daily,8,16.3,3,131279.206,
2357,59,Urban,High,584,19905.7,31676.9,7925.1,11624937.7,171,288,2084,6,Daily,7,47.2,5,1170890.864,
2358,35,Rural,Low,590,18984.1,83550,5803.4,11200600.5,216,292,738,4,Weekly,1,44.0,10,1131845.834,
2359,65,Rural,Low,189,11973.7,23864,1574.6,2263036.3,356,320,2999,39,Monthly,3,66.0,1,236826.9404,
2360,29,Rural,Low,356,2768.1,13108.9,315.2,985437.5,329,73,3950,26,Daily,19,59.8,7,115615.6354,
2361,17,Urban,Low,71,5179.3,9885.2,2460.8,367732.8,232,16,3206,0,Weekly,17,41.9,1,42603.67937,
2362,24,Suburban,Middle,263,7281.6,29037.9,1478.2,1915059.1,16,361,4106,1,Daily,1,12.9,8,206399.672,
2363,52,Suburban,Middle,306,17465.5,21805.2,4394.1,5344443.3,283,83,4429,3,Daily,11,24.0,7,548607.2406,
2364,35,Urban,High,558,3420.9,12039.2,1430.3,1908886.1,301,174,2466,0,Monthly,5,34.8,2,196659.6106,
2365,41,Urban,High,224,4402.7,8253.8,1654.1,986214,165,76,880,28,Weekly,1,30.9,7,108994.2547,
2366,44,Rural,High,328,6994.2,25743.5,3409.2,2294097.6,269,291,2355,20,Daily,20,5.6,6,241715.8695,
2367,16,Rural,Middle,762,18538.9,65689.3,2542.3,14126668.2,179,51,4676,41,Daily,11,26.4,7,1431262.068,
2368,50,Urban,High,588,10081.2,47329.1,3858.8,5927747.8,258,363,4265,34,Weekly,2,14.3,1,605695.6449,
2369,21,Rural,High,74,12940.3,45377.7,1719.7,957578.7,76,186,3220,33,Daily,14,41.8,7,111435.6404,
2370,52,Suburban,Middle,511,7750.6,20407.3,775.6,3960553.5,105,5,1536,38,Monthly,20,67.1,9,411456.5339,
2371,68,Urban,High,142,3778.6,6704.2,559.6,536555.1,353,262,3978,1,Weekly,18,10.9,8,67783.9846,
2372,20,Urban,Middle,585,4463.8,16202.7,1547.6,2611312.9,87,179,4617,24,Monthly,18,62.1,7,278081.8121,
2373,48,Suburban,Middle,102,16055.4,23528.6,5948.2,1637650.6,315,142,439,5,Weekly,16,19.6,2,165376.1347,
2374,64,Suburban,Low,606,17870.7,77095.4,4920.4,10829647.8,14,268,2046,7,Daily,13,49.9,7,1094385.336,
2375,66,Suburban,Low,581,9866.6,19628,1168.5,5732484.4,359,114,2194,34,Weekly,1,44.1,2,581364.4,
2376,29,Rural,Middle,65,7146.3,22129.6,2527.1,464510.8,286,180,885,18,Weekly,13,16.5,4,52293.84965,
2377,27,Urban,Middle,193,16158.6,54677.4,2170.5,3118614.5,247,68,297,8,Weekly,3,27.2,1,314248.8578,
2378,57,Rural,Low,953,13465.2,32989.1,2109.9,12832301.8,241,107,2856,32,Daily,13,39.8,3,1294348.18,
2379,35,Suburban,High,62,827.1,3023.4,252.3,51278.4,354,59,893,7,Daily,10,65.7,5,12395.61857,
2380,68,Rural,High,532,7021.3,14048.7,1658.1,3735337.2,9,274,659,37,Monthly,11,14.1,6,382848.2367,
2381,65,Suburban,High,241,13646.6,15536.7,3901.6,3288839.7,24,31,123,31,Monthly,12,25.4,3,334699.7001,
2382,39,Rural,Middle,715,11477.9,55519.2,4063.5,8206669.6,112,35,3482,22,Daily,10,71.6,3,832169.3137,
2383,58,Rural,Low,410,19561.6,44604,3208.2,8020241.9,297,260,3851,33,Daily,16,57.1,10,822830.363,
2384,49,Suburban,High,300,17323.6,66762.7,7921,5197093.9,217,9,247,22,Weekly,3,28.3,6,527193.8757,
2385,40,Rural,Low,195,1204.2,3648.8,389.9,234813.3,228,109,1485,45,Daily,15,11.1,9,39868.74722,
2386,65,Urban,Low,454,14518.1,53368.5,1580.1,6591227.7,32,143,1405,31,Monthly,5,36.6,2,664918.7866,
2387,44,Rural,Middle,574,6733.2,9721,2365.9,3864839,277,42,1129,0,Daily,5,42.4,2,390675.9844,
2388,54,Rural,High,619,13644.8,41963.2,3892.5,8446151.8,170,187,2929,6,Monthly,17,19.3,7,857919.078,
2389,46,Urban,Low,637,12348.3,31721.3,4700.5,7865879.5,231,85,4773,42,Daily,20,51.6,4,802732.934,
2390,62,Suburban,Middle,301,10066,28259.2,4163.4,3029858.4,70,352,1473,47,Daily,19,39.4,1,309339.5041,
2391,58,Urban,Middle,779,17060.5,82996.3,8112.9,13290099.6,111,201,2527,23,Weekly,6,27.1,6,1340133.655,
2392,65,Rural,Middle,456,14176.7,21905.2,7079,6464579.9,89,288,468,1,Monthly,14,21.6,9,656284.9136,
2393,38,Suburban,High,989,17792.2,71503.3,5690.8,17596492.5,2,336,2826,17,Daily,8,21.2,10,1776280.13,
2394,59,Rural,High,202,5639.3,13090.8,1830.5,1139130.3,56,301,1918,18,Weekly,4,57.1,6,124246.4385,
2395,53,Rural,Middle,674,6969.1,15063.2,759.5,4697152.7,158,261,338,41,Weekly,1,36.4,6,480424.7059,
2396,35,Urban,High,856,12442.8,25919.7,5550.3,10651043.2,271,159,3697,35,Monthly,1,21.1,4,1078676.714,
2397,38,Urban,High,302,19329.6,46296.9,2155,5837546.5,274,153,3833,27,Weekly,7,57.0,1,594001.2338,
2398,60,Suburban,Low,624,7437.9,18062.8,2626.1,4641265.9,32,184,4450,34,Monthly,7,2.5,7,481955.5653,
2399,67,Suburban,Middle,337,655.6,1365.5,91.4,220920.4,270,257,2052,31,Monthly,4,71.7,4,30995.24998,
2400,31,Suburban,Middle,32,8923.3,32748.3,1912.6,285545.6,190,317,245,12,Monthly,17,64.1,9,38558.01247,
2401,65,Rural,High,971,10883.2,12960.6,1699.2,10567540.5,210,67,986,5,Weekly,15,53.8,4,1061628.313,
2402,57,Urban,Middle,98,16021.7,37317.4,2482.7,1570130.4,308,213,646,28,Weekly,10,19.9,9,169030.4545,
2403,23,Urban,Middle,984,14574.7,30910.4,1892.4,14341528,22,220,443,9,Monthly,13,64.2,1,1435850.98,
2404,65,Urban,Middle,759,19293.6,77283.9,4382.6,14643847.7,14,323,286,39,Weekly,7,59.0,10,1477238.592,
2405,36,Suburban,High,773,15655.8,24830.1,4218.6,12101955.3,206,352,4307,9,Weekly,19,57.9,4,1221331.193,
2406,16,Urban,High,191,5979.6,28479.2,1708.9,1142100.2,34,224,3608,33,Monthly,9,13.4,2,124568.4462,
2407,23,Urban,High,541,12831.2,21583,3539.9,6941675.1,342,94,848,19,Monthly,10,44.7,6,702164.7036,
2408,44,Urban,Low,48,13448.1,33352.8,4161.9,645508.9,56,59,1508,46,Weekly,18,64.9,9,80013.04177,
2409,47,Suburban,Middle,250,19960.4,35904.8,8860.7,4990107.5,240,178,334,32,Monthly,17,36.8,2,503818.772,
2410,53,Urban,Low,226,2783.4,5975.3,981.7,629041.8,63,290,886,10,Monthly,17,40.2,2,65708.34883,
2411,20,Suburban,High,272,3834.6,15507.5,410,1043010.3,80,112,4041,23,Daily,18,30.0,1,115137.4812,
2412,62,Urban,Low,665,3118.7,9061.8,527.6,2073947.3,40,324,4267,32,Monthly,6,48.6,9,226659.5636,
2413,37,Urban,Middle,485,11785.3,19449.3,2823.5,5715876.2,294,182,874,21,Daily,7,62.1,1,575173.2322,
2414,62,Urban,Middle,328,2714.7,3221.1,1302,890411.2,279,224,2566,47,Weekly,14,37.2,2,99249.74073,
2415,49,Suburban,High,797,13123.6,25192.9,1722.2,10459504.5,256,160,3686,11,Weekly,15,69.8,5,1058953.897,
2416,16,Suburban,High,180,16077.4,76888.9,6174.5,2893939.8,110,363,1330,29,Daily,19,29.7,7,300214.5859,
2417,41,Urban,Low,814,8661.5,37948.5,980.8,7050485.9,48,337,2200,31,Daily,18,9.6,9,719981.0877,
2418,58,Rural,High,665,11218.1,30969.7,2748.6,7460033,232,264,4582,43,Daily,10,2.0,1,760016.938,
2419,25,Suburban,Low,746,18255.3,53451.2,7449.3,13618464.6,82,163,1773,18,Daily,6,42.1,8,1374068.403,
2420,45,Suburban,Middle,23,11395.6,52391,2707.3,262099.3,174,280,2027,44,Daily,18,58.8,1,33967.38381,
2421,65,Urban,Middle,930,4180,14067.4,1137.4,3887423.2,113,3,3753,39,Daily,19,61.2,9,406894.3129,
2422,33,Rural,Middle,963,6870.4,31075.5,3175,6616237.6,278,81,4506,1,Daily,15,69.4,10,680430.5111,
2423,32,Urban,Middle,606,10601.6,31458.8,1340.8,6424580.3,310,292,1444,50,Weekly,7,38.4,2,652324.1785,
2424,41,Suburban,Middle,370,3106.4,5592.7,966.3,1149369.8,40,179,4595,13,Daily,17,15.9,3,128014.0897,
2425,23,Suburban,Low,245,12254.3,47837.1,3020.6,3002296.5,30,360,567,32,Daily,7,49.2,10,312090.4676,
2426,62,Urban,Middle,802,19984.9,62064.7,9703.2,16027913.4,255,337,1697,31,Weekly,12,64.4,4,1611364.41,
2427,55,Urban,Low,160,13054.2,47957.9,5449.8,2088667.8,240,315,4764,40,Weekly,9,14.2,3,223858.8606,
2428,64,Rural,Middle,373,7454.5,12142.8,1109.5,2780528,183,94,3143,18,Daily,18,25.7,2,287806.2714,
2429,27,Rural,Low,285,6641.6,23846.1,3128,1892859.5,184,217,1100,13,Daily,17,56.6,5,196745.8379,
2430,42,Suburban,Low,521,18632.8,47122.8,3437.5,9707663,42,22,45,3,Monthly,9,17.7,2,971368.1997,
2431,23,Rural,Low,450,17431.6,40580.5,2334.6,7844206.8,127,126,2852,1,Daily,0,64.8,2,789984.9697,
2432,40,Rural,High,697,9452.4,34840.8,2993,6588356.8,82,268,2806,9,Monthly,4,60.8,8,672393.1245,
2433,61,Suburban,Low,807,7074.8,23834.5,2792.1,5709329,233,143,1538,28,Monthly,2,36.9,2,576309.6769,
2434,19,Suburban,Low,647,14212.2,51113.1,5491.9,9195281.1,309,268,2783,14,Weekly,8,71.8,8,934144.7716,
2435,48,Suburban,Middle,622,6296.9,30611.3,1974.9,3916674.6,192,342,760,30,Monthly,7,22.0,8,403220.1192,
2436,16,Suburban,Low,581,2396.9,9119.6,712.1,1392581.8,1,103,1512,32,Daily,15,67.1,1,144293.689,
2437,34,Urban,Low,136,6209.9,22129.7,3029.3,844552.2,362,56,660,28,Monthly,9,21.7,5,91950.43202,
2438,46,Suburban,High,96,8691.6,30022.5,3721.9,834391.4,207,227,697,10,Weekly,18,50.3,9,92805.83742,
2439,31,Suburban,Middle,119,5115.7,13274.4,1941.2,608765.1,197,106,1030,47,Monthly,13,54.6,8,73367.01568,
2440,29,Suburban,High,374,4344.1,18926.3,773.6,1624695.8,283,144,824,44,Monthly,4,47.2,10,177249.2876,
2441,68,Rural,High,274,132.7,335,56.8,36371.3,17,33,2339,39,Monthly,5,39.1,9,20628.25886,
2442,63,Suburban,High,870,12620.5,47970.4,5047.1,10979876.1,319,117,978,8,Monthly,7,47.3,3,1102009.339,
2443,20,Urban,Low,878,12292.8,26707.1,6107.2,10793108.6,169,171,1303,46,Monthly,10,2.6,2,1087108.157,
2444,56,Urban,High,850,3768.6,5996,577.3,3203330.8,186,305,2583,28,Monthly,7,63.6,1,327367.4597,
2445,41,Suburban,High,177,18873.6,28669.9,7287.4,3340621,122,334,4407,36,Monthly,12,38.8,8,353196.815,
2446,43,Urban,Middle,873,8197.3,29004.1,4030.1,7156262.4,224,18,3796,20,Weekly,0,35.4,8,731190.4607,
2447,17,Rural,Middle,749,519.3,1200.6,148,388981.1,127,236,1724,30,Daily,16,41.8,8,51091.06371,
2448,65,Suburban,Middle,784,4403.2,9247.7,1732.1,3452140.7,166,168,2538,21,Weekly,15,41.5,3,353516.1075,
2449,21,Urban,Middle,277,13844.4,46631.3,6785.8,3834906.8,122,363,2331,17,Monthly,8,52.8,1,388993.5457,
2450,24,Urban,High,138,4040.4,4455.2,1288.9,557572.7,322,346,3829,1,Monthly,7,7.2,9,71047.29517,
2451,48,Suburban,Middle,874,1087.7,2159,412.9,950658.6,220,335,556,21,Weekly,0,67.8,7,104098.7536,
2452,56,Urban,Low,132,12357.9,29191.8,1335.1,1631249.1,279,356,1122,36,Monthly,7,67.8,6,172537.4361,
2453,40,Suburban,High,44,10371.9,39760.7,3193.2,456364.1,148,155,2115,19,Weekly,4,1.9,7,57153.63263,
2454,63,Urban,Middle,123,15227.7,48424.2,3080.9,1873007.6,292,240,2125,47,Monthly,17,38.2,6,200149.8687,
2455,28,Rural,High,136,15454.9,68371.8,2356.8,2101866.6,247,118,3217,47,Monthly,6,53.0,4,224057.1372,
2456,24,Urban,Middle,367,19199.1,44888,7361.7,7046071.8,188,81,74,3,Daily,17,20.9,2,705668.0354,
2457,68,Urban,High,373,1149.8,2513.1,133,428868.2,11,310,513,25,Monthly,15,46.4,1,45755.59773,
2458,28,Suburban,Middle,126,789.4,894.2,364.7,99464.2,284,344,4861,19,Daily,11,47.6,9,28747.04021,
2459,46,Urban,Low,439,19744.1,94907.2,6063.6,8667646.3,45,168,4229,21,Daily,3,16.4,2,878201.7393,
2460,56,Suburban,Middle,787,12900.5,38778.5,4635.1,10152700.6,124,173,3090,42,Weekly,12,15.9,6,1030759.277,
2461,26,Rural,High,576,14310.3,43075.2,2881.7,8242708.1,247,355,2739,19,Daily,10,54.4,8,839050.2585,
2462,19,Suburban,High,808,1938.7,9099.6,335.2,1566449.9,337,324,2876,28,Weekly,15,51.4,7,171137.8729,
2463,49,Suburban,Low,744,1405.6,3035.5,277.6,1045733.4,159,218,2031,47,Weekly,11,62.3,9,121807.2486,
2464,53,Urban,High,51,3213.5,7482.3,619.9,163886.9,267,228,3191,30,Daily,13,63.8,9,33728.78953,
2465,61,Rural,Low,137,8549.6,30995.8,3811.4,1171300.7,292,191,3406,22,Weekly,15,12.2,4,127955.4207,
2466,19,Suburban,High,158,2212.4,9161,918,349562.7,78,226,3990,43,Daily,19,58.0,9,53793.59045,
2467,53,Urban,High,56,8932.2,33917.8,3940,500203.8,291,168,530,37,Monthly,20,48.1,10,63337.62931,
2468,34,Urban,Low,593,11235.1,46680.4,4426.1,6662415.9,151,297,4165,15,Weekly,17,46.8,2,677706.5768,
2469,21,Suburban,High,744,16.7,55,6,12392.1,285,189,433,18,Daily,7,20.2,1,3836.319532,
2470,49,Urban,High,428,2293.8,10210.2,713.7,981733.6,151,193,1629,10,Daily,2,59.9,6,106926.1716,
2471,33,Suburban,Low,443,7510.2,24035.7,1548.5,3326997.3,124,1,3733,11,Daily,6,71.3,4,344338.799,
2472,28,Suburban,Middle,911,1076.1,2063.2,411.2,980293,228,9,3707,35,Daily,19,12.6,4,112430.4084,
2473,56,Suburban,Low,964,2679.2,8484.6,414.3,2582791.4,272,75,3293,12,Monthly,9,53.5,10,275498.0779,
2474,38,Rural,High,326,4643.6,17886.2,1413.6,1513816.8,359,336,66,1,Weekly,10,28.0,10,160428.8587,
2475,34,Suburban,Middle,640,8597.7,31074.8,1531.3,5502548.7,340,349,2854,50,Daily,19,14.3,1,561421.7935,
2476,60,Urban,Middle,638,14299.6,28199.8,4317.1,9123142,217,143,2278,10,Weekly,0,10.8,6,923246.3917,
2477,26,Rural,Middle,829,2662.4,3099.9,579.2,2207167.2,147,315,667,0,Daily,10,15.8,3,222868.0091,
2478,16,Urban,Low,80,14761.8,29670.1,1792,1180943.3,218,194,3968,40,Weekly,4,61.5,7,135082.684,
2479,39,Rural,Middle,474,17102.7,84421.6,5156.2,8106662.7,96,10,149,9,Daily,12,39.9,1,812725.9905,
2480,69,Rural,Middle,377,13033.1,22649.7,2251.2,4913463.8,50,139,1132,2,Daily,15,64.3,8,501009.9409,
2481,22,Rural,Middle,869,884.1,2526.2,145.4,768262.6,43,30,4914,7,Monthly,10,65.5,9,95024.42814,
2482,40,Rural,High,919,8818.7,31336.1,2237.7,8104355.2,19,279,4710,15,Weekly,4,11.7,4,825203.9942,
2483,36,Urban,Low,333,13204.7,59657.5,3231.4,4397171.6,113,278,539,35,Daily,5,45.6,5,447587.227,
2484,30,Suburban,Low,175,19570.5,79085,8743.8,3424833.6,213,42,1821,42,Daily,2,4.6,8,357364.2444,
2485,16,Urban,High,657,19036.6,88250.3,6203.2,12507078.8,18,228,474,39,Monthly,1,20.4,5,1259562.938,
2486,27,Suburban,Middle,441,7920.1,27067.2,3499.3,3492766.8,134,285,2301,38,Monthly,20,13.3,10,367015.3587,
2487,22,Urban,High,126,12322.5,54973.9,1956,1552630.2,291,201,3624,19,Monthly,5,60.5,4,167576.2004,
2488,30,Rural,High,694,17817.4,36621.4,4328.3,12365272,14,321,2540,46,Monthly,9,26.9,5,1249052.974,
2489,36,Rural,Middle,219,16622.6,45251.1,5354.7,3640352.6,64,210,2712,7,Monthly,5,71.5,2,370187.7498,
2490,34,Suburban,Middle,948,9593.6,41973,1547,9094773.1,163,178,2618,9,Weekly,20,11.0,10,923273.8758,
2491,44,Suburban,Low,278,5232.2,12045.9,791.2,1454555.5,258,86,2849,50,Daily,1,17.2,2,156406.0614,
2492,40,Urban,Middle,485,2750.6,12336.3,1002.8,1334054.5,6,48,3238,36,Weekly,16,46.8,1,143036.7755,
2493,48,Suburban,High,595,9764.7,23947.6,3530.3,5810010.4,355,293,2156,31,Monthly,0,69.8,4,591764.8956,
2494,64,Urban,High,935,14459.7,35478,2800.3,13519809.3,121,206,3488,26,Daily,0,53.1,10,1369889.788,
2495,47,Suburban,Middle,995,19395.7,43371.3,3701.7,19298718.1,153,342,2803,30,Weekly,5,9.9,8,1944212.413,
2496,64,Suburban,Low,141,17237.7,54949.8,6863.7,2430512.9,329,347,4373,2,Monthly,16,30.4,10,261824.3733,
2497,50,Suburban,High,846,4092.8,6205.8,600.8,3462489.1,178,326,3482,38,Weekly,1,71.7,10,365905.2329,
2498,59,Rural,Middle,607,14398.4,16506.4,6757.2,8739807.4,63,311,2714,5,Weekly,16,5.9,10,889535.3389,
2499,53,Rural,Low,877,5789.1,26570.1,2764.3,5077070.6,258,306,249,16,Monthly,15,21.3,10,517778.5163,
2500,41,Urban,Low,706,13672.6,64476.7,6130.8,9652867.7,65,310,558,9,Daily,6,9.8,2,967767.5261,
2501,26,Suburban,High,110,13319.5,17377.7,2454.4,1465139.6,357,191,1585,20,Monthly,3,59.3,7,156484.8394,
2502,50,Urban,High,52,5455.9,17452.2,582.3,283706.2,187,361,3446,28,Monthly,12,60.2,8,45904.86601,
2503,23,Suburban,Low,615,4695.4,14831.6,2228.8,2887688.5,227,16,3694,28,Weekly,19,25.4,10,306692.5272,
2504,61,Rural,Low,613,2087.7,5197.8,496,1279769.8,199,128,2331,19,Daily,3,24.9,1,135370.9915,
2505,29,Rural,Low,654,1020.3,3342.1,228.7,667267.9,294,303,4839,14,Monthly,4,58.8,3,80085.77752,
2506,25,Suburban,Middle,713,17170.4,48634.9,3514.3,12242521.3,251,185,1724,1,Daily,15,12.2,6,1233409.72,
2507,17,Suburban,High,970,1006.5,2977.7,199.1,976294.7,318,130,1586,32,Weekly,8,59.4,7,110638.0075,
2508,61,Rural,Low,319,1783.9,7173.8,702.6,569075.6,193,165,4836,11,Monthly,10,7.9,5,72250.38107,
2509,24,Rural,High,199,4784.7,14850.8,2216,952145.8,119,93,1905,12,Daily,11,21.9,7,106024.0338,
2510,18,Urban,High,796,17754.3,40739.6,7357.8,14132414.8,179,279,2792,43,Daily,13,36.8,6,1427164.577,
2511,36,Rural,High,729,6665.5,22168.2,2463.8,4859133.3,52,213,416,43,Weekly,14,9.6,7,495799.6388,
2512,41,Suburban,Low,46,3844.1,13696.5,826.9,176827.4,110,141,2578,38,Daily,4,6.3,4,29221.54311,
2513,23,Urban,Middle,505,14314,52235.1,4563.1,7228547,224,115,3613,38,Daily,9,20.2,2,735486.3163,
2514,63,Suburban,Low,540,6388.2,22187.7,1244.3,3449630.4,330,321,803,37,Daily,17,42.6,8,358071.0609,
2515,17,Urban,High,514,6674,24416.2,965.1,3430435.5,98,304,2950,44,Monthly,7,58.7,1,353108.2294,
2516,21,Suburban,Low,895,14782.1,33117.5,2189.5,13230017.2,319,7,4211,20,Monthly,7,53.0,4,1335510.272,
2517,43,Rural,Low,17,5040.5,14035.6,1721.4,85689.2,48,56,3178,40,Weekly,3,39.9,4,21374.515,
2518,68,Suburban,High,315,17936.2,65912.5,2069.7,5649913.5,101,192,1569,15,Weekly,18,47.9,1,569172.3967,
2519,44,Urban,High,436,11232.8,45127.6,5496.2,4897509.2,240,22,3249,33,Monthly,10,39.2,8,507428.5353,
2520,41,Suburban,Low,388,10761.3,29449.1,5361.1,4175367.3,74,319,297,26,Daily,5,39.4,6,425701.8657,
2521,40,Urban,Low,77,5302.4,13051,847.2,408284.6,38,80,3232,42,Monthly,0,2.1,2,52116.49861,
2522,27,Suburban,Low,978,16703.5,64534.6,4525.3,16336058.1,216,284,781,2,Weekly,4,28.2,4,1637872.078,
2523,20,Rural,Low,899,11459.3,21643,4666.6,10301877.9,136,103,3032,8,Weekly,0,40.7,7,1044039.77,
2524,49,Rural,Middle,371,3118.8,3237.2,1503.3,1157065.8,6,217,4507,43,Monthly,2,43.2,9,137521.6945,
2525,63,Suburban,Low,165,4133.9,11924.9,1887.2,682093.8,247,142,4721,33,Weekly,2,37.0,7,85576.91405,
2526,52,Suburban,Middle,609,9370.4,15868.8,1891.9,5706595.3,324,85,422,18,Weekly,2,50.6,2,574031.9195,
2527,30,Suburban,High,617,15595,39192.4,2091,9622139.7,197,77,1117,37,Weekly,6,27.1,1,967388.8644,
2528,59,Urban,Middle,24,18786.5,40671.6,4048.3,450876.3,111,258,4638,25,Weekly,0,11.1,10,66093.16322,
2529,51,Suburban,High,712,13273.3,54540.8,3648.8,9450616.4,288,307,4850,22,Weekly,9,3.3,7,962498.2086,
2530,30,Suburban,Middle,35,10127.8,23553.6,2470.9,354473.1,38,228,3971,17,Daily,19,41.5,9,53198.14426,
2531,58,Urban,High,514,5022.1,17892.4,2056.8,2581376,115,78,2885,44,Monthly,4,36.3,2,269565.1994,
2532,63,Rural,Low,801,13460.6,49745.8,2734.1,10781965.1,185,162,535,45,Weekly,20,17.7,3,1085738.01,
2533,38,Suburban,Middle,844,19645,55513.1,8711.7,16580357,212,82,2265,39,Weekly,15,16.7,4,1669316.128,
2534,21,Suburban,Middle,854,9529.7,12620.3,1813.1,8138352.9,365,216,1377,40,Weekly,15,42.3,9,828761.4245,
2535,61,Rural,High,461,3251.2,12359.4,795.1,1498810.6,255,51,3648,44,Monthly,3,8.6,7,167932.0909,
2536,65,Rural,High,138,2075.8,2699.9,579.4,286457.4,320,164,1123,48,Monthly,16,10.6,2,36132.18854,
2537,59,Urban,Middle,849,5392.4,7532.4,1167.4,4578174,310,251,420,37,Monthly,12,18.7,4,465405.5684,
2538,58,Suburban,High,574,11393.1,20325.3,4631.9,6539665.8,113,213,2362,9,Weekly,2,63.8,4,663086.013,
2539,60,Suburban,Low,811,18936.6,40174.1,4995.8,15357613.4,270,211,314,42,Weekly,7,51.1,4,1542693.42,
2540,36,Urban,Middle,709,5990.3,26272.3,2724.5,4247129.8,320,163,2486,9,Monthly,1,40.6,10,438775.6258,
2541,38,Rural,Low,889,6114.8,22622.7,2968.3,5436030.1,175,319,1600,20,Daily,10,27.2,7,553585.9704,
2542,58,Urban,Middle,571,9628.8,24542.3,4274.4,5498034.2,310,360,3148,37,Daily,3,30.6,6,564411.8696,
2543,31,Rural,Low,265,18371.7,90287.7,5677.8,4868490.2,19,85,2617,37,Monthly,7,13.2,2,497084.4314,
2544,62,Urban,Middle,333,8386.9,16559.2,2549,2792841.2,203,3,99,46,Weekly,12,60.7,10,291922.8492,
2545,68,Rural,High,188,4472.4,15381.6,833.4,840802.8,126,5,890,6,Weekly,3,13.9,2,87759.53141,
2546,30,Urban,Middle,63,3271,14355.9,1102,206072.2,254,235,811,11,Daily,1,55.0,3,24690.21653,
2547,40,Rural,Low,820,9145.7,38486.1,4399.9,7499504.5,316,275,3532,40,Weekly,7,18.0,10,770538.4704,
2548,51,Rural,Middle,279,16015.5,21800.9,2117.9,4468336.2,255,290,1421,32,Monthly,17,54.7,1,452302.6833,
2549,26,Rural,Low,542,5834.1,22106.1,2339.4,3162100.9,288,20,4043,24,Weekly,6,22.6,9,333593.9507,
2550,66,Rural,Low,171,10255.3,20833.2,4592.5,1753661,292,329,244,27,Weekly,16,70.7,7,184204.241,
2551,30,Rural,Low,503,12064.1,29230.6,5967.9,6068260.1,152,195,3452,23,Monthly,13,66.3,7,621852.7901,
2552,19,Suburban,High,964,9014.9,26647.8,2108.6,8690367,199,149,2099,47,Daily,6,63.2,9,884451.0179,
2553,36,Rural,Middle,533,3841.9,15993.8,930.6,2047726.3,199,116,3262,30,Monthly,12,13.9,7,221240.4962,
2554,28,Suburban,Low,299,18435.7,30691.9,3538,5512273.1,302,4,2169,17,Weekly,1,7.0,1,557435.9845,
2555,37,Rural,High,201,11313.3,16225.8,4702.1,2273979.4,175,22,3482,22,Monthly,11,69.5,4,238265.4414,
2556,34,Suburban,Low,135,14585.4,23537.4,2275.6,1969028.5,270,327,1013,6,Monthly,1,31.9,9,206922.2438,
2557,49,Suburban,Middle,272,12724.5,23831.6,2635.3,3461063.9,180,190,4389,49,Daily,7,63.2,6,364429.1481,
2558,29,Urban,High,535,19961,24711.8,4353.6,10679124.3,218,12,245,7,Daily,17,35.6,8,1075508.198,
2559,19,Rural,Low,442,9131.6,42968.3,2282.7,4036184.7,118,189,4067,14,Weekly,1,47.1,3,415347.6169,
2560,63,Urban,Low,87,8505.2,19360.7,2285.1,739952.2,306,317,1207,37,Monthly,20,54.6,6,85931.30001,
2561,68,Urban,Low,31,7209.2,12312.6,2333,223485.1,321,27,3520,27,Weekly,3,39.0,4,35400.63777,
2562,67,Rural,Middle,121,7239,25708,3470,875913.3,333,340,2393,26,Monthly,16,67.5,8,102136.0899,
2563,61,Urban,High,69,5522.6,22907.9,1098.5,381062.6,320,142,3239,20,Monthly,13,4.4,3,48384.59811,
2564,42,Rural,High,646,19612.8,78704.9,8074.4,12669866.3,23,7,1639,43,Daily,7,60.3,5,1278579.893,
2565,44,Urban,High,883,17416.9,67487.6,6454,15379151.7,125,10,3476,26,Monthly,3,49.8,2,1548164.666,
2566,62,Rural,Low,961,6340.3,7621.8,928.3,6093021.9,84,179,2648,46,Daily,15,24.5,7,625707.9893,
2567,43,Rural,High,827,6111.5,25232.3,2592.2,5054234.2,199,3,3595,46,Monthly,8,34.4,9,525753.2943,
2568,50,Rural,Low,496,2079.6,6254.6,283.3,1031503.6,326,103,2083,41,Weekly,17,34.5,5,115537.0812,
2569,23,Suburban,Middle,924,17541.8,63086.5,6939,16208666.5,187,300,1039,40,Weekly,17,4.1,9,1634760.366,
2570,31,Urban,High,146,7441.6,35910.9,2874.8,1086474.1,329,54,2721,13,Monthly,12,39.0,2,116535.0875,
2571,57,Suburban,Low,984,11456.6,48606.7,4304.9,11273276.4,92,162,2759,20,Daily,10,5.7,8,1141404.233,
2572,51,Urban,High,333,18008.6,77463.6,3794,5996847.4,330,230,986,13,Daily,1,37.6,3,605181.7264,
2573,45,Urban,High,481,8167.9,14096.8,2690.1,3928775.3,182,345,2470,48,Daily,1,16.3,10,412174.6049,
2574,33,Urban,Middle,906,16139.3,46895.4,6530.5,14622198.7,227,211,959,42,Monthly,10,60.2,5,1471180.802,
2575,17,Suburban,High,263,8611.4,41311.5,3057.4,2264800.7,199,281,2252,5,Weekly,12,5.9,3,233982.569,
2576,64,Urban,Middle,293,14021.8,46703,5913.3,4108390.1,235,70,4252,11,Daily,14,21.9,5,423026.4111,
2577,28,Suburban,High,992,8629.4,12170.4,3237.3,8560341.3,44,301,4926,27,Weekly,15,30.0,5,871117.6188,
2578,19,Rural,High,429,7861.3,30873.3,1649.1,3372478.4,76,68,298,48,Daily,15,43.8,1,341901.8343,
2579,41,Urban,High,86,19814.3,23216.5,3194.5,1704027.9,141,282,18,28,Monthly,16,71.1,8,179983.7857,
2580,40,Urban,High,16,12250.9,48626,4322,196014,182,282,1522,36,Monthly,16,10.2,7,31256.85027,
2581,45,Rural,High,728,7354.1,33234.1,2970.4,5353821,119,154,2185,37,Daily,6,27.5,8,549269.0929,
2582,26,Rural,High,628,5163.8,13947.5,810.4,3242873.5,40,224,699,2,Weekly,8,49.4,3,327111.3731,
2583,22,Urban,Middle,118,804.9,2136.6,136.8,94981.7,260,348,4138,32,Daily,3,27.5,7,27719.05905,
2584,46,Rural,Middle,270,14134.3,31333.5,1481.7,3816250.5,244,189,624,49,Daily,14,18.1,7,394765.5811,
2585,59,Suburban,Low,395,7449.4,33580.2,2329.4,2942523.7,129,41,2416,45,Daily,10,58.9,2,305104.6128,
2586,25,Suburban,High,979,16426.9,52420.4,5205.9,16081906.4,6,173,4074,11,Weekly,5,14.3,3,1619967.315,
2587,54,Urban,Middle,855,7283.7,24160.4,2185.3,6227589.6,311,238,1152,11,Daily,0,24.9,6,631706.6664,
2588,28,Suburban,High,162,7472.9,27252.2,1691.9,1210601.8,66,270,1298,10,Daily,0,18.1,4,127381.7482,
2589,46,Suburban,High,700,15585.8,34303.2,4225.7,10910079.8,219,165,375,27,Monthly,4,69.2,4,1097157.771,
2590,22,Urban,Middle,104,9794.4,26750,3981.4,1018621.6,146,130,3992,50,Weekly,3,60.4,1,114038.605,
2591,64,Rural,High,653,17699,70201.9,3057,11557477.3,234,5,1382,34,Monthly,13,33.7,8,1169408.065,
2592,57,Urban,Middle,167,11806.8,58348.7,2132.5,1971737.9,29,358,851,33,Monthly,9,60.6,2,203944.1402,
2593,57,Suburban,Middle,300,4820.5,5482,1768.1,1446146.9,309,130,1307,21,Daily,0,49.5,6,153663.4664,
2594,51,Urban,Low,28,11369.8,13309.4,5079.6,318353.1,161,176,3178,38,Daily,20,26.3,10,50781.31967,
2595,35,Urban,Low,424,90,244.1,21.3,38157.2,131,22,482,22,Daily,11,15.9,10,15313.92286,
2596,19,Suburban,Low,784,6254.8,22758.1,2959.1,4903781.6,148,41,1047,11,Monthly,16,26.6,1,493620.3134,
2597,69,Suburban,Low,562,4167,10606.8,512.8,2341835.6,82,153,918,18,Weekly,2,37.8,1,236942.5727,
2598,22,Urban,High,883,13087.2,65417.2,1929.2,11556011.1,361,46,2528,30,Weekly,9,15.2,10,1171950.603,
2599,69,Suburban,High,156,2729.4,4862.3,775.1,425788.2,342,350,4083,12,Monthly,0,20.4,2,52318.96139,
2600,16,Suburban,Low,324,5809,5993.2,2262,1882131.5,83,9,2365,18,Monthly,18,46.9,6,200674.2307,
2601,59,Suburban,Middle,348,6632.9,11677.3,1647.2,2308234.6,73,101,2190,35,Weekly,17,52.4,4,240558.148,
2602,60,Suburban,Middle,121,75.8,344.8,24.4,9175.6,355,47,4611,21,Daily,12,33.4,8,19298.04535,
2603,57,Suburban,Middle,956,944.9,1493.4,105.3,903289.7,214,330,2047,43,Weekly,19,69.8,7,105383.9308,
2604,62,Suburban,Middle,652,6229.4,18164.3,1773.7,4061576.2,26,207,1734,29,Monthly,16,22.7,4,414636.6453,
2605,28,Rural,High,528,4454.9,11926.2,877.8,2352190.1,290,241,1536,3,Daily,3,65.7,4,241374.8231,
2606,37,Urban,Middle,821,2347,8596.7,719.5,1926858.8,71,3,2372,12,Daily,8,20.5,5,203549.8709,
2607,69,Suburban,Middle,950,3091.7,3766.9,959.5,2937106.9,350,264,1549,19,Weekly,9,53.2,7,303754.0148,
2608,36,Urban,Low,561,16712.4,60749.5,6706.1,9375647.3,177,36,1245,38,Daily,9,71.9,10,952767.1408,
2609,37,Rural,Middle,164,13669.6,33066.8,4318.7,2241807.6,89,299,2533,5,Monthly,14,60.2,9,236859.4415,
2610,43,Suburban,High,62,9687.5,45571.6,3349,600625.6,177,243,1814,43,Weekly,4,34.7,5,71101.58101,
2611,24,Urban,Middle,340,18178.4,79904.1,5669.1,6180658.3,27,238,3526,11,Monthly,17,9.8,3,628967.9899,
2612,41,Suburban,Middle,666,600.8,1560.8,298.1,400106.4,289,319,1131,15,Monthly,10,69.6,9,51239.57082,
2613,24,Suburban,High,312,6905.2,34329.9,2877.1,2154437.8,328,219,4465,44,Monthly,12,52.2,1,228873.4377,
2614,30,Suburban,Low,376,16469.4,19891.4,6625,6192509.6,305,201,2959,16,Weekly,16,60.5,2,627402.9586,
2615,25,Suburban,High,346,12569.5,52220.3,4410.7,4349046,63,27,4488,7,Monthly,17,41.7,4,448359.2288,
2616,39,Suburban,Low,150,19633.9,53705.6,6113,2945089.8,19,89,4214,32,Monthly,15,35.0,6,310666.5183,
2617,57,Suburban,Middle,888,18890.9,51632.9,4494.2,16775077.7,278,269,1773,43,Daily,17,6.6,3,1686409.924,
2618,23,Suburban,Low,585,3407.2,5725.8,1409.2,1993183,346,307,4449,38,Daily,4,5.4,10,219549.2637,
2619,39,Rural,Low,581,19440,59477.1,3418.4,11294651.7,67,324,765,11,Monthly,7,42.3,3,1134294.467,
2620,31,Rural,Low,977,18911.2,25319.8,2167.6,18476281.8,238,124,3004,25,Daily,13,14.4,9,1864748.372,
2621,64,Suburban,Middle,177,7478.5,25922.7,2836.4,1323691.5,137,281,1580,18,Weekly,19,48.9,3,139414.3924,
2622,41,Suburban,Low,354,19657.8,38654.3,3104.8,6958853.1,163,255,1661,12,Daily,12,69.0,5,705359.0507,
2623,42,Rural,Low,514,726.5,2833,335.3,373433.6,327,359,1670,9,Weekly,8,26.3,3,43561.43139,
2624,52,Rural,Middle,309,13218.4,45331.8,5396.7,4084486.7,335,2,1087,33,Weekly,0,53.3,1,412636.1973,
2625,19,Rural,High,119,5330.3,21244.5,1817.1,634305.1,293,329,3947,30,Daily,17,65.7,5,78838.62809,
2626,65,Suburban,High,519,2598,10389.2,586,1348345,28,123,3489,26,Daily,6,60.9,5,148218.2038,
2627,39,Urban,High,767,11554.9,20646.8,4104,8862626.1,256,236,4377,2,Weekly,8,7.0,3,896785.0629,
2628,34,Urban,Middle,996,6133.9,6150.5,1783.4,6109406.9,291,77,2600,43,Monthly,6,49.1,9,628990.9212,
2629,51,Urban,Middle,973,13339.8,32856.6,2887.5,12979663,112,78,2489,4,Monthly,7,22.5,10,1312519.034,
2630,54,Urban,High,916,10804.2,50523.5,5164.8,9896666.6,240,332,3381,4,Monthly,17,65.1,4,998550.2709,
2631,25,Suburban,Low,478,7857.9,26022.1,1294.6,3756058.1,243,163,1436,36,Monthly,20,13.1,3,384338.4877,
2632,40,Urban,High,414,3644.6,14250.5,1462.8,1508874.8,153,150,815,6,Daily,9,16.8,5,156529.0676,
2633,33,Rural,Middle,587,12029,54350.4,5052.4,7061018,265,48,231,39,Daily,16,35.9,7,717121.4182,
2634,34,Rural,Low,351,16586.3,76699,7973.3,5821798.4,52,114,1484,50,Weekly,18,24.5,2,590473.175,
2635,51,Urban,Low,506,12004.1,37406,3838.5,6074069.2,265,64,3655,47,Weekly,0,26.5,5,623719.0588,
2636,25,Rural,Middle,195,12214.3,38643.4,3834.7,2381797.4,54,150,1478,41,Monthly,1,31.1,3,247657.5879,
2637,48,Suburban,Low,187,10241.6,45101.6,4794.3,1915184.6,133,73,4484,12,Weekly,13,11.2,9,210376.0476,
2638,65,Urban,High,450,7770.9,32870.5,3267.2,3496914,191,47,1331,33,Daily,3,7.8,8,363536.3366,
2639,20,Urban,Middle,496,9154.6,34745.6,3711.8,4540674.8,124,296,1280,35,Monthly,16,14.7,9,466707.8288,
2640,62,Suburban,Middle,515,19790.9,67642.6,8226.2,10192334,218,362,2421,33,Monthly,16,38.9,6,1032340.634,
2641,64,Rural,Middle,696,14995.9,52018.6,4457.9,10437127.9,365,181,3623,2,Monthly,7,29.5,4,1053214.747,
2642,50,Suburban,Middle,847,8616.9,21125.5,1004.4,7298500.5,322,259,2239,9,Weekly,0,48.1,9,741927.8249,
2643,59,Suburban,Low,273,9151.4,39933.5,1640.9,2498319.9,301,95,3594,42,Monthly,16,50.2,4,264709.9414,
2644,49,Rural,Middle,880,9997.6,34703,3571.1,8797926.6,71,101,1405,34,Daily,7,45.8,4,887828.036,
2645,48,Suburban,Middle,52,13189.7,24982.8,3409.1,685863.9,214,83,1887,36,Monthly,12,17.1,2,76190.33051,
2646,36,Rural,Low,263,9324.5,18270.2,3195.6,2452344.8,362,82,2182,5,Weekly,1,45.2,1,249653.5415,
2647,32,Rural,Middle,368,13726.7,61034.7,4401.8,5051433.2,33,121,178,20,Weekly,16,41.0,10,515476.6227,
2648,37,Suburban,Low,133,6590.5,23085.3,1815.4,876531.7,336,3,550,44,Monthly,6,46.3,4,96876.51314,
2649,63,Rural,Low,994,8218.7,21326,1593.5,8169374.1,171,13,4651,4,Monthly,15,18.7,6,831980.4118,
2650,52,Suburban,Middle,225,17282.4,30216.6,6698.4,3888544.9,344,164,4074,2,Weekly,16,71.2,4,400874.867,
2651,30,Rural,High,310,6584.8,22657.5,3052.8,2041295.5,350,105,4904,19,Daily,3,71.1,4,217597.6187,
2652,50,Urban,Middle,573,19289.1,33509.8,7869.7,11052648.7,301,345,3366,29,Daily,9,63.4,2,1116649.88,
2653,43,Rural,High,877,3458.4,9962.4,511.9,3032993.9,291,348,4252,11,Monthly,8,17.9,3,313453.5141,
2654,22,Rural,Low,16,4841.2,17961,1525.8,77458.9,237,166,200,34,Monthly,9,54.4,3,14271.15919,
2655,47,Suburban,High,741,9279,30264.8,4028.4,6875708,337,75,3895,31,Monthly,18,9.9,7,703806.2547,
2656,26,Rural,Middle,195,15950.2,74780.9,5365.5,3110289.1,102,60,1346,18,Weekly,5,66.1,4,317869.6733,
2657,25,Urban,Middle,763,14634.2,16959.3,4036.5,11165889.9,10,233,4440,14,Weekly,11,16.9,3,1127540.871,
2658,24,Urban,High,443,3497.6,7412,747.8,1549426,41,73,2463,9,Monthly,10,32.3,5,164960.7719,
2659,29,Rural,Middle,303,4741.3,5824,1100.7,1436624.1,126,278,2144,25,Weekly,14,46.7,4,153620.3804,
2660,28,Rural,High,48,11509.5,20468.7,2265.8,552456.3,273,149,620,5,Weekly,19,27.0,1,55869.90106,
2661,40,Urban,Low,747,5910.3,8841.5,1053.8,4415026.4,327,123,1777,47,Daily,13,17.9,6,453310.2025,
2662,17,Suburban,High,121,8452.3,33222.9,2836.1,1022726.3,11,289,3880,46,Weekly,11,57.3,5,119557.2802,
2663,50,Urban,High,499,9737,24123.5,2957.7,4858771.8,319,4,4974,25,Monthly,18,58.7,7,503736.8843,
2664,22,Urban,High,832,11889,55880.3,4683.5,9891629.4,195,237,1132,1,Daily,20,34.9,8,998917.8411,
2665,36,Rural,High,562,5028.5,5498.7,1122.2,2826026,20,208,954,48,Weekly,11,22.2,3,290490.6921,
2666,33,Rural,Low,469,3271.2,11814.5,930.1,1534179.4,273,172,131,47,Daily,6,51.4,4,160448.1444,
2667,18,Urban,Low,41,7977.3,38946.5,2968.7,327068.6,235,207,604,31,Weekly,4,64.9,5,40108.54281,
2668,57,Suburban,Low,456,1649.7,2810,800.6,752265.1,227,150,4661,2,Weekly,14,58.1,8,91659.73517,
2669,69,Urban,High,534,10540,29193,2524.8,5628379.1,227,224,1400,18,Daily,15,40.9,10,577043.4067,
2670,54,Urban,Low,371,16793.7,63943,3682.6,6230465.3,354,59,3266,35,Weekly,10,5.2,7,638616.6231,
2671,56,Suburban,Middle,182,2388.3,8436.9,668.1,434674.9,341,293,4353,19,Monthly,19,66.3,7,59100.89128,
2672,64,Urban,Low,517,2263.5,7388.3,881.7,1170220.9,272,151,4075,29,Weekly,16,65.5,5,130791.601,
2673,26,Urban,High,657,1613.6,3722.5,782,1060104.8,279,161,3939,36,Daily,5,19.2,4,120356.8738,
2674,54,Rural,Middle,869,16958.7,66356.2,5335.5,14737151.3,124,113,2893,44,Daily,19,49.7,1,1484286.942,
2675,39,Suburban,High,590,1623.3,5865,689.9,957741.6,195,232,2548,19,Weekly,5,27.5,6,108473.1039,
2676,61,Rural,Middle,231,19669.4,32478.1,5620.7,4543632.8,71,186,3883,33,Monthly,11,16.6,9,472435.2778,
2677,34,Rural,High,809,7173,34834.9,831.7,5802991.4,232,239,1885,43,Weekly,19,1.8,2,589030.9003,
2678,19,Suburban,High,348,6582,21211.6,3012.5,2290520.5,173,247,338,16,Weekly,7,26.9,1,230642.5933,
2679,41,Suburban,Middle,479,1841.7,5712.7,397.7,882183.3,203,140,2066,41,Weekly,19,16.0,10,106052.2259,
2680,53,Urban,Low,209,11717,51472,1821.6,2448846.3,33,112,910,22,Weekly,4,2.7,5,253888.1808,
2681,57,Rural,Middle,675,11721.8,41748.9,5842.9,7912205.2,211,195,3996,40,Monthly,20,38.4,4,804793.5622,
2682,47,Suburban,Middle,680,9881.2,12825,2361.2,6719201.4,301,125,4818,8,Weekly,10,17.5,4,684328.9167,
2683,54,Rural,Middle,278,6227.3,18846,962.8,1731187.4,182,356,853,26,Monthly,1,42.8,1,177424.6722,
2684,60,Rural,Middle,749,7377.9,30414.7,1657.2,5526071.1,241,239,4270,16,Weekly,7,30.7,1,562604.2368,
2685,61,Suburban,Middle,688,6416.9,24383.6,1960.6,4414801.6,51,1,4086,40,Monthly,7,25.2,1,452329.5,
2686,51,Urban,High,53,8528.7,41646.1,1152.9,452019.3,343,121,4614,45,Weekly,7,27.7,8,66410.80781,
2687,55,Rural,High,861,6842.3,7524.3,1649.3,5891258.4,29,89,896,16,Daily,16,41.7,1,591510.7664,
2688,52,Suburban,Low,10,13513.6,27633.6,4966.8,135135.9,6,20,232,48,Weekly,6,60.2,5,23732.7674,
2689,48,Urban,Low,658,5922.8,18932.9,2762.2,3897183.7,133,273,2758,1,Weekly,2,48.5,10,403145.0881,
2690,51,Rural,Middle,739,7023.3,24426.6,1818.8,5190186.4,96,177,4629,14,Daily,0,8.8,6,534203.4267,
2691,18,Suburban,Low,748,8714.8,18278.7,2839.5,6518702.6,346,114,824,10,Daily,4,41.3,7,660324.3188,
2692,24,Rural,Low,464,89.2,384.2,31.6,41387.4,82,282,124,36,Weekly,15,55.6,5,11220.59966,
2693,23,Suburban,Middle,754,9846.7,16319.9,1263.3,7424434.9,277,27,3656,40,Monthly,3,23.1,9,762586.3638,
2694,48,Suburban,High,817,5123.8,5141.2,1213.8,4186175.5,315,188,697,8,Daily,14,45.6,1,421322.6937,
2695,21,Rural,High,583,1132.4,5446.6,423.2,660216.9,217,87,1061,13,Daily,16,1.0,7,75426.23097,
2696,56,Rural,Low,158,18221.3,46760,7184,2878967.9,280,80,247,7,Daily,16,67.7,6,293546.1236,
2697,54,Suburban,High,19,6455.2,31178.1,1564.6,122647.9,131,180,4095,42,Daily,12,20.0,9,33293.41521,
2698,19,Urban,High,55,8527.4,18007.6,875.7,469009.4,86,55,2006,11,Daily,10,65.3,6,57064.21356,
2699,28,Rural,Low,956,16548.6,20748.5,1700.3,15820451.8,328,247,1919,6,Daily,15,16.4,2,1587830.947,
2700,64,Suburban,Middle,727,3344.1,13677.7,1054.2,2431169.1,313,317,1611,2,Weekly,3,64.6,9,253924.9845,
2701,17,Suburban,Low,968,17007.7,73869.1,5452.6,16463427.6,93,233,140,25,Weekly,14,40.4,4,1650824.56,
2702,20,Urban,Low,721,4840.3,14367.8,1560,3489887,71,270,4192,2,Daily,11,14.0,9,366157.7523,
2703,59,Urban,Low,21,11784.9,15266.1,4580.8,247482.2,326,109,3663,45,Monthly,13,23.7,3,39101.06879,
2704,42,Urban,Middle,282,13716.7,49607,6426.4,3868112.5,326,238,3327,3,Monthly,12,59.9,3,395263.9239,
2705,47,Rural,Middle,761,18101.2,31289.3,8979.4,13775035.1,332,307,1377,31,Monthly,8,68.6,5,1387223.604,
2706,36,Suburban,Middle,540,12156.7,53459.3,4624.7,6564609.1,191,155,4040,45,Weekly,14,63.2,8,675245.6482,
2707,23,Suburban,Middle,935,9070.1,19011.8,2771.8,8480547,214,168,2863,13,Weekly,15,62.9,9,863360.9833,
2708,53,Suburban,Low,417,11449.7,50273.5,1790.7,4774510,47,68,1550,2,Weekly,9,1.3,4,483388.9545,
2709,23,Urban,High,808,4049.6,10965.2,1027.3,3272099.8,218,265,2017,12,Weekly,4,32.8,8,339476.9068,
2710,65,Suburban,Low,723,13784.6,46674,4534.9,9966262.9,89,235,807,7,Daily,10,60.4,10,1008237.126,
2711,18,Rural,Middle,285,3745.7,15575.7,1872.6,1067537.4,275,39,2845,37,Daily,5,3.5,5,119320.5038,
2712,69,Urban,High,532,11149.4,12952.9,1681.2,5931470,227,143,3439,1,Monthly,10,50.3,9,607135.2692,
2713,59,Urban,Low,532,12955.6,55510.4,5405.5,6892377.7,217,345,4630,37,Monthly,1,36.6,3,704375.3919,
2714,18,Urban,High,511,17972.7,27940.2,8978.7,9184038.3,240,18,2312,45,Daily,18,57.1,8,933970.4048,
2715,37,Urban,Middle,842,9009.3,21925.7,3803,7585826.1,301,52,671,30,Monthly,14,19.5,5,767478.1286,
2716,21,Rural,High,396,15508.9,44838.2,6309.9,6141528.8,341,222,304,38,Weekly,11,63.6,8,624583.4638,
2717,17,Suburban,High,120,3358.9,15389.7,683.5,403072.1,170,293,2476,26,Monthly,6,22.1,10,57156.08665,
2718,38,Rural,Middle,97,3132.4,3413.5,317.4,303839.7,365,80,4879,16,Weekly,5,68.5,1,42314.57895,
2719,59,Suburban,High,120,10500.7,33988.8,1999.3,1260085.5,232,181,1311,34,Monthly,10,46.5,9,138680.644,
2720,17,Rural,Low,537,11930.9,42594.2,4962.3,6406867.5,108,140,2840,45,Weekly,3,15.0,5,654810.536,
2721,53,Urban,High,153,12650.5,28670.2,1807.9,1935526.1,328,209,3933,23,Monthly,13,56.1,3,205109.8605,
2722,32,Urban,Low,245,14916,32247.7,3258.4,3654425.9,233,335,4132,0,Weekly,9,39.0,2,373683.5571,
2723,50,Rural,High,772,5905.7,17491.9,1919.4,4559185.3,170,281,4396,28,Daily,14,30.0,3,468795.1742,
2724,49,Rural,High,516,12455.9,21778,4134.4,6427259,135,122,135,25,Daily,3,34.5,1,645084.2532,
2725,38,Suburban,Middle,393,3770.9,10831.8,1196.1,1481964.1,131,211,3312,43,Weekly,12,29.4,6,164191.3766,
2726,45,Rural,Middle,143,4387.8,17814.8,2160.3,627450.3,37,344,4270,34,Daily,7,51.2,7,79388.72053,
2727,67,Rural,Low,504,1355.5,5939.3,142.2,683174.4,259,135,2851,50,Monthly,7,19.4,10,88685.58078,
2728,23,Suburban,Middle,794,14942.5,37963.7,4408.6,11864378.1,124,177,3032,43,Daily,12,37.4,7,1201592.013,
2729,37,Suburban,Middle,847,10144.8,35194.4,3061.4,8592636.7,263,39,2406,23,Weekly,10,54.6,2,866601.0467,
2730,59,Suburban,Middle,858,4771.3,4771.7,1036.9,4093803.1,353,75,3977,45,Daily,4,11.2,3,423405.7808,
2731,51,Rural,Middle,220,11129.2,35629.1,3450.4,2448422.3,217,353,2304,32,Monthly,17,21.7,4,255838.3576,
2732,20,Suburban,Middle,839,7091.3,34753.9,2618.9,5949568.5,170,49,3065,25,Weekly,17,16.2,10,613221.7354,
2733,28,Urban,Low,160,16745.8,37662.4,6180.9,2679332.2,98,217,1241,36,Daily,1,41.6,7,279907.3163,
2734,44,Urban,Low,76,10567.7,35709.3,1428.1,803143.4,358,246,3167,38,Daily,14,30.3,10,98488.93984,
2735,46,Urban,Middle,611,605.9,2453.4,255.1,370214.9,186,231,3670,50,Daily,4,24.0,8,55498.21466,
2736,62,Rural,Middle,692,19702.1,67691,9305,13633821.9,213,255,130,25,Monthly,19,26.4,9,1373528.585,
2737,31,Urban,Low,639,1495.2,3998.2,223.5,955450.6,358,203,626,37,Daily,3,34.3,6,104015.8059,
2738,57,Rural,High,32,13922.2,22419,3712.4,445510.5,312,144,287,49,Monthly,7,30.7,7,54593.4665,
2739,45,Rural,Low,777,8750.7,24981.7,2666.4,6799328.3,232,352,2707,37,Weekly,17,51.1,8,696046.8141,
2740,31,Urban,High,334,4993.9,10882.3,768.7,1667950.2,167,296,2103,10,Monthly,20,50.2,7,178519.6868,
2741,27,Suburban,Middle,525,13532.4,51202.3,4078,7104510.1,306,7,2047,28,Daily,14,2.9,7,723185.4099,
2742,32,Rural,Middle,440,2526.7,6993,461.7,1111742.8,161,101,2381,28,Weekly,11,51.4,9,125624.8349,
2743,31,Urban,Low,892,17166.4,75523.7,8139.3,15312385.5,284,296,1634,2,Daily,6,16.8,10,1543560.146,
2744,27,Rural,Middle,940,5019.7,8901.4,1402.5,4718549.6,184,326,1595,8,Daily,15,30.8,6,481005.0033,
2745,23,Suburban,High,993,7235.5,19325,3603,7184810.4,25,228,3255,34,Monthly,7,16.8,1,727537.9633,
2746,35,Suburban,High,352,12656.5,40880.9,1501.1,4455104.3,142,103,686,5,Daily,13,9.4,3,448757.0859,
2747,18,Urban,Low,339,30.6,46,4.6,10365.3,183,92,2711,8,Monthly,18,42.5,5,9836.78284,
2748,31,Rural,High,926,9460.2,31707.3,2623.2,8760186.7,84,278,4904,7,Weekly,17,68.5,9,894153.5187,
2749,45,Rural,Low,400,17886,38699.8,8044.1,7154414.4,231,357,4099,26,Weekly,7,27.4,1,724820.7572,
2750,60,Rural,Low,396,13611.5,26108.9,4384.1,5390157.4,223,187,1611,33,Weekly,15,49.2,2,546810.4025,
2751,38,Rural,High,202,7764.1,12171.4,3050.8,1568353.9,158,146,2482,50,Daily,8,33.2,3,167637.3312,
2752,43,Urban,High,962,13211.9,31702.3,3559.6,12709832.7,318,267,4877,23,Monthly,0,13.9,4,1286159.959,
2753,66,Suburban,High,530,18732,88338.9,2176.8,9927972.1,185,119,4062,47,Daily,7,66.4,6,1009597.019,
2754,55,Urban,High,909,3764.2,4231.1,1351.8,3421683.5,183,264,994,4,Daily,6,32.9,7,349241.3855,
2755,69,Rural,High,93,10640.8,46911.5,3762.6,989598.3,85,276,1401,9,Monthly,7,1.6,7,108103.8538,
2756,20,Rural,High,792,4702.4,12176.6,604.6,3724304.2,65,203,1553,19,Daily,12,33.4,2,377615.0438,
2757,35,Suburban,High,358,17086,55467.9,2876.5,6116770.3,52,59,2875,21,Weekly,2,1.4,3,620130.43,
2758,55,Rural,Middle,396,14423.8,44010.6,4189.6,5711822.6,3,347,3227,11,Monthly,1,57.4,1,578798.3722,
2759,59,Urban,Low,828,16023.5,75357.9,4465,13267464.3,77,153,3570,43,Weekly,12,27.1,1,1337907.474,
2760,16,Urban,Low,60,18860.8,76961.8,7562.6,1131648.4,135,186,659,28,Daily,3,44.6,6,121037.1118,
2761,45,Suburban,High,477,4653.9,22986.7,1186.6,2219887.6,326,115,964,30,Daily,1,55.4,4,229234.7216,
2762,36,Urban,Low,726,983.9,4110.4,359.4,714308.7,70,275,2074,5,Weekly,6,3.0,10,83894.88916,
2763,35,Urban,High,612,5825.2,12719.6,2223.9,3565001.2,162,362,987,45,Daily,8,37.8,4,365428.4841,
2764,21,Urban,Middle,1,7988.8,38757.9,2860,7988.8,96,236,612,6,Daily,18,46.3,9,9773.549272,
2765,37,Urban,Low,555,12506.9,61712.6,4233,6941354.2,16,66,2130,32,Monthly,8,34.5,8,709562.7656,
2766,33,Rural,Low,311,15956.1,23812.5,6737.8,4962351.5,230,263,3214,45,Monthly,10,22.7,3,509313.9689,
2767,23,Urban,Middle,168,7002.6,32241.1,2540.8,1176431.4,267,51,1276,14,Weekly,12,33.9,3,122669.086,
2768,54,Suburban,Middle,192,9475.2,34649,4109.1,1819239.3,306,351,2144,12,Daily,7,28.9,8,194401.9116,
2769,47,Suburban,Middle,34,15711.5,73655.1,5572.5,534190.7,343,331,4966,23,Weekly,13,44.4,2,66743.95138,
2770,48,Urban,Low,34,4514.3,21050.1,738.5,153486.9,6,232,3506,29,Daily,18,34.3,10,32881.81162,
2771,68,Suburban,Low,688,4350.5,19862,973.5,2993121.5,110,360,228,32,Monthly,4,10.2,5,306586.7748,
2772,31,Urban,Middle,417,11788.8,53534,2736.7,4915916,143,13,1018,19,Monthly,15,7.0,6,501046.3731,
2773,27,Suburban,Middle,708,8726.8,12833.5,1200.5,6178557.4,155,315,1220,18,Daily,6,12.6,5,625915.1771,
2774,53,Suburban,Middle,998,18978.4,29873.3,7153.4,18940490.2,207,294,2879,18,Monthly,13,5.7,1,1901310.342,
2775,67,Urban,Middle,158,7147,10514.1,2416,1129232.4,166,20,3357,37,Monthly,4,19.0,5,125865.4117,
2776,49,Urban,Middle,757,15193.5,20725.7,5103.5,11501492,260,213,3104,23,Daily,19,6.0,9,1165861.651,
2777,29,Rural,High,500,11666,28151.8,3399.6,5833012,173,270,4872,4,Monthly,15,43.9,10,602146.6918,
2778,51,Urban,Middle,366,1101,4113.1,349.3,402957.2,121,40,1546,21,Daily,6,32.6,2,46407.74755,
2779,48,Urban,High,340,1696.9,4104.3,175.2,576934.8,140,135,1611,21,Weekly,20,19.1,3,63726.74417,
2780,38,Rural,Low,858,4071.1,15800.8,563.8,3493002.3,168,262,3977,27,Daily,15,1.9,6,364339.3728,
2781,65,Urban,Low,335,2871.6,12293.8,1072.1,961993,84,181,4149,16,Weekly,11,11.4,3,108207.0842,
2782,60,Urban,High,583,6594.1,24166.6,1349.1,3844381.3,194,227,2378,30,Daily,15,48.3,6,397032.5574,
2783,17,Rural,Middle,327,11584,33135.1,1658.4,3787964.2,276,265,4600,46,Daily,16,18.7,7,398901.1097,
2784,56,Urban,Low,114,12051.2,26296.6,2789.4,1373839.9,268,106,4243,6,Daily,7,24.6,3,147068.9188,
2785,36,Urban,Middle,797,11759.5,17611.2,2373,9372304,38,321,4612,16,Daily,11,6.4,4,950299.5359,
2786,17,Rural,Middle,919,2361,7023,263.8,2169755.9,303,96,2327,11,Daily,4,39.9,6,227748.8425,
2787,42,Rural,High,418,12008.5,46573.7,3172.9,5019555.5,338,295,4511,6,Weekly,3,58.1,1,512119.5163,
2788,24,Suburban,Low,468,8200.8,26185.1,908.7,3837993.2,242,123,555,28,Monthly,18,26.1,1,388266.7768,
2789,16,Urban,Low,143,18062,70187.7,1809,2582869.3,330,277,205,44,Daily,11,9.1,5,266902.5702,
2790,26,Suburban,High,609,18240.6,42698.9,7606.1,11108503.5,199,37,1001,7,Weekly,3,68.7,8,1120383.435,
2791,18,Suburban,Middle,309,15365.8,19471.3,3472.5,4748030.6,298,268,3863,3,Weekly,6,37.3,1,482784.5876,
2792,67,Rural,Middle,401,14065.1,57447.4,4599.8,5640109.9,5,198,117,39,Daily,6,7.3,1,567015.4741,
2793,38,Urban,Low,320,2307.9,4336.3,505.7,738529.5,355,255,2527,15,Daily,18,36.3,1,78958.99642,
2794,41,Urban,High,212,1703,5901.3,803.8,361043.9,103,15,3851,15,Daily,2,4.2,10,54419.33261,
2795,19,Rural,High,317,16818.3,70925.5,6587.3,5331390.2,138,85,3761,21,Weekly,18,4.9,1,543024.4892,
2796,33,Suburban,Middle,185,8546,13301.4,2116.6,1581018.5,293,92,2900,10,Daily,18,23.6,9,171976.5772,
2797,21,Rural,Middle,205,9032.7,30656.9,1664.3,1851710,66,100,1458,40,Daily,12,49.1,2,192962.5212,
2798,50,Urban,High,364,16957.4,63717.3,2630.5,6172487.7,67,174,2701,10,Monthly,13,51.1,6,629106.8514,
2799,37,Rural,Low,216,12432.4,49557.1,5034.7,2685399.5,270,215,4636,4,Weekly,17,65.0,2,279759.5971,
2800,58,Urban,Middle,246,3596.4,5720.6,1011.3,884702.3,47,365,1048,41,Daily,6,8.7,5,98964.80895,
2801,30,Suburban,High,239,4228.2,18183,815.1,1010528.9,365,86,3000,37,Weekly,12,33.9,5,115749.5822,
2802,37,Urban,High,805,137.5,189.3,64.3,110671.1,180,82,2225,47,Daily,13,34.8,9,26863.53368,
2803,52,Suburban,High,391,14216.3,43762.5,3639.9,5558571.4,68,322,2187,11,Daily,16,33.7,4,564255.5193,
2804,67,Suburban,Low,520,9717.4,26952.6,3084.3,5053036.1,115,117,1105,39,Weekly,14,60.7,6,517206.4888,
2805,57,Urban,Middle,983,18999.8,35853.8,8419.2,18676782.4,26,167,4527,24,Weekly,8,58.6,4,1882719.845,
2806,27,Urban,Middle,590,14283.1,31533.2,6189.6,8427038.4,47,242,2993,44,Weekly,1,37.1,6,858281.4934,
2807,62,Suburban,Middle,836,2072,3434.9,735.9,1732210.1,207,278,530,12,Weekly,2,56.3,3,177101.7783,
2808,64,Rural,Low,277,3239.2,8755.3,1475.3,897262.2,73,342,4463,47,Monthly,7,5.2,4,105592.9316,
2809,57,Urban,Middle,957,10039.5,11465.5,4827.4,9607778.2,259,134,4862,25,Weekly,17,38.8,9,981232.1955,
2810,53,Suburban,Middle,202,18498.2,84271.7,8769,3736643.4,30,180,2100,10,Daily,10,7.7,1,377470.2984,
2811,33,Suburban,Middle,214,4952.5,8191.3,1186.6,1059845.5,3,165,4642,39,Daily,9,62.6,7,124267.775,
2812,60,Rural,Middle,606,16513.3,75037.8,4274.8,10007089,9,212,3440,22,Weekly,20,36.7,3,1010724.406,
2813,50,Urban,Low,478,6252.3,27849.8,1226.7,2988611.7,8,6,4762,12,Weekly,10,2.2,9,317776.0532,
2814,45,Suburban,High,508,5405.2,15170.9,2349.8,2745864.4,9,73,3650,32,Weekly,2,40.0,7,291134.0338,
2815,39,Rural,High,976,18028.8,53922.5,2681.4,17596148.9,152,357,1996,27,Weekly,11,53.4,2,1766961.733,
2816,57,Suburban,Middle,75,954.4,2106.9,231,71577,142,77,741,50,Weekly,8,10.6,5,17510.45329,
2817,45,Urban,Middle,982,13218.2,65925.8,1373.3,12980285.5,336,283,1074,3,Daily,11,21.1,1,1300826.823,
2818,29,Rural,Middle,669,872.9,3215,294.9,583982.6,274,215,2962,27,Monthly,13,32.8,1,65529.07775,
2819,21,Suburban,Low,665,16017.3,76998.7,5819.9,10651483.3,27,165,2703,33,Weekly,12,30.4,7,1078733.434,
2820,18,Rural,Middle,954,16589.8,44115.4,3311.2,15826662.6,348,174,866,50,Weekly,7,36.7,7,1595803.289,
2821,31,Urban,Low,142,17868.2,80979.9,7052.4,2537284.1,71,98,3782,50,Weekly,2,2.2,8,272061.4142,
2822,22,Rural,Middle,590,3729.9,10417.5,942.2,2200664.8,219,25,2132,9,Weekly,18,53.4,8,231763.2646,
2823,67,Urban,Middle,322,2498.7,11162.6,561.4,804587.2,290,151,1192,48,Monthly,5,23.4,7,94611.31889,
2824,29,Suburban,High,694,10075.7,15352.4,4861.2,6992511.9,256,220,4021,7,Monthly,15,50.8,3,710127.8128,
2825,24,Urban,Middle,461,5439.9,19297.7,1825,2507810.5,103,154,2077,8,Daily,13,61.7,3,258670.7225,
2826,30,Suburban,Low,707,12129.9,45060.3,2437.2,8575829.7,147,76,1170,17,Weekly,0,49.8,2,863403.5471,
2827,36,Suburban,High,670,10279.8,37261,5071,6887471.6,158,231,4183,1,Weekly,19,48.7,1,697765.7154,
2828,50,Urban,Low,146,2905.6,8101.1,741,424216.7,348,3,4923,17,Daily,7,42.1,8,60756.67117,
2829,17,Suburban,High,54,14788,55243.1,5310.8,798552.9,140,73,590,39,Daily,5,1.1,6,89982.07096,
2830,42,Rural,Low,356,16077.6,31477.7,6262.9,5723643.3,143,111,3491,1,Weekly,4,65.2,5,584073.8398,
2831,17,Suburban,High,277,19261.2,65168.3,5179.7,5335360.7,109,335,2224,21,Monthly,6,60.2,1,540097.6829,
2832,50,Urban,Low,821,7916.8,25467.9,2488.8,6499711,359,72,4877,15,Daily,0,14.8,5,665464.2488,
2833,33,Rural,Low,595,6761.3,15370.9,1324.6,4022986.2,320,255,2639,36,Weekly,12,13.8,10,420151.2311,
2834,29,Rural,Middle,400,3853.3,15858.2,1103.3,1541332.2,64,218,4845,31,Weekly,15,3.6,8,174492.4425,
2835,35,Suburban,High,668,3625.5,4798.3,813.3,2421829,271,208,1616,9,Weekly,18,27.9,8,252790.6183,
2836,33,Suburban,High,516,6427.9,10835.8,2050.4,3316773.3,186,249,3268,40,Daily,11,70.9,10,352101.999,
2837,25,Urban,Middle,499,19636.5,56643.5,7225.4,9798621.4,356,290,4904,33,Daily,13,7.9,6,998000.4494,
2838,40,Rural,Low,311,1854.3,8468.3,640.8,576672,323,340,4898,47,Daily,14,41.1,2,71925.98905,
2839,17,Urban,Low,271,5194.7,17145.9,2133.4,1407771.9,1,65,2495,15,Weekly,11,19.8,2,148218.0176,
2840,40,Suburban,High,576,1728.7,7551.5,201.6,995735.9,7,285,1204,48,Daily,16,62.2,2,107678.8898,
2841,69,Rural,Low,449,5479.9,16824.8,720.3,2460471.3,1,4,164,33,Weekly,8,37.0,8,257505.1085,
2842,48,Urban,High,112,1857.1,7691.8,338.2,207995.7,261,196,2483,36,Monthly,3,61.6,8,35852.16119,
2843,51,Urban,High,239,10171.1,23426,5027.8,2430891.5,47,119,3601,39,Monthly,17,67.0,8,259850.1455,
2844,46,Urban,Low,144,8772.7,37376.8,3685.5,1263273,356,190,3860,33,Monthly,11,46.0,1,137618.279,
2845,29,Urban,Low,374,3489.3,9095.6,1638.7,1304985.5,266,166,3327,43,Daily,10,21.1,9,149469.4232,
2846,16,Urban,Low,20,3504.4,11337.9,731.8,70088.2,2,232,1856,12,Weekly,20,32.8,10,20450.42434,
2847,61,Rural,Middle,576,12525.9,21338.2,4127.8,7214930.1,23,130,2000,47,Daily,1,45.8,4,733959.9862,
2848,31,Urban,High,289,7748.6,36276.7,2494.7,2239332.6,359,92,4572,36,Monthly,19,47.2,9,243301.5472,
2849,69,Rural,Low,593,1133.3,4313.3,371.5,672068.7,303,332,4452,11,Weekly,20,5.8,7,83041.87968,
2850,61,Urban,Middle,197,18404.7,81632.3,7123.1,3625716.1,84,125,2364,14,Monthly,13,25.9,3,371411.8656,
2851,67,Suburban,Low,382,8105,14843.9,2087.8,3096110.1,204,300,1210,29,Weekly,11,38.8,10,324092.9392,
2852,18,Suburban,High,581,11825,15026.5,4385.7,6870348.6,227,207,3013,30,Daily,1,24.9,10,705126.2828,
2853,50,Urban,Middle,698,17709.4,41596.5,7356,12361150.6,252,114,1798,28,Weekly,10,42.0,3,1244647.621,
2854,56,Suburban,High,679,8049.2,24684.7,1735.6,5465378.5,305,361,546,33,Monthly,4,13.5,2,551196.7932,
2855,21,Rural,Low,717,16415,69098.6,7851.2,11769550.8,151,351,4954,31,Weekly,13,3.5,7,1196099.281,
2856,40,Urban,Low,492,18295.9,47402.9,5620.9,9001581.3,247,101,41,43,Weekly,14,25.2,8,911730.496,
2857,28,Rural,Low,164,3489.6,7257.8,1371.8,572295.5,306,32,1748,22,Monthly,19,41.3,1,63120.33348,
2858,68,Urban,Middle,606,17850.9,44452,6989.9,10817660.1,17,131,3226,9,Monthly,2,1.8,7,1094173.39,
2859,49,Suburban,Middle,249,2405.5,9175.4,784.4,598957.2,304,17,1560,7,Monthly,16,44.4,2,64944.76638,
2860,23,Rural,Middle,68,5509.8,12919.8,1262.1,374666.2,2,248,3777,20,Monthly,5,26.2,7,53985.62378,
2861,36,Suburban,Middle,855,16166.1,79483.5,5929.4,13822055.5,197,64,2566,10,Weekly,6,71.5,6,1393423.717,
2862,49,Suburban,Low,21,18014.7,30623.5,2430.4,378308.4,341,78,4291,11,Weekly,12,56.6,9,55817.2437,
2863,19,Urban,Low,831,13685.9,54913.2,6741.3,11373011.5,269,200,1767,48,Monthly,0,21.7,7,1150362.604,
2864,40,Rural,Low,512,2105.5,7067.3,365.5,1078000,61,41,1320,38,Weekly,12,70.0,9,122045.2336,
2865,30,Suburban,Middle,597,10464.6,20221.6,2199.4,6247375.5,267,258,4530,46,Monthly,5,20.8,5,642811.1139,
2866,19,Urban,Middle,390,11457,45993.4,5519.7,4468212.8,97,181,3944,18,Weekly,16,8.7,6,460055.3194,
2867,60,Urban,Low,536,5644.4,15748.7,985.6,3025385.5,283,290,1755,33,Daily,5,2.9,6,314731.6932,
2868,27,Urban,Low,111,19826,73942.9,3331.5,2200686.4,247,125,3863,37,Weekly,3,56.6,3,232587.0749,
2869,47,Suburban,Middle,949,6719.2,24518.6,2834.3,6376523.5,35,344,4943,33,Monthly,5,23.7,3,652214.4746,
2870,47,Urban,High,863,4213,6077.6,844.8,3635812.8,274,112,4576,45,Daily,0,70.9,1,377077.7117,
2871,43,Rural,Low,595,2211.6,9642.5,305,1315913.4,68,235,282,25,Daily,0,44.9,4,137640.7554,
2872,28,Rural,Low,870,7576.2,28228.3,1444.5,6591329,189,202,4692,39,Monthly,18,12.7,3,673235.9416,
2873,46,Suburban,Low,460,13855.4,57117,6309.1,6373505.9,41,40,3810,15,Monthly,18,24.9,7,652282.8857,
2874,29,Rural,Middle,78,4636,12939.4,983.4,361610.2,96,199,826,18,Weekly,12,37.4,6,44674.62317,
2875,35,Urban,Low,434,15393.2,27403.7,5819,6680644,171,311,4003,49,Weekly,6,52.2,9,689084.7731,
2876,33,Suburban,Low,380,2716.7,6261.5,701.1,1032335.1,67,126,289,28,Daily,10,43.0,10,115921.841,
2877,44,Urban,Low,652,8815,40600.6,1805.7,5747350,308,74,563,44,Weekly,19,19.5,3,582238.582,
2878,21,Suburban,Low,440,14050.5,66768.8,2214.6,6182198.5,119,179,4597,37,Weekly,11,34.8,6,636814.0519,
2879,47,Suburban,Low,888,2714.8,7947.6,1327.2,2410773.4,341,5,653,35,Weekly,8,16.4,9,254720.5368,
2880,44,Urban,High,783,11960.9,26256.3,3689.3,9365357.9,171,312,3130,20,Daily,12,25.8,10,953442.1216,
2881,58,Rural,High,339,15981.1,62665.6,2331.7,5417579.6,186,118,1080,9,Weekly,6,21.3,3,546682.3047,
2882,17,Rural,Low,988,11915,48422.3,2139.1,11772042.2,70,232,1655,46,Weekly,19,64.8,9,1193680.736,
2883,38,Suburban,Low,424,10234.2,43616.6,2690.8,4339285.5,245,149,3108,22,Monthly,4,57.0,3,445077.5491,
2884,34,Urban,Low,169,16767.6,18852.4,5326.5,2833725.8,159,314,3769,43,Daily,15,38.7,1,295852.4083,
2885,46,Urban,Low,709,19708.6,20475.9,3404,13973363.9,284,201,466,43,Monthly,19,13.4,3,1404780.282,
2886,66,Suburban,Middle,965,3634.4,8826.7,767.2,3507240.3,107,349,4895,6,Daily,17,43.1,5,364985.3194,
2887,20,Rural,Middle,262,13830,22266.1,5718.5,3623463.5,36,31,3859,37,Monthly,11,26.2,8,381280.9748,
2888,34,Urban,Middle,727,1622.3,6846.2,433.2,1179444.5,348,237,3534,4,Monthly,0,3.6,1,124523.3835,
2889,49,Rural,High,579,866.4,2713,87.1,501641,195,155,2027,18,Monthly,7,49.9,4,59534.78986,
2890,25,Rural,Low,229,5623.6,24189.2,683.7,1287797.8,268,198,3256,45,Monthly,3,19.2,10,149481.4647,
2891,40,Suburban,Middle,161,19418.7,33160.4,5354.3,3126408.5,76,107,3692,32,Weekly,16,17.6,8,328738.4666,
2892,17,Suburban,Low,427,11048.4,38767.6,1370.5,4717663,280,159,3415,23,Weekly,2,48.1,6,485777.0198,
2893,26,Rural,Low,122,5372.7,17841.2,911,655474.8,321,169,2900,42,Weekly,17,62.9,4,79122.46128,
2894,65,Urban,High,149,2660.4,6282.6,1040.6,396399,348,301,1967,22,Monthly,7,21.0,3,46537.50903,
2895,46,Urban,High,852,18404.5,56470.9,5376.9,15680605.2,80,258,2660,21,Daily,20,56.2,1,1575902.793,
2896,30,Suburban,Middle,705,7253.7,24344.2,2125.2,5113864.1,98,62,2252,35,Daily,20,63.9,10,527076.4621,
2897,24,Rural,Middle,743,6140.9,27989.8,2083.5,4562672.7,282,149,2026,45,Monthly,0,16.0,8,472521.8656,
2898,38,Urban,High,111,17160.7,20979.9,7128.7,1904836.5,118,162,4553,20,Monthly,8,66.1,2,201485.1112,
2899,34,Urban,High,657,12092,51917,1976.3,7944452.3,223,86,2734,17,Weekly,1,21.1,7,808152.5604,
2900,24,Suburban,Low,221,3381,16636.8,572.1,747208.9,252,13,1254,37,Monthly,9,16.5,3,81583.04864,
2901,50,Rural,Low,904,8436,33129,1253.3,7626140,80,275,1291,26,Weekly,13,26.6,5,771360.3864,
2902,36,Urban,Middle,64,18565.3,73321.7,8813.6,1188181.7,314,124,945,36,Weekly,0,17.2,6,129833.3857,
2903,24,Suburban,Middle,638,18025.1,33741.1,5964.8,11499987.9,170,358,1786,48,Monthly,9,41.7,3,1159258.743,
2904,43,Urban,High,730,1411.5,4364.8,193.5,1030391.2,157,104,488,24,Daily,7,34.6,6,111438.6772,
2905,61,Urban,Middle,796,5379.6,20570.2,1012.7,4282143.9,334,49,4135,38,Daily,2,48.6,7,445452.3532,
2906,66,Urban,Low,354,3099.2,10565.7,1209.4,1097131.9,328,3,4825,29,Monthly,12,52.4,10,130654.5851,
2907,22,Suburban,High,474,10680.9,27135.1,1192,5062744.8,2,250,747,42,Weekly,2,6.8,7,517182.7421,
2908,31,Rural,Low,909,15002.2,71417.4,5854.8,13636969.4,203,253,1622,13,Weekly,6,11.9,2,1369381.648,
2909,31,Suburban,High,748,5917.9,18084.8,2749.4,4426595.8,258,211,355,33,Daily,10,57.1,2,446322.5138,
2910,48,Rural,High,485,15162.3,73984.7,1858.2,7353735.7,251,71,2739,31,Weekly,13,5.7,3,745552.0341,
2911,19,Urban,Low,13,13377.6,43550.9,2335.3,173909.1,146,271,1615,30,Daily,6,47.8,7,30427.01007,
2912,19,Rural,Middle,934,14567.2,60796.5,1470.6,13605729.3,325,38,3590,48,Monthly,18,48.1,1,1373386.093,
2913,54,Urban,Middle,153,18965.4,75256.4,2723.7,2901704.9,275,153,2810,1,Monthly,14,53.3,8,302044.9209,
2914,55,Urban,Middle,239,8498,30960.7,2947.1,2031019.9,19,317,3148,46,Weekly,7,16.5,4,215873.0511,
2915,32,Suburban,Middle,190,6857.9,7254.6,808.7,1303007.6,252,215,715,38,Monthly,0,11.7,6,139792.5623,
2916,52,Urban,Low,663,13680.1,17917.1,3698.2,9069910.1,284,10,3930,34,Monthly,2,32.9,5,922557.264,
2917,54,Suburban,High,86,16153.1,53724.1,4867.9,1389163.8,331,100,4766,22,Weekly,7,4.0,1,151083.6185,
2918,67,Rural,Low,21,3837,17831,1775.2,80576.8,50,357,4496,5,Weekly,12,60.8,5,21136.09043,
2919,44,Rural,Middle,694,16937.5,57664.9,4907.1,11754641.7,311,298,4325,20,Daily,17,54.0,5,1190622.218,
2920,67,Urban,Middle,319,1166.5,2267.6,183.2,372104.3,137,234,3393,25,Monthly,6,63.8,7,52548.68492,
2921,51,Suburban,Low,158,137.8,314.3,29.7,21774.2,226,199,4162,29,Monthly,19,6.0,9,20829.68737,
2922,53,Urban,High,971,3177,11096,1171.9,3084826.9,221,174,1682,40,Weekly,5,66.4,9,324134.413,
2923,54,Suburban,Low,964,19573.6,66319.5,2835.2,18868909,113,217,3293,41,Monthly,7,54.7,1,1897638.304,
2924,65,Suburban,Low,481,10476.1,50524.1,2018.7,5038990.6,149,40,1446,29,Daily,3,9.0,5,513789.7636,
2925,52,Suburban,Low,879,940.9,2932.1,468.9,827035.8,48,186,1519,7,Daily,13,8.4,4,89290.2679,
2926,67,Rural,High,76,19943.5,48264.6,2038.5,1515709.2,58,280,4310,38,Weekly,18,64.9,7,169305.0191,
2927,50,Suburban,Low,329,14900.8,46192,2397.1,4902355.3,197,69,2537,32,Monthly,8,34.1,5,501553.657,
2928,22,Rural,Low,416,16761.7,69476.3,7332.8,6972876.1,225,249,4998,9,Daily,12,71.9,2,708520.9069,
2929,42,Suburban,Middle,203,4266.7,13488.9,599.7,866136.3,137,85,339,17,Monthly,11,46.1,4,92926.20725,
2930,43,Rural,Low,229,2117.9,4880.2,240.3,485006.9,195,168,111,47,Weekly,1,49.8,10,61180.59372,
2931,37,Rural,Middle,152,10306.5,24266.6,1530.8,1566595.3,206,29,4477,35,Weekly,5,34.2,4,171660.5577,
2932,29,Rural,Middle,775,15445.8,62204,5829.8,11970488.7,18,37,3737,40,Monthly,20,32.0,10,1216222.258,
2933,22,Urban,Middle,72,12759.2,16150.6,6344.5,918664.9,268,20,4181,49,Daily,19,57.9,3,105718.813,
2934,52,Suburban,High,225,12624.9,26499.9,4245.2,2840597.1,215,146,4456,10,Weekly,17,32.9,5,297802.0939,
2935,37,Urban,Middle,473,15144.4,24415,2267.5,7163277.9,206,260,483,43,Monthly,8,36.4,8,727302.8747,
2936,20,Suburban,Low,897,4548.1,21734.2,789.2,4079687.2,124,139,4569,7,Monthly,14,28.8,2,418893.2593,
2937,17,Suburban,Low,643,13233.8,18002.9,4169.6,8509314.4,16,255,880,0,Daily,20,14.9,2,854040.4939,
2938,42,Urban,Middle,360,7848.3,31650.1,3031.5,2825385.2,165,86,3102,7,Weekly,0,61.3,9,298258.4463,
2939,36,Rural,Middle,540,1404.4,4945.8,512.8,758361,148,52,167,4,Monthly,20,16.7,5,80440.52113,
2940,69,Suburban,Low,811,4050.8,14304.4,1336.3,3285223.7,276,299,3291,0,Weekly,6,22.4,2,335382.6515,
2941,53,Rural,Middle,609,15882.1,64381.9,7853.8,9672220.1,233,142,1735,2,Weekly,2,43.1,2,970449.9169,
2942,30,Urban,High,46,17919.7,46626.1,3211.4,824304.1,25,122,4462,26,Weekly,6,24.2,3,95651.13822,
2943,36,Rural,Middle,1,5663.6,14742.2,958.1,5663.6,268,151,1548,44,Monthly,12,26.1,9,15226.17372,
2944,25,Suburban,High,678,3815.3,8221.3,1692.6,2586783.7,365,333,4667,47,Monthly,8,1.3,6,276471.9993,
2945,38,Suburban,High,245,544.2,1845.5,117.7,133334.6,295,148,846,22,Daily,1,57.9,1,16867.49632,
2946,54,Suburban,High,219,18954.5,89450.3,4416.6,4151029.1,71,83,2952,43,Daily,11,36.1,10,434889.9973,
2947,20,Urban,Middle,614,13680.3,64241.6,4370.4,8399679.6,200,149,887,38,Weekly,1,14.9,3,846421.44,
2948,16,Suburban,High,291,19141,72962.6,4833.3,5570040.3,47,170,1916,39,Monthly,12,51.6,5,568300.5911,
2949,28,Urban,High,458,17278.3,79907.9,3715.8,7913482.1,25,325,1311,10,Weekly,0,47.6,4,797073.9306,
2950,36,Rural,Middle,204,6815.9,33085,3182.2,1390449.1,213,270,4053,44,Monthly,17,27.7,5,154904.7198,
2951,41,Suburban,High,202,2262.5,9458.3,343.2,457031.9,33,228,3126,10,Monthly,2,42.0,1,53802.59474,
2952,65,Suburban,Middle,566,9986.1,26276.9,2613.5,5652158.3,214,326,3314,35,Weekly,6,48.3,1,575921.0382,
2953,60,Suburban,Low,482,546,1601.4,55.2,263175.8,211,5,2200,37,Daily,2,5.4,2,35701.95246,
2954,36,Rural,High,792,3006.8,14207.4,1271.8,2381412.1,29,152,4264,30,Monthly,14,30.7,9,257957.4355,
2955,68,Suburban,Middle,511,4676.3,17209,782.7,2389598.6,259,221,1817,23,Weekly,11,38.3,3,245795.8685,
2956,33,Urban,Low,924,13316.3,57030.6,5449,12304238.5,39,157,3180,18,Daily,10,52.4,8,1245088.254,
2957,52,Rural,High,278,10202.5,14941,1626.7,2836281.3,260,258,2943,31,Daily,12,28.1,10,302405.6912,
2958,60,Rural,High,16,6055.4,10751.9,1614.9,96885.9,165,6,3936,39,Monthly,2,13.1,3,23492.59065,
2959,47,Rural,Middle,525,11299.7,26853,4421.3,5932353.2,95,290,3745,37,Weekly,17,7.4,3,606034.489,
2960,51,Rural,Low,356,2512.8,4404.8,523.5,894557.1,220,204,3845,16,Daily,14,58.5,9,107116.9568,
2961,32,Rural,Middle,356,15116.6,69927.3,3409.8,5381511.5,268,278,3742,49,Monthly,9,35.0,9,559435.5695,
2962,50,Urban,High,830,14243.6,26600.8,5226.4,11822173.4,118,134,1762,34,Weekly,19,17.3,2,1190190.682,
2963,64,Rural,High,939,4337.9,14005.9,759.5,4073277.3,66,323,1183,11,Monthly,3,58.1,8,417640.7567,
2964,26,Suburban,High,599,12131.8,16278.6,5831.9,7266928.6,193,77,2857,14,Weekly,4,58.6,9,740544.9429,
2965,36,Rural,High,78,10071,16313.5,1767.6,785539.5,320,346,3896,38,Monthly,11,47.2,7,94875.03325,
2966,67,Rural,Low,928,1225.7,2438.8,490.3,1137466.4,35,116,2376,12,Monthly,20,9.5,8,126447.6311,
2967,68,Rural,Low,67,5570.3,27470.3,2345.3,373209.9,175,201,2605,29,Weekly,18,22.5,1,45252.25215,
2968,41,Rural,Middle,859,19989.7,83721.8,4992.4,17171117.3,112,87,343,41,Monthly,15,63.7,2,1722296.475,
2969,19,Rural,Middle,723,1999.7,7387.4,324.9,1445796,308,68,634,18,Weekly,16,9.6,8,155002.2915,
2970,49,Urban,Middle,214,10133.2,47271.7,1685.8,2168496.7,290,101,1237,8,Daily,7,50.7,3,222409.3819,
2971,67,Urban,High,697,16988.2,81965.2,8395.2,11840762.7,340,162,3229,27,Daily,1,19.2,7,1200227.874,
2972,63,Rural,Middle,449,6020,16942.1,2348.8,2702993.9,80,313,4259,43,Monthly,15,3.4,7,289921.8596,
2973,33,Urban,Low,965,5221.6,12065.8,1462.1,5038810.9,111,71,4377,42,Weekly,14,49.9,8,524388.8303,
2974,55,Suburban,Middle,433,17817,40288.8,3615.8,7714740.7,92,173,2177,24,Daily,10,19.8,8,784626.6375,
2975,50,Rural,Middle,545,6103.6,6975.8,656.5,3326435.1,186,169,2923,39,Weekly,4,53.8,8,349857.8667,
2976,56,Suburban,Low,115,13033.4,27611.8,4798.7,1498835.4,41,103,1328,40,Daily,1,27.1,5,161229.3423,
2977,44,Suburban,Low,787,14808.9,35840.2,7149.2,11654570.1,87,228,2093,3,Weekly,6,16.6,1,1169402.249,
2978,67,Rural,High,420,15774.5,18102.7,2251.6,6625276.9,224,133,1236,36,Weekly,6,65.6,9,675970.3149,
2979,44,Suburban,Low,499,19895.2,90133.8,7993.8,9927727.3,51,60,1433,6,Daily,0,26.2,9,1005089.55,
2980,53,Suburban,Low,710,16065.8,70551.8,2591.3,11406724.7,126,145,4087,40,Daily,16,65.9,6,1156914.227,
2981,57,Suburban,Middle,380,13143.7,26366.3,5478.8,4994595.7,146,211,2001,3,Monthly,15,69.3,9,511246.1819,
2982,36,Rural,Low,143,17910.3,75406.7,4445.9,2561175.3,41,109,1856,22,Weekly,16,29.9,7,268036.8626,
2983,57,Rural,High,740,18115.8,75812,6971.4,13405718.1,355,193,1532,43,Monthly,10,52.0,4,1349477.854,
2984,28,Suburban,Middle,632,19463.6,45545.8,9157.9,12300993.6,363,357,2049,43,Daily,13,29.2,10,1248471.863,
2985,64,Rural,High,865,15531.5,58837.7,5405.8,13434782.7,24,183,4837,5,Daily,12,47.6,10,1362290.136,
2986,56,Rural,Low,24,3906.6,8436,1829.4,93758.3,303,9,1870,44,Weekly,2,55.8,4,21116.57509,
2987,32,Suburban,High,539,14199,18190.4,2754.7,7653273.8,284,132,1727,8,Weekly,19,46.3,1,769758.0464,
2988,24,Rural,High,945,1511.8,4564.5,742.7,1428667.6,36,74,4963,8,Daily,7,21.6,9,162259.7526,
2989,56,Urban,Low,75,6366.1,17527.8,2859.3,477455.9,277,96,2300,20,Monthly,11,22.9,6,58675.05569,
2990,16,Rural,Low,753,2325,3609.8,332.5,1750719.1,184,129,1495,2,Weekly,10,62.2,7,184257.9785,
2991,17,Urban,Middle,535,18999.4,56280.1,5042.7,10164653.7,325,343,2875,12,Weekly,11,41.0,2,1022949.621,
2992,63,Suburban,Middle,673,6781.7,32535.2,3192.9,4564080.5,154,222,88,37,Monthly,14,65.0,3,461649.4357,
2993,44,Rural,Middle,41,14267.2,56006.9,1872.5,584954.4,182,128,1928,17,Daily,20,30.7,4,65758.10412,
2994,48,Suburban,Low,750,11430.7,45213.8,3217.8,8572991.6,300,347,1038,45,Daily,3,19.7,3,866273.0969,
2995,25,Suburban,High,751,2159.2,8701.8,840.9,1621524,154,335,3236,30,Daily,9,44.2,10,180827.4412,
2996,65,Suburban,High,568,11231.3,44684,1273.4,6379364.5,150,7,1867,28,Daily,15,64.2,9,652563.7435,
2997,55,Suburban,Middle,413,13223.9,14276.6,5304.5,5461454.4,2,225,3995,1,Monthly,8,36.6,8,560139.1566,
2998,36,Suburban,Middle,415,17631.5,82846.4,4310.6,7317084.9,297,116,4713,30,Daily,16,20.7,2,745605.3045,
2999,43,Rural,Low,449,1411,6096.3,281.8,633544.4,54,103,1442,37,Weekly,12,16.7,9,76571.63649,
3000,26,Urban,High,610,5919.7,12421.5,1955.8,3611031.3,246,226,3905,6,Weekly,7,32.9,8,377404.1774,
3001,49,Rural,Middle,658,13849.9,44471.7,4400.6,9113231.2,46,53,3773,39,Weekly,7,61.7,4,924544.4768,
3002,23,Rural,Low,978,696.3,2409.2,313,680971,75,3,468,9,Monthly,2,21.3,3,71804.56873,
3003,37,Rural,Middle,774,4079,6231.9,1510.9,3157172,149,318,640,12,Monthly,20,40.3,4,320882.4547,
3004,23,Rural,Low,436,4381.2,8831.9,1177.4,1910212.5,3,32,3931,0,Weekly,12,13.3,2,198389.7518,
3005,64,Urban,High,552,13389.8,14635.1,4821.1,7391188.9,9,258,436,36,Daily,16,53.8,8,749415.7716,
3006,30,Rural,Low,705,5726.4,25515.5,2290.9,4037079.6,2,80,4300,24,Daily,15,33.6,6,418447.9018,
3007,32,Suburban,Middle,239,11995.9,13191,5697.2,2867024.2,238,124,955,29,Daily,1,17.9,10,300048.5857,
3008,38,Rural,Middle,42,19307.3,43920,7369.7,810907.2,28,337,4617,1,Daily,9,54.6,1,89033.87043,
3009,39,Rural,High,734,15866.9,20833.1,5038.5,11646324.6,290,309,3692,35,Weekly,2,52.7,7,1180796.944,
3010,60,Urban,High,708,6664.7,27496.2,1660.8,4718626.8,181,260,1685,23,Daily,1,3.4,4,479484.3586,
3011,34,Urban,Middle,800,9453.3,44429.7,4316.3,7562620.3,315,312,284,11,Monthly,0,32.4,4,760127.6954,
3012,20,Suburban,Middle,10,4021.5,13074.9,1677,40214.7,266,336,4932,4,Daily,1,43.1,5,17333.18523,
3013,47,Rural,Middle,747,324.2,505.3,42.4,242209.5,83,210,2484,14,Daily,1,19.2,8,36994.02516,
3014,59,Rural,High,837,5801.4,18753.9,2203.5,4855780.8,349,45,1162,41,Weekly,5,5.0,10,500186.0631,
3015,16,Rural,Middle,265,7394.5,30179.6,2333,1959536.7,253,309,4754,48,Daily,13,21.2,2,211171.8245,
3016,38,Suburban,High,581,11291.7,43740.3,1597.3,6560477.6,258,329,2962,45,Weekly,19,62.6,7,671704.5891,
3017,52,Urban,Middle,445,18881.9,74902.1,6155.2,8402442.1,48,272,1437,6,Weekly,9,25.1,9,852026.1818,
3018,23,Suburban,Low,139,18957.6,40127.4,3355.5,2635101.2,134,227,1571,1,Daily,19,56.9,8,273164.7729,
3019,28,Rural,Low,867,1411.3,1827.5,540.9,1223566.7,300,349,4009,2,Weekly,0,50.9,10,139265.2939,
3020,23,Urban,Middle,731,12296.8,19623.9,2599.3,8988936.8,199,113,4872,3,Monthly,12,69.1,10,916691.3334,
3021,38,Urban,Low,196,856.6,4130.7,137.2,167899.4,292,30,4742,47,Weekly,15,62.9,2,31290.88092,
3022,58,Suburban,High,74,12965.1,44782.3,1721.6,959420.4,136,276,389,15,Weekly,1,67.9,4,100728.4897,
3023,16,Urban,Low,615,2362.9,9242.7,700.2,1453173.8,83,362,2245,26,Daily,13,2.7,1,152624.694,
3024,60,Urban,Low,225,18928.6,87000.7,3404.4,4258933.3,266,214,556,21,Daily,18,22.1,4,430948.3208,
3025,66,Rural,High,635,17288.1,76258.3,7642.2,10977962.7,358,87,2000,2,Weekly,11,63.0,5,1106860.878,
3026,39,Rural,Low,102,456.4,855,46.2,46548,219,292,2504,48,Monthly,15,27.5,6,18213.42631,
3027,50,Urban,Low,264,15644.8,19278.2,6843.9,4130230.7,349,22,3525,16,Monthly,8,4.7,2,422040.6238,
3028,39,Urban,Middle,945,12721.6,59798,3923.8,12021896.3,19,21,1110,21,Weekly,10,66.9,5,1211035.897,
3029,32,Suburban,High,920,9912.4,48835.3,4647.5,9119435.7,18,176,4319,6,Weekly,20,33.1,5,923924.0824,
3030,20,Suburban,High,999,12056.7,39417.8,2192.4,12044606.7,179,261,1276,29,Weekly,11,4.7,4,1213096.788,
3031,35,Urban,Middle,161,13568.2,61784.3,1911.9,2184483.2,23,168,3266,7,Weekly,3,21.2,8,233259.6397,
3032,36,Rural,Middle,233,17690.3,34093.9,6191.3,4121841.1,315,221,1400,18,Daily,18,61.8,10,425986.2399,
3033,55,Urban,Low,491,15349.5,22167,5874.1,7536594.5,244,82,4225,6,Weekly,9,57.1,7,767306.7697,
3034,46,Urban,Low,787,11511.8,34527,2866.8,9059788.7,107,79,2035,0,Weekly,14,71.8,2,910166.969,
3035,61,Rural,Low,770,16494.1,70012.9,1739.7,12700431.6,131,301,1456,15,Monthly,16,32.2,8,1280163.181,
3036,51,Rural,Middle,311,19738.6,71426.3,5187,6138701.5,10,159,4634,49,Weekly,11,22.5,8,635290.9658,
3037,26,Suburban,High,651,6010.6,21333.4,1163.1,3912925.7,199,143,1352,39,Weekly,0,10.5,5,402690.4745,
3038,67,Suburban,Low,227,2377.2,2543.2,568.1,539631.1,305,314,931,30,Weekly,15,22.2,7,64418.22552,
3039,30,Suburban,Middle,273,14631.7,33213.4,4429,3994440.6,312,45,1884,38,Weekly,7,15.2,4,409804.563,
3040,34,Suburban,High,938,19572.1,93123.9,7455.7,18358668,90,236,2947,26,Weekly,18,48.4,5,1847559.287,
3041,22,Rural,Middle,317,2343,3601.3,1137,742715.6,144,170,4180,9,Monthly,8,55.4,3,85174.87031,
3042,66,Urban,Low,899,8639.8,33742.5,1361.6,7767205.5,295,225,4964,33,Daily,10,58.1,4,792957.3781,
3043,43,Suburban,Middle,86,1254.7,5065.7,466.7,107906.8,109,294,4302,46,Daily,16,54.4,4,27982.9648,
3044,66,Suburban,Middle,291,15532.9,61064.9,3002.3,4520066.2,352,307,411,13,Monthly,8,35.8,7,459959.2535,
3045,58,Rural,Middle,469,18974.7,94060.2,3572.6,8899128.3,204,280,3993,1,Weekly,19,28.9,10,907697.2239,
3046,20,Rural,Middle,729,9984.9,26328.5,3528.9,7278987.1,44,91,120,38,Monthly,10,8.1,10,739633.7077,
3047,20,Urban,High,871,8196.3,30562.3,3363.8,7139001.5,8,147,1480,21,Weekly,8,42.1,10,726655.8798,
3048,45,Urban,Low,578,18155.3,32218.8,8916.3,10493765.3,301,281,8,25,Daily,1,33.2,1,1050883.407,
3049,69,Rural,High,769,2676.4,6955.6,1090.7,2058177.7,353,70,4407,43,Daily,8,18.3,7,225537.1004,
3050,47,Suburban,Middle,647,17832.8,52896.3,2905.4,11537802.4,153,49,3275,4,Daily,10,58.0,5,1165361.647,
3051,23,Suburban,Middle,404,7848.6,14593,1492.5,3170833.9,17,17,4924,37,Weekly,0,51.5,8,337223.1158,
3052,25,Suburban,Low,427,11192.5,51790.6,4528,4779212.1,339,149,499,15,Weekly,19,41.3,8,486600.5552,
3053,53,Urban,Low,375,10570.6,40853,3285.3,3963959.7,237,43,2697,11,Monthly,4,15.2,6,406628.6211,
3054,62,Suburban,High,902,12323.4,26310.9,2688.5,11115728.2,335,212,4240,40,Weekly,17,41.5,3,1124817.731,
3055,47,Suburban,High,567,18843,29015,5440.2,10684006.5,56,204,4496,43,Weekly,7,15.5,2,1083304.335,
3056,63,Rural,Low,868,19023,40927.5,8863.9,16511989.5,44,205,2974,41,Daily,17,53.0,9,1667758.265,
3057,43,Suburban,High,755,16624.7,58052.3,6687.1,12551613.7,309,338,685,16,Weekly,8,13.2,8,1265739.373,
3058,32,Rural,Middle,252,3839,16529.2,1076,967419.5,241,63,754,24,Monthly,1,53.5,10,108549.6501,
3059,46,Suburban,Middle,533,6677,20115.6,3286.6,3558836.4,39,24,4578,23,Monthly,16,39.4,5,370872.2737,
3060,23,Urban,Low,307,9761.6,13763.7,4079.9,2996817,130,33,2147,10,Daily,10,70.3,10,313279.9796,
3061,55,Suburban,High,430,18110.2,36170.7,1853.5,7787370.6,98,209,2652,17,Weekly,13,34.2,3,787231.1302,
3062,40,Suburban,Middle,675,10422.1,24810.6,1510.6,7034909.3,281,273,4881,35,Daily,5,18.0,7,721578.7233,
3063,24,Rural,Low,868,19548.9,69292.1,6286.7,16968479,80,176,2314,2,Daily,4,60.6,2,1702083.156,
3064,17,Rural,High,264,19677,39089.8,4722.1,5194724,288,44,4601,18,Monthly,11,42.2,5,533352.745,
3065,30,Rural,Middle,68,11975.7,23181.5,5090,814347.6,335,153,4056,5,Daily,11,39.1,4,93660.83561,
3066,65,Suburban,High,107,17551.1,37643.8,8043.2,1877971.1,234,363,2297,22,Daily,9,8.5,5,197424.3438,
3067,18,Suburban,High,400,19984.5,67350,3922.2,7993784.8,334,355,4534,39,Monthly,2,28.0,10,819864.0972,
3068,64,Urban,High,579,16995.8,50486.5,6888.7,9840587.4,169,188,3679,6,Daily,18,1.3,5,995362.975,
3069,51,Suburban,Low,199,13141.7,57383.6,4128.6,2615188.6,79,285,386,46,Daily,19,16.3,1,265449.9552,
3070,19,Urban,Middle,192,16904.2,64096.2,4340.8,3245610.1,71,12,1485,43,Weekly,16,38.3,10,341281.2993,
3071,29,Rural,Low,514,1662.3,6096,689.4,854409.2,263,356,2543,46,Weekly,14,34.6,8,101053.711,
3072,56,Rural,Middle,769,12700.1,20556.3,4139.8,9766360.1,200,137,4711,8,Weekly,3,41.3,2,988435.3913,
3073,56,Rural,Middle,442,4338.3,5296.6,1536.2,1917517.7,211,86,4751,1,Weekly,5,62.6,9,209063.9168,
3074,40,Urban,Low,1,2330.1,7083.5,291,2330.1,18,53,136,46,Monthly,1,19.5,4,7444.923759,
3075,65,Suburban,Low,358,17858.5,22976.1,5971,6393341.7,273,61,2627,49,Monthly,11,49.1,8,655837.5131,
3076,25,Rural,Middle,115,12796.5,31429.1,2818.9,1471597.8,210,113,4268,44,Weekly,15,40.1,10,168418.6255,
3077,36,Suburban,Middle,903,4878.5,5388.1,1450.5,4405281.4,117,304,2049,47,Daily,6,59.3,3,451523.8277,
3078,51,Suburban,Middle,600,7741.8,13217,1461.7,4645066.9,104,108,856,46,Daily,16,20.0,5,473384.3852,
3079,27,Rural,High,197,19465.8,28059.4,6731.1,3834762.2,77,335,4593,10,Daily,13,71.3,1,394645.8409,
3080,42,Urban,Middle,981,17245,72497,2741.7,16917363.9,315,303,1143,2,Weekly,8,48.1,6,1698669.891,
3081,55,Suburban,Low,604,321.5,766.6,48,194174,11,67,2837,41,Daily,12,3.9,8,35026.12326,
3082,17,Rural,Low,274,19596.2,25776.6,3436.5,5369364.8,51,320,148,48,Monthly,17,1.3,4,543804.6968,
3083,69,Suburban,Low,856,7376.9,15210.6,3149.8,6314630,7,122,4950,29,Weekly,11,62.6,1,643462.4836,
3084,28,Suburban,Middle,160,13911.4,51906.7,1577.7,2225825.5,37,254,2266,7,Weekly,12,19.6,10,236377.5157,
3085,68,Suburban,Middle,173,14256.4,56776.7,5586.1,2466358,261,300,2563,36,Daily,15,17.8,10,264218.4607,
3086,47,Suburban,High,545,18234.6,26977.3,2235.6,9937841.7,62,5,569,20,Weekly,16,40.0,8,1003798.377,
3087,46,Suburban,High,458,17702.4,72832.2,5961.1,8107684,200,350,197,7,Daily,19,13.0,6,816799.6569,
3088,31,Urban,Low,585,5641.8,14004.2,2309.9,3300438.1,330,235,3445,46,Weekly,20,21.5,10,349784.0786,
3089,47,Urban,High,433,12874.3,47860.5,2477.4,5574560.7,90,335,3097,10,Daily,10,37.6,8,570822.0522,
3090,47,Rural,High,929,7880.2,29046.6,1405.7,7320679.2,79,39,2505,40,Daily,4,70.7,2,741791.0176,
3091,49,Urban,Low,481,10515.6,43896.1,2267.9,5058012.9,55,200,2756,33,Daily,14,11.9,6,518761.2585,
3092,26,Urban,Middle,455,11098,42047.4,4215.5,5049600.8,221,170,4006,38,Daily,0,4.0,2,517450.9415,
3093,25,Urban,High,196,7932.9,9166.3,1601.9,1554849.5,92,358,711,15,Daily,16,51.3,6,164163.5682,
3094,30,Suburban,Middle,796,9283.2,28573.1,2791.5,7389460.2,74,348,926,6,Monthly,17,44.8,6,745268.9832,
3095,32,Suburban,Low,599,4174.8,6949.8,642,2500682.4,56,21,3769,3,Monthly,8,23.2,10,265730.0388,
3096,55,Rural,Low,309,12156.9,59323.7,3458.4,3756467,232,175,4270,31,Daily,16,20.8,7,393620.5491,
3097,33,Rural,High,736,15181.6,30717.5,5311.9,11173662.5,179,74,4374,36,Monthly,2,62.6,1,1128748.17,
3098,24,Rural,Low,556,8600.5,23053.1,1107.1,4781892.8,61,284,207,45,Daily,7,23.8,1,482825.3554,
3099,40,Suburban,Low,848,19553.8,34938.9,8333.2,16581643.6,360,149,4870,21,Daily,10,43.1,1,1670694.289,
3100,55,Urban,Low,494,1154,1775.2,548.1,570054.2,117,113,2352,6,Monthly,16,31.2,5,66314.42394,
3101,29,Urban,High,439,11787.3,40120.7,2091.3,5174634.4,78,284,2775,12,Monthly,15,38.4,1,525022.0571,
3102,40,Suburban,High,650,11676.2,34710,4714.5,7589516.6,236,86,991,17,Daily,19,64.1,3,763667.4975,
3103,65,Rural,High,782,735.6,1837.9,165.8,575210,33,102,3426,41,Monthly,13,32.8,1,68982.41209,
3104,37,Rural,Low,359,4499.2,6036.4,1667.8,1615197.6,55,19,2078,33,Weekly,16,59.6,7,175564.7833,
3105,67,Rural,Middle,36,18111.8,71430,4033,652024.7,243,63,124,12,Monthly,6,43.8,8,74129.12241,
3106,45,Suburban,Low,34,10894.8,11150,4847.5,370424.4,274,116,4526,33,Daily,10,26.8,4,52829.11402,
3107,35,Rural,High,88,8733.4,24721,2085.9,768535.1,74,180,860,28,Weekly,16,2.8,9,88688.63158,
3108,36,Rural,Middle,658,8315.8,29357.1,3655.1,5471779.3,21,38,707,46,Monthly,12,48.4,8,559595.4232,
3109,59,Suburban,Middle,16,17764.3,48369.5,7220.4,284229.4,353,302,1314,4,Monthly,18,50.5,7,38127.59449,
3110,47,Urban,High,745,7347,11056,1311.6,5473480.1,201,92,4554,30,Monthly,16,71.5,9,566644.9655,
3111,66,Suburban,Middle,421,17184.7,70680.9,2797.4,7234777.9,154,173,1057,10,Monthly,10,51.5,10,735719.1461,
3112,61,Suburban,Middle,553,6190.8,14212.6,2549.7,3423490.3,254,205,3598,37,Monthly,3,59.2,3,355101.3495,
3113,64,Suburban,High,767,10634.8,16367.1,2723.8,8156864.5,207,9,4436,50,Daily,15,12.9,2,831246.2988,
3114,36,Suburban,Middle,793,2885,9234.9,1384.1,2287771.1,149,9,2886,46,Monthly,20,55.2,10,247377.5403,
3115,50,Urban,Middle,126,16502.4,17767.9,7874.6,2079296.8,183,21,1360,3,Weekly,0,26.0,5,215009.1295,
3116,47,Rural,High,8,14722.1,33805.8,5556,117777.1,302,24,1169,6,Monthly,12,70.6,10,23135.38613,
3117,45,Suburban,Middle,472,10606.6,42453.5,3184.4,5006296.5,297,95,1573,22,Monthly,16,33.1,9,513907.5956,
3118,54,Urban,Middle,468,527.8,2454.6,93.9,246995,261,192,319,30,Daily,14,34.0,2,30215.32999,
3119,64,Rural,Middle,880,9630.3,32424.5,4362.1,8474694,44,349,4469,16,Daily,9,36.3,2,858248.6737,
3120,27,Rural,Middle,862,4511.7,8438.9,599.1,3889067,144,296,370,9,Weekly,0,22.9,5,394165.4249,
3121,56,Rural,High,852,8273.4,15553.9,2053,7048896.1,244,180,1808,21,Daily,14,28.0,9,718519.993,
3122,62,Suburban,Low,510,17130,58507.2,3900.3,8736282.4,5,131,2463,29,Weekly,10,28.9,9,889950.3611,
3123,33,Suburban,Low,402,15394.4,40441.7,7441.2,6188536.8,62,21,1616,28,Monthly,12,37.4,10,633324.8189,
3124,36,Rural,Middle,836,4846.6,8283.2,713.6,4051789.9,346,8,4013,16,Daily,2,11.0,4,418116.9984,
3125,28,Rural,High,176,19699.2,81743.6,8984,3467062.6,26,201,4678,42,Monthly,20,43.4,9,368189.3208,
3126,36,Rural,High,740,18065.2,32534.9,5104.7,13368231.7,317,14,4978,20,Monthly,15,39.3,1,1349637.961,
3127,23,Rural,Middle,966,10578.2,24187.7,1258.8,10218523.9,325,332,3900,21,Daily,13,70.7,9,1038810.527,
3128,61,Rural,Low,835,10607.7,13214.2,4153.4,8857433.6,184,36,870,47,Daily,10,63.1,7,898958.2667,
3129,55,Rural,Middle,914,18026.3,68598.9,2530,16476044.3,306,164,299,38,Daily,9,33.8,9,1658775.328,
3130,61,Urban,High,367,12726.5,26739.9,2479.1,4670638.2,36,45,2269,39,Monthly,12,50.6,10,483332.8877,
3131,22,Rural,High,488,10738.4,20740.9,4509,5240339.9,30,144,933,47,Daily,6,47.5,5,533172.2612,
3132,38,Suburban,Low,18,14985.5,33169.4,2426,269738.6,69,11,3687,47,Weekly,16,17.7,6,42776.75907,
3133,59,Suburban,High,56,4709.6,21176.8,1084.1,263737.1,232,323,4328,21,Weekly,15,24.6,1,35701.19234,
3134,47,Suburban,High,919,17568.8,53972.5,4293.8,16145694.7,176,354,2225,26,Daily,4,3.4,2,1621401.278,
3135,26,Rural,High,35,10633,17348.1,3567.6,372154.7,278,346,73,22,Weekly,5,7.8,1,40280.19578,
3136,37,Suburban,Low,902,12074,49478.1,5022.4,10890703.7,33,212,1369,3,Daily,1,23.0,1,1092014.167,
3137,37,Urban,High,630,1808,3315.5,347.7,1139026.1,69,113,4148,25,Monthly,2,56.2,7,131508.2222,
3138,58,Rural,Middle,794,6197.1,16421.7,1129.8,4920484.8,352,346,1455,38,Weekly,20,51.8,3,500395.2309,
3139,40,Suburban,Low,766,8540.4,27946.9,1612.1,6541976.6,255,345,2512,16,Weekly,9,69.5,1,660497.2646,
3140,37,Urban,Middle,725,8284.1,27650.3,2092.9,6005937.2,50,11,2816,2,Weekly,15,27.0,1,605120.2787,
3141,43,Urban,Middle,573,15567.9,19866.6,4889,8920409.3,23,336,1894,16,Weekly,0,25.3,7,902004.6898,
3142,44,Suburban,Low,600,5653.6,24577.5,595.8,3392174.8,254,340,4213,42,Weekly,19,8.3,5,356194.3734,
3143,28,Urban,Middle,783,3650.4,10650.8,1504.4,2858235.1,164,362,2265,39,Monthly,20,56.9,1,293797.7312,
3144,33,Suburban,Low,347,11656.5,57781.9,5486.6,4044812,273,166,1800,18,Weekly,2,12.7,8,416720.0999,
3145,17,Urban,Middle,32,12304.1,47614.2,5381.9,393732.7,181,258,2848,38,Daily,3,68.7,6,53502.43252,
3146,44,Rural,Low,908,2440.5,12129.7,280.3,2215928.9,347,54,281,17,Weekly,18,23.4,5,227525.5678,
3147,36,Rural,High,133,59.3,167,18.4,7892.9,250,93,3369,27,Daily,3,47.0,6,13941.98246,
3148,30,Rural,High,576,18353.8,28689.3,7811.6,10571791.7,237,263,713,14,Daily,6,33.0,8,1065764.86,
3149,67,Rural,Middle,199,1601.9,6262.4,380.7,318786.8,232,296,937,50,Monthly,8,16.9,9,47445.83538,
3150,42,Rural,High,256,17958.4,73827.6,8239.6,4597340.2,122,45,815,25,Weekly,20,33.4,9,472001.2398,
3151,65,Suburban,Low,342,7990.3,35248,3633.6,2732684.4,242,217,1775,34,Monthly,19,24.1,3,281336.5049,
3152,46,Rural,Middle,667,13064.6,28817.8,2047,8714079.9,134,189,2227,15,Weekly,6,45.4,1,876652.0252,
3153,30,Rural,High,975,3720.4,11320.3,1106.7,3627426.7,71,107,1178,14,Weekly,2,40.1,10,374920.6912,
3154,66,Rural,High,231,16480.1,73007.2,1817.2,3806903.4,346,290,1962,4,Monthly,4,6.9,6,388529.8159,
3155,38,Rural,Middle,301,3612.1,16106,768.4,1087231.8,310,8,3793,45,Monthly,3,6.1,7,126966.8431,
3156,39,Urban,High,547,7736.3,8531.1,3286,4231765.9,279,32,2431,23,Daily,10,69.5,6,435050.466,
3157,59,Rural,High,26,4768.1,17564.2,2336.7,123971.5,219,168,2914,1,Daily,9,22.4,5,20877.27593,
3158,28,Rural,Middle,535,16751.7,57069,7795.1,8962183.1,185,331,2331,35,Daily,13,7.4,10,912641.4283,
3159,37,Suburban,High,653,17168.1,22891.1,2009.2,11210790.8,307,37,1801,44,Monthly,20,13.9,5,1132459.379,
3160,58,Urban,High,474,7446.9,35153.2,3505.2,3529810.5,314,231,2498,47,Weekly,16,12.0,10,372290.1773,
3161,52,Suburban,High,387,6154.5,17118.7,2640.6,2381789.8,217,183,4572,30,Daily,1,15.9,3,252706.3388,
3162,48,Rural,High,285,15473.6,57206.3,6917.9,4409968,281,292,1167,29,Monthly,9,4.3,4,449287.1148,
3163,18,Suburban,Middle,450,17571.5,79619.6,8187.1,7907154.4,281,246,256,11,Daily,6,15.0,10,801165.3265,
3164,69,Suburban,Low,320,12484.2,18982,3686.2,3994931.1,125,10,2435,36,Weekly,2,67.8,3,409720.0842,
3165,34,Rural,Low,156,18548.8,82048.3,3422,2893612.7,179,70,1748,20,Monthly,0,41.6,9,301601.9289,
3166,38,Urban,High,471,7667,29880.2,831.2,3611178.6,327,237,131,11,Monthly,8,24.1,3,365211.8281,
3167,44,Urban,High,420,3046.2,13276.5,333.3,1279407.9,35,118,2674,39,Weekly,3,57.1,5,141567.904,
3168,45,Suburban,Low,113,3601.1,10728.8,1285.6,406920.1,70,217,2451,36,Monthly,2,64.6,6,54834.92984,
3169,54,Rural,High,902,13399.9,15194.7,3147.8,12086746.5,360,191,4414,34,Monthly,4,6.0,8,1227064.377,
3170,59,Suburban,Low,651,8156.5,30032.6,2433.5,5309851,178,351,4562,21,Monthly,16,25.4,10,549782.6536,
3171,62,Suburban,Middle,422,3134.7,7831,478.2,1322855.6,49,239,802,44,Daily,16,59.1,6,142054.6542,
3172,40,Suburban,Middle,886,5851.6,15270.7,2868.5,5184530.7,68,328,2163,35,Weekly,12,44.1,6,530470.822,
3173,52,Rural,Middle,930,10616.8,29356,1613.5,9873619.7,7,317,812,7,Daily,0,49.4,6,995632.1643,
3174,62,Rural,Middle,721,2437.7,7243.9,677.5,1757575.1,94,206,4759,26,Weekly,12,40.7,1,188007.9357,
3175,23,Urban,Middle,835,78.8,287.5,21.9,65811,81,222,497,26,Monthly,6,6.8,10,18016.05363,
3176,57,Rural,Middle,876,18346.8,71682.8,1898.1,16071786.3,250,146,2552,35,Weekly,11,61.4,6,1620149.95,
3177,31,Suburban,Low,942,6104.2,25072.1,2241,5750133,38,189,151,6,Monthly,8,17.9,1,576391.3009,
3178,23,Suburban,High,994,4437.7,16359.4,1399.2,4411121.4,350,238,3283,2,Monthly,20,8.3,2,448711.9259,
3179,16,Urban,Low,598,13972.6,58879.5,4177.8,8355633.6,45,292,1349,3,Weekly,17,25.1,8,846341.5616,
3180,59,Rural,Middle,285,17069.5,25409.6,7292.7,4864813.3,359,223,1125,23,Monthly,19,53.9,8,497729.328,
3181,20,Suburban,High,572,12649.3,54989.7,2485,7235372.5,137,246,1397,7,Daily,20,63.5,2,726778.6753,
3182,18,Urban,High,54,5097.1,12993.1,2265.4,275244,311,247,2812,44,Weekly,12,47.2,3,40451.59826,
3183,16,Urban,Middle,605,17234.1,53686.1,7684.9,10426640.2,308,38,280,12,Weekly,0,26.4,6,1048889.295,
3184,19,Suburban,Middle,325,10213.4,27935,4399.4,3319367.9,305,207,4560,8,Weekly,1,52.7,4,345274.0319,
3185,55,Suburban,Middle,970,7630,22148.9,1804.9,7401104,229,187,1476,19,Monthly,7,55.4,9,751486.44,
3186,50,Rural,Middle,458,12098.5,25911.4,1996.5,5541101.6,183,360,272,19,Daily,1,66.5,7,563391.4067,
3187,47,Urban,Middle,885,14015.2,23542.8,4065.4,12403485.9,326,92,3987,4,Weekly,11,9.4,10,1257179.366,
3188,57,Suburban,Middle,265,11880.7,16865.5,2422.9,3148374.7,204,6,520,45,Monthly,0,11.0,9,328736.5416,
3189,49,Urban,High,382,18405.7,51639,2224.7,7030979.9,111,133,1726,4,Daily,8,32.0,7,711743.8291,
3190,58,Rural,Middle,213,12564.1,18859.2,2660.9,2676148.2,68,92,4199,34,Monthly,5,25.2,6,285107.9931,
3191,40,Suburban,Middle,333,17572.8,34793.4,5054.8,5851751.9,357,1,1106,0,Monthly,17,55.8,4,590314.0557,
3192,25,Rural,High,10,11743.3,18019.7,1703.9,117433,38,270,1475,41,Daily,0,42.8,8,26329.89526,
3193,36,Urban,Low,358,6600.3,9481.2,3153.2,2362905.5,198,83,4997,14,Monthly,5,7.8,6,251685.9402,
3194,61,Rural,Middle,203,10650.6,48245.6,3860.2,2162074.5,305,287,916,16,Daily,19,39.0,10,228760.8427,
3195,54,Rural,High,708,1735.9,6416,268.3,1228996.3,92,179,1982,11,Weekly,15,21.3,5,132496.8432,
3196,42,Urban,High,58,4611.2,21649.7,1959,267449.1,264,335,4312,45,Weekly,1,29.9,6,44054.15473,
3197,42,Rural,Low,494,15327,54810,7222.6,7571523.6,243,147,2333,35,Daily,1,6.8,6,769275.3205,
3198,17,Urban,Middle,510,13232.9,57904.6,2714.2,6748777.7,116,102,3921,42,Monthly,19,3.5,2,687763.7816,
3199,56,Suburban,Middle,768,3338.7,10754.6,525.2,2564128.5,95,288,660,14,Weekly,6,69.5,3,261185.7295,
3200,63,Urban,Middle,223,8765.9,24987.4,2007.3,1954800.9,213,313,3734,13,Daily,15,53.7,10,212667.7307,
3201,28,Urban,High,369,2848.4,8869.7,1233.1,1051068.5,246,31,2045,26,Daily,18,47.4,9,119168.3614,
3202,24,Suburban,Middle,692,17117.8,39044,2910.7,11845516.9,173,314,669,49,Monthly,6,49.0,8,1197137.824,
3203,67,Urban,Middle,418,2192.3,7962.2,902.7,916382.4,285,154,1979,21,Monthly,2,46.3,8,105006.8436,
3204,51,Suburban,Middle,874,13088.2,60057.6,5058.6,11439049.7,79,48,2321,8,Weekly,17,27.9,1,1147993.717,
3205,37,Suburban,Middle,547,12143.9,50147.3,4378.5,6642729.7,280,41,3827,46,Weekly,1,36.3,9,684993.3615,
3206,57,Urban,Low,871,9460.8,26944.4,2585.9,8240361.3,149,153,2732,20,Weekly,8,66.7,4,834564.7326,
3207,41,Rural,Low,103,5571.9,26832.5,1374.6,573906.7,279,182,1852,2,Monthly,4,27.3,2,62585.43925,
3208,69,Rural,Low,161,8085.1,39954,1084.2,1301699.6,351,232,2106,30,Weekly,10,14.6,7,142054.1472,
3209,27,Suburban,Middle,200,16129.8,47944.1,3918.6,3225952.4,226,121,1645,12,Daily,2,4.8,6,331014.3166,
3210,32,Rural,Middle,160,15233.4,67919,5190.6,2437344.1,323,185,1429,1,Daily,1,19.5,9,253664.233,
3211,29,Rural,High,695,14778.8,15060.8,6787.7,10271262,118,317,3441,46,Weekly,18,10.3,2,1040596.423,
3212,29,Urban,High,865,14999,18998,6498.3,12974112,73,120,919,13,Monthly,10,47.2,6,1304834.452,
3213,49,Suburban,High,136,2886.3,3144.8,325.8,392535.3,6,352,2112,6,Weekly,20,17.8,8,51501.84104,
3214,68,Suburban,Middle,942,1990.9,8148.2,309.7,1875463.6,321,226,3951,28,Daily,11,24.6,6,201829.003,
3215,35,Urban,Low,398,17231.4,22730.2,7571.4,6858080.3,22,112,4095,3,Weekly,14,7.8,8,700971.1488,
3216,26,Rural,Low,738,16745.1,17887.2,7966.1,12357898.3,179,195,411,3,Daily,16,31.9,2,1237500.073,
3217,31,Suburban,Low,392,13629.6,21666.6,1667.2,5342784.7,196,297,4393,23,Monthly,1,68.8,9,553473.2665,
3218,66,Rural,Middle,755,12122.1,26973.7,4612.5,9152152.2,109,26,3299,41,Daily,0,32.2,6,930571.39,
3219,46,Suburban,Low,106,7343.8,20994.4,1808.7,778439.1,185,194,2858,20,Weekly,3,54.3,7,90685.5704,
3220,21,Suburban,High,583,4489.4,5663.9,1103.1,2617326.6,55,19,1220,50,Monthly,16,41.5,2,269767.8612,
3221,34,Suburban,High,589,13356.5,40015,4769.2,7866950.3,229,343,2290,44,Monthly,6,23.6,10,804071.8768,
3222,52,Suburban,Low,54,18261.6,36381.5,7744.5,986124.4,19,25,2750,27,Monthly,4,67.8,8,113631.2668,
3223,19,Rural,High,277,8745.6,18343.7,1836,2422520.5,364,47,753,37,Weekly,7,37.8,9,254667.0556,
3224,62,Rural,Low,111,6071.2,26031,2320.1,673905.1,216,199,1486,7,Daily,0,55.8,3,71813.61426,
3225,19,Rural,Low,224,5422.1,26827,1921.3,1214556.9,48,264,4353,41,Weekly,9,9.7,4,138134.0583,
3226,35,Rural,High,75,483.9,1381.7,148.5,36290.1,160,3,4246,16,Daily,3,17.1,6,19452.76722,
3227,25,Urban,High,506,10411.1,23811.1,3549.9,5268032.4,273,239,1440,8,Monthly,13,33.2,3,531769.2198,
3228,39,Suburban,High,14,19764.8,93404.5,2119.2,276707.7,96,289,3371,45,Daily,8,55.6,10,47968.51249,
3229,69,Suburban,High,971,16306.6,48949.1,1657.2,15833710.5,30,22,2206,19,Monthly,16,58.9,7,1595979.003,
3230,50,Suburban,Low,770,17950.5,70391.4,5747.3,13821900.1,121,355,1930,4,Monthly,13,70.4,8,1394003.527,
3231,41,Urban,High,482,12427.1,32993.4,3848,5989847.9,354,354,2369,34,Monthly,18,68.5,5,610691.197,
3232,52,Rural,High,189,9634.1,17439.6,1238.3,1820847.5,190,30,1771,40,Monthly,1,31.0,5,193757.9188,
3233,53,Suburban,Middle,364,19809.2,71700.3,5879.6,7210561.8,152,47,3770,28,Weekly,13,38.8,3,733126.273,
3234,36,Rural,High,239,8948.8,32746.9,3606.5,2138756.2,255,315,2252,11,Daily,8,2.8,4,221083.2141,
3235,69,Rural,High,401,18337.4,52091.8,5803.5,7353314.7,191,270,2162,31,Weekly,4,35.7,3,743859.8035,
3236,55,Urban,Low,846,15239.3,31694.6,4679.2,12892429,142,329,1091,30,Monthly,14,3.6,8,1300435.019,
3237,54,Urban,Low,985,6626.3,28673.5,2565.4,6526864.8,246,361,2469,30,Daily,5,1.9,3,663313.9892,
3238,36,Rural,Middle,304,10066.2,21151.9,1698.5,3060128.8,34,270,1410,0,Daily,15,40.5,2,310020.4257,
3239,25,Suburban,High,91,7692.7,27971.5,2177,700039.4,187,152,843,42,Daily,10,64.7,6,81624.35572,
3240,53,Suburban,High,392,2733.1,6931,435.2,1071376.5,86,226,1662,4,Weekly,8,69.5,8,116440.3451,
3241,61,Urban,High,184,7141.8,20639.1,2210.6,1314084.6,161,248,4765,50,Daily,11,53.1,10,154232.9879,
3242,19,Urban,High,17,17780.6,32816,5988.1,302269.7,364,305,877,35,Daily,7,54.1,8,43432.88093,
3243,60,Urban,High,965,15055.2,54167.4,2238.2,14528255.8,118,171,4042,11,Daily,16,32.4,6,1466820.817,
3244,35,Urban,High,12,5558.8,10580.2,723.8,66706.1,111,237,4695,15,Daily,11,41.2,6,22901.80072,
3245,32,Urban,Middle,166,7364.6,21672.9,1227.6,1222521.5,58,236,3631,15,Monthly,0,42.5,6,135664.2492,
3246,22,Urban,High,146,12332.5,28535.4,4125.7,1800547.1,18,259,2850,20,Daily,7,6.0,5,192308.0619,
3247,19,Urban,High,282,8328.6,40430.7,1464.6,2348675,359,279,3907,32,Monthly,0,4.2,4,249739.3655,
3248,44,Suburban,High,991,10065.9,49613.4,2114.8,9975259.2,140,148,1561,25,Daily,12,11.3,2,1004339.978,
3249,29,Urban,Middle,549,13966.4,56060.6,5321.4,7667546.2,194,109,1111,2,Daily,4,57.4,5,773437.8531,
3250,18,Urban,High,582,9350.3,46150.2,1863.9,5441900.5,130,143,2154,22,Weekly,19,40.8,2,550905.6383,
3251,39,Suburban,Middle,169,3827.5,5565.9,991.4,646845.2,212,299,4332,24,Weekly,4,43.0,9,83562.14287,
3252,52,Suburban,Low,847,10416.3,51761.6,4911.7,8822583.2,284,71,203,19,Weekly,7,25.8,4,887836.0042,
3253,31,Rural,High,170,7128.8,10081.7,3065.4,1211896.6,120,311,4676,46,Daily,10,62.7,1,134715.5819,
3254,67,Urban,Middle,765,5821.8,15496.4,1177.1,4453659.6,42,126,2639,48,Monthly,19,69.4,10,465265.6644,
3255,19,Urban,Low,346,6568.9,12847.4,2227.1,2272836,3,82,863,35,Weekly,7,16.2,1,231853.7172,
3256,39,Urban,Middle,499,8785.7,42306.3,3218.4,4384041.5,229,41,3709,34,Weekly,9,23.4,10,458853.9275,
3257,49,Urban,Middle,460,17733.4,62832.3,8159.1,8157362.5,229,259,4968,42,Daily,4,24.3,5,834173.001,
3258,45,Rural,Low,297,14683.8,49756.2,4683.9,4361089.1,343,356,3021,32,Weekly,19,69.4,8,452645.5978,
3259,33,Suburban,High,943,13361,66667.9,4335.8,12599385.2,141,144,4632,4,Daily,2,37.8,7,1275437.894,
3260,34,Suburban,High,142,9430.5,32532.4,4294.4,1339129.8,57,171,533,3,Monthly,4,41.3,7,139896.0875,
3261,46,Urban,Middle,897,46.6,167,5.7,41782.8,216,279,739,7,Daily,14,27.1,5,10544.6356,
3262,34,Urban,Low,785,6817.6,8038.6,2394.7,5351822.8,131,143,1838,10,Monthly,13,64.9,9,548154.98,
3263,64,Urban,High,737,16265.7,72158,4337.4,11987827.4,114,127,4406,42,Monthly,20,14.6,5,1216372.739,
3264,61,Rural,Middle,695,7769.5,37918.1,3604.3,5399827.9,191,58,2312,49,Daily,4,33.5,1,549526.8632,
3265,34,Rural,Low,733,11280.7,54612.8,5462.3,8268785.6,243,168,2929,26,Daily,1,17.0,5,839881.4552,
3266,37,Suburban,Middle,53,4102.7,7731.3,689.7,217445.7,294,118,373,9,Monthly,6,42.5,3,26046.14598,
3267,39,Urban,Low,118,18318,34871.3,3894.2,2161523.6,315,166,3948,44,Weekly,6,39.9,3,229304.9593,
3268,60,Urban,High,365,18464.2,45499.2,3866.1,6739424.6,28,82,2658,19,Daily,13,10.3,5,686026.864,
3269,27,Urban,High,671,2929.9,6565.5,410.9,1965994.4,26,358,3494,31,Daily,14,60.0,1,205910.3792,
3270,45,Urban,Middle,958,14485.9,32194.4,4247,13877528,84,134,4315,47,Daily,16,9.7,8,1408576.375,
3271,53,Rural,High,136,1514,5179.3,462.1,205906.4,347,364,1500,26,Monthly,8,13.5,9,35161.35411,
3272,68,Suburban,High,414,11975,50563.5,3942.1,4957636.3,321,46,519,48,Weekly,3,20.2,10,509613.7666,
3273,46,Suburban,Low,77,3581.3,17000.6,1307.8,275759.1,330,262,362,17,Daily,15,58.8,4,32244.1921,
3274,51,Rural,High,848,2922.6,3716,365.8,2478405.5,202,123,1476,25,Daily,13,15.5,1,253456.8029,
3275,34,Urban,Low,962,92.4,195,32.2,88845.7,61,222,4719,34,Weekly,0,16.6,2,23524.23406,
3276,63,Suburban,Low,557,18817.7,38012.9,8760.1,10481477.9,185,92,2012,27,Monthly,1,47.3,7,1060970.114,
3277,60,Suburban,Middle,18,16586.8,40301.8,4677.4,298561.6,246,19,3324,0,Daily,12,59.9,1,37050.8442,
3278,51,Rural,Low,867,1558.7,4204.4,222.4,1351424.4,1,270,1952,33,Daily,7,50.6,3,143015.1861,
3279,45,Urban,High,941,11991.5,30658.5,1611.4,11284018.9,243,65,4308,25,Monthly,8,39.2,7,1145193.828,
3280,64,Suburban,Low,403,4665.6,22435.1,992.4,1880251.2,32,219,4969,5,Daily,9,47.2,4,200053.5102,
3281,48,Urban,Low,205,5287.7,14533.3,2120.4,1083973.9,235,352,530,49,Monthly,19,39.8,10,123479.1031,
3282,33,Suburban,Middle,499,17484.7,56062.3,3573.9,8724847.7,17,157,4543,48,Weekly,9,26.3,4,888979.613,
3283,67,Rural,High,324,2295.4,9168.9,977.2,743700.4,89,153,4147,45,Weekly,15,50.0,1,87688.73303,
3284,64,Urban,High,595,12033.8,46935.9,5148.8,7160103.7,52,247,2702,24,Monthly,8,49.8,8,729793.3021,
3285,43,Rural,High,562,8031.1,26758.5,2271.6,4513477.2,164,199,1577,16,Monthly,5,45.9,4,459998.9649,
3286,62,Suburban,Low,281,3824.1,16991.7,842.5,1074573.2,303,231,1631,25,Monthly,11,46.1,9,120480.2835,
3287,26,Rural,High,166,9043.8,31623.8,3066.5,1501277.8,32,302,2386,20,Weekly,16,17.8,5,160920.6324,
3288,69,Rural,High,243,18810.4,84628.6,7979.6,4570922.5,198,16,846,31,Weekly,9,66.8,6,466438.2152,
3289,60,Rural,Low,889,15634.4,34568.6,1967.2,13898968.2,351,108,895,24,Daily,10,71.4,6,1398606.168,
3290,48,Suburban,Middle,479,2650.9,4050.8,1276.1,1269784.4,201,274,1840,31,Monthly,8,40.4,9,140981.4534,
3291,32,Urban,Middle,164,16990.1,72685,6088.6,2786376.5,107,364,1356,40,Monthly,17,16.9,3,287838.9926,
3292,21,Rural,Low,324,18749.4,47437.4,4861,6074817.3,336,184,1619,18,Daily,2,23.5,6,617191.2672,
3293,19,Urban,Middle,568,5546.5,19991.5,1677.3,3150421.1,345,184,1870,1,Daily,4,53.5,9,326814.7925,
3294,35,Suburban,Middle,551,6675.1,26361.4,1697,3677957.9,296,69,2246,34,Weekly,4,20.3,8,382982.3374,
3295,63,Urban,Middle,831,2534.9,5847.7,671.9,2106531.3,28,250,1462,15,Daily,4,44.2,7,220837.8149,
3296,62,Rural,High,640,6905.4,20858.7,2335.7,4419425.7,337,218,2197,15,Daily,10,8.3,4,449456.5344,
3297,42,Rural,Middle,903,13466.1,61670.7,1671.1,12159874.3,287,88,1962,32,Monthly,3,69.7,5,1225739.221,
3298,30,Rural,High,634,5450.4,24631.2,927.4,3455540.1,119,346,1363,50,Daily,4,60.7,7,359582.9696,
3299,21,Rural,Middle,759,146.4,585.4,27.9,111141.9,343,272,4731,49,Monthly,18,59.3,6,29265.66825,
3300,62,Rural,High,698,6777.5,27455.4,1782.5,4730700.2,31,217,3602,23,Monthly,10,56.1,5,485382.1369,
3301,29,Rural,Low,208,9068.9,41633.2,2252.9,1886341.4,154,358,858,30,Monthly,11,1.0,9,201726.1742,
3302,26,Suburban,Low,315,11331.5,44706.3,4406.6,3569409,260,180,3217,41,Daily,16,5.8,5,370977.5246,
3303,54,Suburban,Middle,304,13679.7,32261.3,2786.2,4158617.8,107,125,777,22,Daily,14,42.8,6,423440.9412,
3304,24,Suburban,High,901,1245.1,1846.6,152.9,1121807.2,251,183,49,16,Monthly,1,55.6,10,122591.2336,
3305,41,Urban,Low,239,9400.3,25263.8,1148.5,2246681.6,363,332,2608,32,Weekly,0,54.6,7,239159.7355,
3306,31,Urban,Low,727,5334.6,7198.3,557.6,3878243.8,107,329,3682,36,Weekly,5,38.6,2,399161.4117,
3307,20,Suburban,Low,804,18959.9,27739.9,2184.4,15243768.9,117,200,375,35,Monthly,0,38.0,5,1533195.831,
3308,67,Urban,Low,224,7204.4,34585.9,3194.9,1613779.2,245,184,22,18,Weekly,14,7.2,6,168817.5867,
3309,25,Urban,Middle,88,2011.5,7449.6,762.1,177009.6,79,297,2672,20,Daily,1,66.9,3,25963.34476,
3310,65,Rural,High,537,839.4,3698.8,418.3,450765.8,229,224,4378,38,Monthly,7,23.2,4,61527.89287,
3311,18,Rural,Low,429,5315.5,18984.7,574.7,2280333.9,23,362,1029,39,Daily,15,15.9,2,233982.3175,
3312,28,Urban,Middle,220,3585.8,9589,1576.3,788872.9,197,89,4375,18,Weekly,15,43.4,7,95711.05639,
3313,58,Urban,Low,275,12999.5,14307.7,4919.3,3574861,361,225,2645,7,Weekly,15,2.7,2,364268.2937,
3314,64,Suburban,Low,647,16940.9,81711.7,6033.3,10960737.2,188,118,392,25,Daily,19,69.2,2,1099998.93,
3315,45,Urban,Low,954,6258,8033.6,1518.3,5970178.3,217,156,3517,40,Weekly,18,27.0,5,611134.152,
3316,69,Rural,Low,745,11560.1,39774.1,2898,8612238.1,247,159,1093,50,Weekly,1,22.0,5,871200.1683,
3317,60,Urban,Middle,977,14608.8,20581.1,6401.9,14272800,154,183,1497,17,Daily,19,11.8,6,1435963.443,
3318,21,Suburban,High,66,7975.8,17041,3073.8,526400.7,195,202,483,13,Daily,13,37.1,2,55475.21534,
3319,32,Rural,Middle,592,1335.8,2328.7,491.8,790822.6,116,66,2857,17,Daily,1,28.7,9,94626.22489,
3320,60,Rural,Middle,423,4591.4,14760.8,515.4,1942164.9,196,46,4923,36,Daily,18,22.8,2,208346.0949,
3321,66,Rural,Middle,255,17662.5,80334.3,3068.5,4503933.8,55,364,3922,27,Weekly,1,10.4,1,461862.3261,
3322,68,Rural,Low,125,16491.4,58420.5,7999.1,2061420.1,175,260,2223,32,Daily,17,24.1,4,217175.5562,
3323,34,Urban,High,146,1739.8,6362,490.2,254008.6,144,244,230,5,Monthly,16,59.2,2,27445.47625,
3324,57,Suburban,Low,615,4486.7,20799.3,1851,2759342,314,156,86,6,Weekly,18,57.4,7,282906.815,
3325,50,Urban,Middle,385,15385.6,61507.1,3934.6,5923461.4,363,249,4484,4,Weekly,13,41.7,4,605476.2712,
3326,61,Urban,Low,447,9723.1,43402.2,3944.9,4346228.2,217,95,1643,26,Daily,16,54.4,2,442381.9377,
3327,41,Rural,High,387,15201.7,40521.3,2245.1,5883073.8,257,255,718,7,Weekly,15,44.5,10,599391.5883,
3328,66,Suburban,High,383,4229.7,18870.7,494.3,1619989.8,127,362,4832,37,Daily,18,9.2,5,180175.9855,
3329,20,Rural,Low,277,19054.4,68280.5,5458.5,5278078.7,173,336,2229,32,Weekly,16,66.7,9,543750.3516,
3330,44,Urban,Middle,382,15674.3,24176.5,5276.9,5987587.5,94,201,2469,11,Daily,11,36.5,4,607609.6887,
3331,52,Urban,Low,124,3957.1,4569.8,908.1,490676.9,219,307,2248,36,Weekly,20,53.6,1,57638.78929,
3332,35,Rural,Middle,926,11173.4,22080.2,4317.4,10346568,52,134,582,36,Monthly,3,63.1,8,1047221.958,
3333,64,Urban,High,267,2270.8,5707.5,677.4,606306.7,19,153,4119,14,Daily,7,63.4,8,77188.33629,
3334,36,Urban,Low,790,7235.1,31474.6,3410.1,5715714.7,358,255,872,16,Daily,0,67.3,10,583794.2831,
3335,25,Rural,High,111,13195.8,52321.2,1768.2,1464737.3,237,260,2383,36,Monthly,13,47.0,10,162550.6901,
3336,20,Urban,Middle,381,6609.3,31866.5,836.9,2518125.2,171,240,3721,50,Daily,8,46.0,5,268934.9254,
3337,51,Suburban,Middle,825,13138.6,42525.7,6070.7,10839345.3,275,152,1492,41,Weekly,17,18.0,8,1097481.039,
3338,21,Rural,Low,601,4903.1,19568.3,1802.6,2946788,295,91,4236,28,Weekly,11,23.3,1,306151.5476,
3339,41,Suburban,Low,899,14426.9,30312.9,5315.6,12969804.3,364,240,3318,2,Weekly,1,43.8,2,1305507.432,
3340,19,Urban,Low,158,7198.2,26765.1,799.2,1137314.9,160,183,1094,10,Monthly,5,18.8,4,119936.6224,
3341,54,Urban,High,728,15811.7,60473.6,7511.7,11510932.6,240,310,4007,25,Monthly,4,26.5,3,1163537.416,
3342,54,Rural,Middle,896,2742.4,12049.3,1120.9,2457218.5,65,259,4487,39,Weekly,17,12.8,3,260686.9417,
3343,65,Urban,Middle,813,7245.9,22792.9,2939.9,5890948.6,217,286,2295,44,Monthly,13,54.3,9,605170.5257,
3344,50,Rural,High,548,9284,33385.5,4314.9,5087637.3,47,76,1128,5,Daily,14,45.8,9,518421.7182,
3345,16,Rural,Low,599,8482.7,15372.3,2810,5081120.5,74,297,2305,34,Monthly,12,52.4,8,523750.2255,
3346,39,Rural,Low,118,8667.6,34211.2,2235.1,1022772,164,362,405,23,Daily,8,32.6,7,111967.4352,
3347,51,Rural,High,328,8901.6,38754.5,2601.7,2919730.9,198,183,1654,50,Weekly,18,53.2,8,307228.0472,
3348,21,Rural,Middle,960,19776.2,66743.6,8126,18985135.2,328,59,4981,38,Weekly,0,34.1,4,1915475.045,
3349,56,Suburban,Middle,694,3871.2,5662.4,1577.5,2686620.1,148,40,3075,33,Weekly,7,38.8,7,283063.0743,
3350,69,Rural,Middle,68,15375.6,34617.1,5286.7,1045540.1,86,45,1587,23,Monthly,15,10.0,8,115535.9838,
3351,61,Suburban,Middle,434,11040.3,32039.5,2067.1,4791471.9,9,15,2054,18,Weekly,6,3.6,4,488602.4097,
3352,59,Urban,High,359,8278.4,30701.8,3539.5,2971957.1,253,220,4096,12,Monthly,15,53.9,5,309681.3512,
3353,46,Rural,Middle,671,12674.2,28913.8,4548.7,8504414.4,232,273,4434,42,Weekly,12,64.2,8,869991.3236,
3354,35,Urban,High,797,17072.1,74454.2,3218.2,13606458.6,247,187,3769,8,Daily,12,26.6,2,1369372.796,
3355,39,Rural,Low,443,9338.1,23225.3,2729.1,4136778.7,1,364,3773,18,Monthly,19,61.1,4,426362.766,
3356,40,Suburban,High,164,17297.4,20261.2,8629.4,2836770.2,267,25,4445,50,Daily,18,20.6,4,301324.031,
3357,51,Suburban,Middle,973,1885,7871.8,436.1,1834132.9,105,299,2102,31,Daily,10,53.0,10,199359.1538,
3358,36,Suburban,Low,361,13065.2,46732.7,1915.7,4716520.4,234,192,3852,20,Daily,15,42.3,4,483822.2803,
3359,45,Urban,High,585,6670.3,28067.3,724.8,3902107.6,257,179,795,31,Weekly,8,3.4,1,393493.1391,
3360,39,Rural,High,119,7740.4,18542.7,1345.7,921112.3,81,61,2946,45,Daily,12,18.2,6,106815.1511,
3361,59,Urban,High,853,11424.7,12230.4,1996.9,9745256.2,123,131,2319,11,Daily,18,45.7,3,982154.4044,
3362,57,Suburban,Low,195,9603.5,12436.7,4256.6,1872689.7,172,249,2904,28,Daily,9,15.8,2,195391.9647,
3363,45,Urban,High,601,7641.8,11059.2,1241.5,4592704.4,307,164,1453,32,Monthly,6,42.9,10,474443.3382,
3364,37,Suburban,Middle,857,6173.4,26055.3,2747.5,5290591.1,273,207,878,0,Monthly,16,51.2,8,538408.7156,
3365,43,Suburban,Low,588,12370.1,27285.3,1666.1,7273632.3,359,238,4472,48,Monthly,9,25.6,7,746562.2759,
3366,22,Suburban,Low,733,10116.5,50497.6,4680.5,7415421.8,247,192,386,3,Monthly,1,50.1,7,748948.5531,
3367,50,Rural,High,651,6472.9,26109,1311,4213890.1,363,28,3681,12,Monthly,17,46.6,7,434645.4951,
3368,43,Rural,Middle,884,4107.2,13983.4,1415.3,3630739,194,107,2434,22,Monthly,15,71.1,2,371072.2249,
3369,29,Suburban,Low,907,15491.6,76443,2538.9,14050898.6,112,223,1180,27,Monthly,2,44.6,5,1414775.824,
3370,25,Urban,High,241,15996.3,36235.4,4095.4,3855108.6,23,84,4519,42,Weekly,19,20.6,1,399394.7859,
3371,31,Urban,Middle,509,4283.6,7121.4,575.3,2180365,315,237,786,49,Monthly,0,18.6,2,224884.3966,
3372,31,Rural,High,666,5240.4,20694.7,1738.8,3490082.3,202,149,4372,11,Daily,4,47.8,10,367937.4841,
3373,69,Suburban,High,565,4790.5,10119.1,1141.8,2706615,106,283,3219,18,Weekly,0,8.3,1,278990.1883,
3374,46,Urban,Low,142,17692.5,85705.3,7799.9,2512342,94,339,1838,32,Monthly,6,17.1,6,262579.389,
3375,57,Suburban,Low,832,15484.9,76685.4,2674.6,12883408.8,25,100,1773,17,Monthly,17,1.6,9,1302033.098,
3376,40,Urban,High,976,1500.7,7061.8,318.1,1464707.3,145,332,3185,33,Daily,3,37.3,8,163777.163,
3377,28,Rural,Low,906,16655,79595,2846.4,15089423.1,19,35,2042,29,Daily,8,56.8,6,1520283.149,
3378,21,Suburban,Low,31,746.7,2585.4,243.1,23146.7,210,97,1624,42,Daily,0,37.3,7,16749.57789,
3379,59,Suburban,Middle,223,5071.5,19111.7,733.8,1130936.4,82,356,3572,46,Weekly,0,21.3,3,125569.2308,
3380,24,Urban,Middle,804,18380.6,25309.9,3230.3,14778032.8,46,233,1248,46,Weekly,5,60.5,10,1494441.849,
3381,60,Urban,High,266,17288,70054.4,6420.7,4598603.4,35,13,4242,5,Weekly,16,35.4,2,469724.6965,
3382,51,Urban,High,282,15630.9,28264.6,2028.4,4407907,202,246,1625,3,Weekly,15,50.0,8,451812.0054,
3383,58,Suburban,High,788,9156.4,39933.7,3637.5,7215218.9,23,262,1471,11,Daily,18,71.0,5,730018.3367,
3384,35,Rural,High,381,6435.1,31185.2,912.1,2451760.9,365,223,3752,22,Daily,3,58.8,7,259792.5828,
3385,33,Rural,Middle,556,17632.1,32610.8,5892.6,9803448.3,300,74,1346,27,Daily,9,61.4,4,988274.2481,
3386,58,Urban,Low,62,13144.9,17247.8,6560.9,814984.5,265,266,1114,10,Daily,15,9.6,4,87947.82274,
3387,36,Rural,Middle,713,5917.2,17370.4,1003.3,4218979.3,346,184,13,27,Daily,20,39.4,5,428996.1827,
3388,19,Urban,High,847,9269.3,38617.7,1895,7851084.9,349,277,1171,39,Monthly,6,71.8,4,794818.3343,
3389,65,Rural,High,521,17631.2,71980.4,8099.3,9185849.7,187,56,1826,33,Daily,1,24.0,5,929150.8491,
3390,48,Suburban,Middle,71,18070.1,68436.3,6333.8,1282975.3,298,57,3542,47,Daily,19,4.0,7,145254.5531,
3391,42,Urban,Middle,602,13189.4,56487.6,3917.4,7940048.2,190,295,408,33,Monthly,6,3.4,6,803487.0028,
3392,22,Rural,High,536,14653.8,24910.8,4763.7,7854432.3,240,61,4479,20,Weekly,6,70.5,7,802570.4813,
3393,21,Suburban,Low,140,795.6,2870.2,173.6,111378.9,349,173,4152,35,Daily,4,31.8,7,28140.97762,
3394,30,Rural,High,316,12096,41401.1,5348,3822324.7,127,110,2561,27,Monthly,14,21.2,9,397211.272,
3395,33,Suburban,Middle,340,13783,22241.9,5487.1,4686206.9,291,146,3649,33,Monthly,18,37.5,2,480700.3811,
3396,47,Suburban,High,888,417.3,1109.2,149,370597.2,111,14,2392,40,Monthly,9,44.3,3,47888.21248,
3397,26,Rural,High,590,16878.7,74437.3,7978.5,9958457.3,43,183,1902,28,Monthly,4,63.5,3,1003274.835,
3398,35,Rural,Low,726,18566.4,90737.9,6150,13479219,301,315,3158,25,Weekly,4,32.4,6,1360887.421,
3399,39,Suburban,High,528,4766.3,17453,1452.5,2516632.6,134,365,404,12,Weekly,17,61.6,1,254265.025,
3400,30,Suburban,High,541,16917.5,79305.1,8294.2,9152346.2,13,147,4340,33,Weekly,3,19.5,9,935249.7163,
3401,63,Suburban,High,416,13313.6,20345.8,2428.5,5538456.2,11,232,858,18,Daily,13,39.9,5,559928.3811,
3402,22,Urban,Middle,467,11618.1,56931.5,1821.6,5425657.1,102,297,1997,7,Monthly,17,56.5,6,551946.2667,
3403,36,Suburban,Middle,375,16864.1,19124.3,2781.1,6324033.1,197,140,208,28,Daily,8,32.4,7,640820.9426,
3404,57,Urban,Low,291,5719.4,17781.7,2835.5,1664332.2,55,148,2190,42,Monthly,16,20.7,1,175783.1316,
3405,41,Suburban,High,43,15819.2,34233.3,5709.2,680226.2,183,36,1822,39,Monthly,11,58.4,3,76485.34956,
3406,59,Urban,Middle,864,6297.3,26798.9,1400.3,5440841.4,19,277,545,15,Weekly,17,58.3,9,554162.1783,
3407,29,Suburban,Low,887,15751.3,29457.6,3143.8,13971364.3,363,56,803,27,Weekly,15,21.0,5,1406003.432,
3408,52,Suburban,High,53,9026.6,9442.9,1107.2,478408.2,262,41,1127,29,Daily,2,43.9,2,54044.28932,
3409,36,Suburban,Low,788,2347.7,6241.3,358.7,1850019.1,9,169,4092,22,Monthly,18,18.5,3,198178.3411,
3410,33,Rural,Low,883,7636.6,9594.8,3537.8,6743101.9,148,171,246,28,Monthly,9,64.6,6,681659.6649,
3411,20,Rural,Low,232,4677.5,10105.2,1866,1085187.1,25,106,2577,19,Daily,20,6.3,3,116710.5132,
3412,18,Suburban,Low,212,2019.6,7220.1,962.6,428160.6,306,227,464,16,Weekly,19,28.1,1,45118.48729,
3413,38,Urban,Low,8,2214.6,4825.3,596.8,17717.1,72,86,619,25,Monthly,6,47.2,5,9379.66981,
3414,41,Urban,Low,634,15603.6,30944.7,5313,9892699.7,322,294,1958,46,Monthly,0,62.1,10,1006627.406,
3415,52,Suburban,Low,483,17629.1,28594.2,5173.6,8514876.1,57,146,3035,38,Monthly,0,57.5,7,868263.9434,
3416,39,Rural,High,42,18543.3,28569.5,8391.9,778819.1,22,264,2415,32,Weekly,14,49.6,5,89991.29419,
3417,64,Urban,High,333,17080.4,53007.8,8481.3,5687767.9,312,247,1229,13,Weekly,0,66.8,1,573213.5267,
3418,34,Rural,Low,233,16606.2,61875.1,7856.6,3869239.9,36,148,356,30,Daily,8,2.7,2,392174.0062,
3419,66,Urban,High,70,1386,3896,470.2,97022,179,362,2378,15,Weekly,13,70.5,2,15552.90893,
3420,40,Suburban,Low,879,15804.6,23618.5,1971.2,13892217.6,68,222,3351,20,Weekly,12,25.6,10,1407269.298,
3421,36,Rural,High,16,15667.8,56263.5,5436.9,250685.1,1,146,884,34,Daily,18,54.1,4,33027.45015,
3422,27,Urban,Middle,69,2634.5,8505.4,365.7,181780.2,48,108,4596,49,Daily,15,20.8,4,34050.53415,
3423,56,Suburban,Low,53,13243.6,33441.3,2059.8,701908.9,152,215,1758,18,Monthly,16,30.4,1,75473.16364,
3424,48,Suburban,Middle,685,9055.6,21010.7,1598.7,6203100.8,197,245,4839,5,Weekly,8,63.2,2,631166.5381,
3425,65,Suburban,Low,947,18001.3,31189.2,4417.5,17047203,58,130,2920,22,Daily,13,32.8,2,1714338.331,
3426,68,Rural,Low,994,13911.2,22052,4684.1,13827745.9,48,64,1457,25,Daily,2,63.8,1,1388475.89,
3427,19,Rural,Middle,774,19020.2,44794.3,4439.7,14721666.4,355,300,550,8,Monthly,8,40.0,5,1477801.357,
3428,57,Suburban,Middle,379,2107.4,2458.3,592,798706,234,357,199,12,Weekly,19,19.8,5,85556.34572,
3429,22,Rural,Middle,801,821.7,2256.9,97.7,658213.9,188,362,1390,43,Monthly,0,35.5,5,77805.75204,
3430,37,Urban,Low,463,19471.9,66326.9,6774.3,9015467.2,114,224,3742,14,Weekly,4,7.3,6,915428.6455,
3431,48,Suburban,Middle,527,1613,7688.8,585.2,850072.8,90,65,4434,31,Daily,5,34.9,5,99937.51248,
3432,32,Suburban,Middle,782,7730.1,27080.8,1080.3,6044902.6,169,65,1443,38,Monthly,19,56.9,10,620886.1102,
3433,39,Rural,High,679,13002.9,45462.1,5383.8,8828977.7,363,182,4774,43,Weekly,13,5.9,7,903698.9465,
3434,49,Suburban,High,63,17602.3,43964.6,6319,1108947,361,108,276,16,Daily,9,17.6,9,121749.9404,
3435,43,Urban,Middle,261,5099,7818.1,1508.8,1330839.2,177,351,53,44,Monthly,7,31.0,9,144872.7399,
3436,58,Rural,Middle,500,590.9,1647.2,189.8,295436.8,192,323,163,28,Monthly,14,54.8,10,40683.07118,
3437,56,Rural,Middle,121,10430.5,35408.6,3141.9,1262093.3,133,111,2123,48,Daily,0,54.3,1,136133.5112,
3438,54,Suburban,Middle,858,9427.5,36730.9,1145.6,8088820.1,172,76,2789,39,Weekly,15,64.0,6,822141.1354,
3439,37,Suburban,High,240,6144.8,26449.3,2421.4,1474750.7,18,250,4517,17,Weekly,19,11.3,7,163640.7597,
3440,64,Suburban,Low,465,17479.2,35373,5326.4,8127850.5,251,241,4672,33,Monthly,6,12.1,9,833133.7202,
3441,32,Rural,Middle,107,14989,29451.5,2535.1,1603817.7,112,226,1253,48,Daily,0,48.5,10,177053.7875,
3442,49,Suburban,Middle,180,17163.7,55974.4,6389.9,3089474.4,40,305,1329,24,Weekly,4,13.8,5,318076.1862,
3443,21,Urban,High,16,3244.6,10590.4,1226.5,51913,102,164,985,11,Weekly,9,30.4,2,7893.864578,
3444,61,Suburban,Middle,355,13851.3,25926.8,2568,4917216.8,174,263,3188,44,Weekly,20,39.3,10,510218.8185,
3445,21,Suburban,Middle,934,19502.3,65330.7,8163.6,18215133,314,15,1080,14,Monthly,4,19.2,8,1831509.635,
3446,49,Rural,High,309,12242.2,29179.4,3459.7,3782827,341,341,658,42,Monthly,7,50.1,1,383351.4257,
3447,16,Suburban,Middle,727,3435.6,12221.2,591.8,2497662.1,302,153,2265,23,Monthly,5,61.9,7,263069.8436,
3448,25,Rural,Middle,589,19915.7,43101,7230.3,11730317.9,196,38,4641,8,Weekly,9,1.9,4,1184730.594,
3449,36,Suburban,High,737,10571.2,35616.1,3580.4,7790965.8,72,37,2034,39,Daily,13,21.5,10,795176.1055,
3450,20,Urban,Low,605,16802.8,68441.8,2825.6,10165681.8,182,122,848,19,Daily,7,51.6,6,1025208.527,
3451,17,Urban,Middle,181,2995.7,14740.9,1344.9,542228.1,241,272,465,24,Daily,5,20.6,8,63513.23076,
3452,37,Rural,Middle,174,13325.3,61886.2,5887.3,2318595.8,289,257,4661,46,Monthly,8,38.1,3,248251.8964,
3453,63,Rural,Low,354,18253.2,55018.1,7931,6461642.6,323,175,4599,23,Weekly,14,54.7,2,659129.192,
3454,17,Suburban,High,354,10645,31439,2764.4,3768342.8,113,293,1374,48,Weekly,15,25.4,8,390404.8785,
3455,25,Suburban,Low,219,5780.3,15900.5,2484.7,1265888.9,340,301,4636,25,Daily,0,56.9,6,142962.62,
3456,49,Urban,Middle,655,2557.2,2841,1119.8,1674941.3,163,142,1806,13,Weekly,13,58.9,6,177016.5451,
3457,31,Suburban,Low,315,5925.9,9859.7,2954.8,1866669.2,39,162,2126,4,Daily,19,71.4,8,197884.7395,
3458,63,Urban,High,434,7104.1,8786.1,3431.6,3083194.7,235,339,418,47,Monthly,17,31.7,5,318540.9514,
3459,66,Rural,Middle,905,14202,53760.5,3595.1,12852812.3,71,23,1459,28,Daily,6,34.8,5,1295125.333,
3460,54,Suburban,High,282,3580.6,9499.2,641.9,1009741,219,350,4532,7,Monthly,11,56.6,7,116305.4032,
3461,37,Rural,High,259,2131,2674.6,462.4,551938.3,5,337,2213,16,Weekly,9,62.6,6,66600.86304,
3462,27,Suburban,Low,868,7744.9,29138.7,2307.3,6722591.8,241,66,597,42,Weekly,14,36.9,3,679393.1673,
3463,39,Urban,Low,559,9178.5,32838.3,3875,5130773.6,165,58,1189,21,Monthly,6,2.5,4,520162.7677,
3464,62,Rural,High,5,12571.4,48775.2,4892.7,62857.1,1,29,3906,17,Weekly,4,33.5,2,15440.6739,
3465,55,Rural,High,574,14153.6,48112.7,5874.9,8124138.1,184,83,4045,26,Monthly,10,17.0,8,830489.3714,
3466,53,Suburban,Middle,980,17786.7,29279.7,4481.7,17430928.2,8,129,445,1,Daily,2,7.9,6,1748984.424,
3467,25,Rural,High,596,5786.2,7207.1,1150.1,3448564.3,108,133,4749,0,Monthly,3,25.1,7,358900.6558,
3468,50,Urban,High,645,10576.9,45148,1159.8,6822081.4,185,115,46,40,Daily,10,28.8,5,690833.1645,
3469,66,Rural,Low,394,7327.2,13652.2,2568,2886898.6,284,34,3928,7,Weekly,14,70.7,7,302295.8082,
3470,64,Rural,High,336,38.4,121.8,16.1,12908.9,154,125,1512,20,Daily,14,33.3,4,9871.998534,
3471,47,Suburban,High,63,11592.8,34093,5282.4,730349.1,34,78,1286,23,Daily,16,69.7,10,85781.78903,
3472,22,Rural,Low,793,16317.8,76435.8,4740.2,12939986.5,352,275,2701,1,Weekly,10,53.0,4,1302280.715,
3473,36,Suburban,Middle,44,738.4,2370.2,347.8,32490.7,22,344,1948,43,Weekly,20,19.0,2,11014.66773,
3474,35,Suburban,Low,153,79.8,264.9,14.4,12209.4,148,168,942,37,Daily,5,50.8,8,14379.75647,
3475,41,Rural,Low,926,14559.1,33165.9,4451.5,13481717.3,151,81,2701,27,Monthly,6,29.6,7,1361553.913,
3476,19,Urban,High,782,13680.4,66141.5,2537.8,10698038.3,67,95,2290,33,Daily,10,42.1,4,1079945.633,
3477,61,Suburban,High,854,8123,28020.2,1423.4,6937028,78,209,3725,11,Weekly,4,37.9,3,703455.6096,
3478,67,Rural,Middle,683,13235.5,13499.2,6371,9039833.9,232,72,4950,49,Monthly,0,67.2,1,919530.9703,
3479,37,Suburban,High,156,19068.2,61482.1,8144,2974637.3,39,145,903,4,Daily,20,10.2,5,303948.3239,
3480,30,Urban,Middle,478,4964.8,12190.8,519.9,2373163.6,165,38,2659,44,Weekly,0,32.5,6,252189.313,
3481,55,Urban,Middle,275,4926.1,5558.8,1021.7,1354670,99,171,1131,35,Monthly,12,6.8,3,143418.2782,
3482,36,Suburban,Middle,358,3732.8,10176.3,679.6,1336335.9,129,40,2368,7,Weekly,1,19.1,10,147382.0357,
3483,30,Urban,Middle,426,14482.5,59295.2,2300.6,6169542.9,19,173,4569,29,Monthly,17,6.5,9,637855.2184,
3484,37,Rural,High,532,7070.3,21317.9,2679.4,3761374.5,271,199,2755,9,Daily,5,67.6,10,390722.2562,
3485,67,Rural,Low,483,19774,70352.6,6460.9,9550830.3,1,344,3544,20,Monthly,13,23.4,10,972854.5677,
3486,43,Suburban,Low,214,14295.8,50878.4,4025.3,3059308,287,222,466,45,Monthly,10,56.5,9,319930.3029,
3487,29,Urban,High,79,7353.9,27092.2,1292.8,580955.3,180,90,4057,33,Daily,4,54.1,6,74944.22859,
3488,42,Rural,High,139,2992.2,7631.3,631.5,415919.8,256,286,4850,33,Monthly,18,11.0,5,59348.02982,
3489,56,Rural,Middle,950,11844.6,29374.8,2871.6,11252347.3,174,163,4034,3,Daily,12,11.0,2,1134455.081,
3490,55,Rural,High,98,5905.1,6013.4,2445.9,578701.4,342,133,1135,10,Weekly,11,27.8,6,65652.83358,
3491,43,Suburban,Low,889,18111.1,29283.7,8977.2,16100791.5,50,322,1478,21,Weekly,8,41.4,5,1618682.719,
3492,41,Suburban,High,664,8833.7,42430.3,1533.4,5865559.5,20,351,4383,40,Weekly,3,31.3,3,599916.0308,
3493,64,Rural,High,198,5860.1,25606.6,1386.5,1160294.4,105,283,340,49,Daily,5,55.5,10,130869.5262,
3494,17,Rural,Middle,785,11775.2,24732.9,2497.3,9243493.4,190,152,659,22,Daily,3,39.1,3,928962.1361,
3495,40,Urban,Middle,156,2748.1,7158.2,323.3,428706.8,239,312,185,48,Daily,0,63.6,1,47232.98242,
3496,18,Urban,Middle,50,11235.4,53476.8,2108.7,561768.3,43,45,2076,33,Daily,16,43.1,9,72475.51238,
3497,23,Urban,Middle,479,1131.7,2265.3,521.3,542069.2,5,324,1431,29,Weekly,16,43.1,4,61643.90633,
3498,59,Suburban,Low,228,12141.7,38005.1,5307.7,2768308.7,248,261,4992,24,Daily,9,47.8,9,295886.6085,
3499,48,Rural,High,951,10608,11544.9,1771.9,10088184.5,66,219,746,23,Weekly,17,43.8,4,1015619.607,
3500,57,Suburban,High,457,10420.1,36250.9,2568.2,4761991.2,251,108,3834,24,Monthly,13,44.5,5,490222.923,
3501,67,Rural,Middle,522,13686.4,64604.1,3070.2,7144324.9,128,47,532,29,Monthly,2,32.9,5,721347.494,
3502,50,Urban,Low,149,898.7,4079.1,143,133904.5,185,133,2975,38,Weekly,16,7.4,4,25902.87042,
3503,21,Urban,Low,58,9200,27672.6,3209.7,533601.9,188,261,4209,43,Monthly,3,27.2,4,68080.18373,
3504,54,Urban,High,162,8886.3,31978.1,2869.6,1439585.9,183,176,1121,15,Weekly,1,55.5,7,154610.2796,
3505,67,Urban,Middle,863,9201.1,30172,2491.6,7940507,71,121,3093,9,Daily,14,3.7,7,807511.0258,
3506,38,Rural,High,477,19598,24848.3,8666.2,9348255.8,66,329,1144,30,Weekly,5,50.0,6,945885.9159,
3507,40,Urban,High,107,2794.2,4568.2,972.1,298976.9,329,303,210,10,Daily,8,70.6,3,33182.19533,
3508,65,Rural,Low,427,13811.7,67059.5,2813.6,5897592,250,190,3773,8,Monthly,6,32.0,6,601969.8004,
3509,58,Rural,Low,395,8045.9,16283.9,2007.3,3178131.6,155,260,2863,35,Weekly,9,16.1,9,334614.6907,
3510,34,Suburban,High,801,10239.4,25985.6,1638.9,8201770,79,177,2433,47,Daily,1,2.6,3,831442.1652,
3511,20,Urban,Middle,186,15250.3,46296.4,5132.5,2836547.3,19,347,4996,18,Weekly,19,61.7,7,301531.4605,
3512,66,Urban,Middle,558,3155.9,15516.2,1056.1,1761011.8,269,65,1923,4,Weekly,13,11.5,5,185188.1537,
3513,26,Suburban,High,957,15274.1,57430.1,6843.9,14617283.5,45,352,3124,11,Weekly,5,4.1,7,1474160.322,
3514,27,Rural,High,446,1415.9,4981.7,626.3,631496.9,262,336,1891,9,Monthly,4,35.5,2,68404.77546,
3515,25,Urban,Middle,641,9671.4,29958,4204.9,6199339.9,222,343,640,13,Daily,4,28.1,3,623186.5782,
3516,23,Rural,Middle,917,14844,56447.2,4743.9,13611944.7,129,220,1614,19,Monthly,19,69.1,2,1367242.561,
3517,39,Suburban,Middle,830,3859.1,14109.1,1392.4,3203056,106,317,1484,19,Daily,11,33.8,10,334169.8491,
3518,43,Rural,High,448,15420.6,71110,6325.8,6908430.5,251,148,3792,43,Weekly,7,60.3,7,707291.1812,
3519,56,Urban,Low,87,3344.6,10593.4,457.1,290978.6,121,100,1925,35,Monthly,20,67.2,9,45094.96978,
3520,51,Rural,Middle,249,15986.8,42940.7,3520.9,3980708.9,230,119,1879,24,Daily,6,14.1,3,406597.9867,
3521,52,Rural,Middle,841,9384,39681.7,1573.1,7891962.6,281,109,2998,40,Daily,15,25.6,7,804971.8483,
3522,36,Urban,Middle,440,13695.9,57511,4171.6,6026204.9,227,82,1331,45,Monthly,17,66.6,10,618473.6304,
3523,23,Urban,High,257,18349,30814.2,7983,4715681.5,275,13,2260,4,Daily,15,40.5,7,482116.3546,
3524,24,Rural,Low,277,8174.3,15916.8,1571.8,2264293.9,138,299,4279,40,Daily,18,23.9,3,241457.1165,
3525,62,Rural,Low,790,4666.8,22562,1831.1,3686788.6,173,92,2140,26,Weekly,9,38.0,5,378241.7358,
3526,30,Suburban,Middle,438,17344.6,48156.2,4550,7596939.3,327,238,1643,1,Daily,8,52.9,6,767321.1755,
3527,63,Urban,High,516,3240.7,9977,1494.7,1672209.9,271,184,2292,11,Daily,5,44.9,5,177258.887,
3528,61,Rural,Low,577,12633.2,28306.5,4430.7,7289360,215,178,3710,27,Monthly,17,67.3,8,746320.5196,
3529,55,Urban,High,947,18465.8,53999.3,9059.7,17487144.1,228,210,1795,43,Daily,2,69.4,9,1763403.511,
3530,33,Suburban,Low,202,13491.2,53606.3,2674.9,2725220.4,107,276,1677,12,Weekly,13,51.5,6,282125.1548,
3531,57,Rural,Middle,575,3921.7,11488,1841.5,2254957.3,159,304,2752,20,Monthly,4,48.1,2,233608.8232,
3532,35,Rural,High,655,3054.2,6899.8,741.6,2000472.3,136,356,1403,42,Monthly,13,2.0,2,208752.1639,
3533,21,Rural,Middle,756,5053.6,6994.2,1762.6,3820512.2,251,275,238,7,Daily,17,56.6,4,386597.888,
3534,27,Urban,Low,804,7834.2,36923.1,1330.3,6298715,30,325,318,11,Monthly,2,36.5,10,640566.0544,
3535,17,Suburban,Low,797,3191.6,14319.5,1289.1,2543696.5,98,273,561,40,Monthly,6,63.1,3,260851.3036,
3536,22,Urban,Middle,180,15958.3,66473.7,7840.3,2872494.6,97,36,2807,43,Monthly,1,67.3,7,303462.9057,
3537,31,Rural,Low,686,7147.1,26989.6,2965.9,4902935.6,257,338,2377,10,Weekly,5,27.2,4,497670.66,
3538,18,Suburban,Middle,325,18722.4,57328.6,6483.9,6084771.5,272,70,3413,18,Weekly,9,65.3,3,619552.6073,
3539,60,Rural,Middle,925,16851.4,77340.9,4706.4,15587537.9,11,116,4704,7,Daily,20,47.8,2,1568914.527,
3540,18,Rural,Middle,623,18177.3,75741.2,4327.9,11324443.6,342,1,4038,26,Weekly,18,31.4,4,1146208.865,
3541,42,Urban,Low,687,5896.9,25144.7,1578,4051176.7,168,81,2659,6,Daily,12,4.6,5,413952.1717,
3542,65,Rural,High,475,11478.9,25692.1,2655.2,5452474.4,211,35,1507,20,Monthly,10,53.7,4,551953.6799,
3543,58,Suburban,Middle,665,6435.8,17336.9,2787.2,4279791,172,283,4961,26,Weekly,8,64.4,10,450033.5562,
3544,55,Rural,High,976,5146.4,19696.4,2353.2,5022887.1,326,195,2020,13,Weekly,16,42.3,9,515400.0203,
3545,53,Rural,Low,400,12145.7,30172.9,5828.3,4858265.9,120,184,154,31,Weekly,10,29.6,1,489848.6756,
3546,48,Urban,Low,868,16361.7,48690.8,4374.2,14201979.6,185,46,541,28,Weekly,12,33.1,9,1431315.398,
3547,43,Suburban,High,217,1881,6745.4,599.1,408181.4,39,148,4255,23,Monthly,2,51.3,8,57547.54193,
3548,16,Urban,Middle,809,5522.6,15192.9,1826.7,4467797.6,257,264,4885,27,Monthly,9,15.1,9,467276.0891,
3549,23,Rural,Low,961,4110.6,17150.2,1481.6,3950317.6,279,93,1604,23,Weekly,0,15.5,3,402547.8845,
3550,52,Urban,Middle,453,15969,23396.5,1612.6,7233966,230,328,1684,1,Monthly,4,25.6,9,735355.0048,
3551,47,Urban,Middle,404,18668.1,72287.1,8159.4,7541915.5,115,114,2536,30,Monthly,11,3.1,9,770497.2161,
3552,63,Urban,High,965,1608.1,2542.1,333.3,1551772.9,304,347,1279,11,Monthly,6,48.5,2,160025.5533,
3553,58,Urban,Low,932,7590.5,36065.1,2192.6,7074323.8,91,282,4151,0,Daily,11,32.8,3,718345.4424,
3554,52,Rural,High,989,18291,41267.3,7986.4,18089834.4,309,103,2899,20,Weekly,6,64.5,8,1824006.556,
3555,19,Rural,Low,240,6899.3,28851.1,3441,1655836.3,61,202,868,28,Daily,11,46.9,7,174851.4904,
3556,45,Suburban,High,738,14256.1,43989.6,5958.4,10521003.4,103,62,3013,29,Daily,3,51.0,2,1062212.871,
3557,21,Urban,Low,186,2022.3,2759.2,222.3,376151.7,215,94,3166,41,Monthly,16,48.7,10,57361.07887,
3558,61,Urban,Low,48,8893.3,29617.8,2201.1,426878.7,102,317,3310,0,Daily,15,30.7,9,57346.26673,
3559,69,Suburban,Low,978,10071,46817.1,2003,9849420.9,143,228,682,21,Monthly,17,67.2,2,988005.4063,
3560,34,Urban,Middle,386,15155.7,24687.7,7360.4,5850102.1,90,68,2263,41,Monthly,1,65.9,1,592724.762,
3561,47,Suburban,Middle,208,5783.6,13216.9,1189.6,1202989.8,118,285,1461,7,Daily,16,35.3,9,132416.6333,
3562,24,Rural,High,157,5291.1,14585.7,2525.7,830707.3,139,302,3829,12,Weekly,9,56.3,4,94047.35519,
3563,27,Suburban,High,225,6066.3,12740.6,2881.5,1364922.8,303,165,145,13,Weekly,15,70.9,6,142166.6968,
3564,26,Urban,Low,144,11118.4,53091.5,4845,1601045.7,240,101,1974,41,Monthly,6,24.5,5,170777.2315,
3565,61,Suburban,Low,419,17521.3,43978.6,2439.5,7341436.5,136,243,1820,0,Daily,13,45.4,4,739555.9149,
3566,31,Rural,Middle,111,16620.5,60369.8,1675.3,1844877.6,5,90,604,31,Weekly,19,41.4,4,192557.7681,
3567,16,Urban,Middle,830,1168.3,2214.8,487.8,969716.9,209,88,1606,37,Daily,14,39.4,3,105747.2534,
3568,60,Rural,Middle,875,17580.3,33030.3,7688.2,15382773.6,87,127,4239,11,Daily,9,67.3,4,1550097.875,
3569,68,Rural,High,874,1911.2,3255.6,926.7,1670420.6,347,107,3199,46,Daily,7,10.0,4,179606.6385,
3570,36,Suburban,Middle,465,8312.8,22770.9,1557.4,3865455.7,319,322,1547,44,Monthly,1,37.7,7,400826.6808,
3571,45,Rural,High,132,15310.4,47943.6,6021,2020977.4,277,302,2772,46,Monthly,16,2.8,9,220321.1567,
3572,28,Urban,Middle,625,1639.4,1709.9,504.3,1024628.5,121,244,1987,15,Monthly,8,22.9,10,116706.2911,
3573,49,Rural,Middle,836,817.6,3541.5,189.2,683504.9,245,185,1385,23,Weekly,8,48.9,4,76387.38081,
3574,19,Rural,Low,947,6606.6,20156.9,2262.9,6256465.5,358,264,3643,43,Daily,14,56.4,6,642093.0999,
3575,43,Suburban,High,601,14601.2,23783,4661.9,8775329,90,101,2896,19,Monthly,12,61.7,6,890302.14,
3576,53,Rural,Middle,673,10439.9,13250.1,2264.6,7026060.2,140,253,1819,42,Daily,8,6.4,5,713017.4664,
3577,46,Suburban,Low,334,8345.9,10455.7,1730.8,2787519.7,112,142,2654,43,Daily,3,14.1,5,291351.859,
3578,42,Suburban,High,920,16263.3,33023.9,4791.7,14962268.8,240,253,2119,31,Monthly,8,29.5,9,1510723.227,
3579,20,Urban,High,75,15336.5,45966.1,4441.7,1150238.9,272,73,4717,26,Weekly,8,28.1,2,128031.1327,
3580,40,Urban,Middle,793,15723,69825.2,3472,12468342,143,214,945,33,Monthly,14,19.0,6,1255820.389,
3581,18,Urban,High,412,9199.9,42428.8,1890.5,3790375,207,299,1305,21,Daily,10,67.5,9,392514.1473,
3582,48,Urban,Low,519,398.8,1726.5,192.1,206972.2,119,172,1901,2,Daily,20,38.9,3,27340.67323,
3583,19,Suburban,Low,625,3451,7986.5,1535.5,2156886.3,84,304,3695,16,Weekly,12,47.6,4,226293.4866,
3584,40,Rural,High,36,14828.6,33011.9,6327.5,533829.4,251,230,158,13,Monthly,16,54.2,6,59581.47326,
3585,35,Urban,Low,778,15065.9,74573.9,2797.9,11721299.5,278,237,3794,26,Daily,0,39.6,7,1188919.309,
3586,49,Urban,High,625,19446.2,72439.7,3417,12153905.8,163,230,3322,38,Daily,2,60.2,3,1226461.715,
3587,41,Urban,Low,804,3811.8,8461.5,1615.2,3064710.3,142,7,1350,19,Daily,2,70.9,8,316633.9171,
3588,20,Rural,High,223,2467.3,5715.1,429,550209.3,350,195,4720,45,Daily,20,28.8,9,75757.20217,
3589,50,Urban,High,723,2784.4,7625.3,839.3,2013124.7,31,256,4433,30,Monthly,14,46.7,2,214582.0708,
3590,43,Rural,High,530,3703.9,12916.4,698.4,1963074.6,326,171,1654,40,Monthly,4,23.5,7,209919.2293,
3591,44,Suburban,Low,241,10574.1,48555.3,2656.5,2548353.8,91,40,3030,30,Monthly,20,5.9,7,269877.9466,
3592,24,Suburban,High,134,19504.5,34976,8608.9,2613599.9,128,288,675,28,Monthly,3,2.9,3,267061.6894,
3593,67,Suburban,High,732,11792.7,15774.1,5384.2,8632282.3,267,228,368,41,Monthly,0,17.5,2,867583.7737,
3594,53,Rural,Middle,391,10458.5,27432.8,5215.4,4089287,36,234,3175,42,Weekly,3,12.5,9,426088.3624,
3595,65,Urban,Middle,102,13470.4,26695.9,6432.9,1373979.9,336,361,1203,31,Monthly,7,52.3,7,147601.141,
3596,21,Urban,High,652,1487.9,4916.1,548.3,970090.3,280,183,3360,29,Daily,20,33.9,4,110405.8362,
3597,34,Urban,Middle,681,16308.9,61922.7,4447.3,11106380.7,213,211,1471,42,Monthly,6,39.3,10,1125887.159,
3598,59,Urban,High,498,12941.1,29026.2,1592.8,6444678.8,233,350,1348,26,Weekly,0,6.8,5,652571.7645,
3599,26,Urban,Middle,511,3432.1,12842.3,1178.1,1753814.2,228,229,3423,18,Daily,4,2.4,7,190194.2188,
3600,17,Rural,Low,703,12618,29937.3,2325.1,8870454.9,298,345,3016,27,Weekly,12,31.9,9,904228.5542,
3601,62,Suburban,Low,994,11928.2,42224.3,5249.1,11856628,237,255,669,44,Daily,11,19.2,5,1194529.695,
3602,59,Urban,High,537,1306.4,4614.6,417.5,701542.8,21,77,1254,9,Daily,7,45.2,7,80335.18598,
3603,59,Suburban,High,977,5346,11294.1,2103.1,5223017.2,96,265,4419,15,Monthly,20,37.3,1,531287.5763,
3604,24,Rural,Low,949,7824.9,27722.8,2890.5,7425852,51,232,2008,30,Weekly,16,59.8,5,754211.0025,
3605,36,Rural,Low,545,4905.3,12380.2,1172,2673400.3,337,137,826,9,Weekly,1,60.5,8,276748.1883,
3606,39,Urban,Middle,343,4870.8,11426,1966,1670685.1,311,64,2311,9,Daily,17,39.1,2,172133.5187,
3607,49,Rural,High,841,11463.2,24727.9,5013.4,9640584.8,62,245,449,27,Monthly,8,65.4,8,973185.9326,
3608,37,Suburban,Low,6,9422.5,22449.8,3746.9,56534.8,343,91,548,11,Daily,8,67.2,5,10909.50733,
3609,18,Urban,Low,958,13349.2,55358.7,5482.8,12788505.5,153,233,1634,32,Weekly,12,18.3,8,1291220.583,
3610,27,Urban,High,194,19128.6,37888.3,4667.5,3710944.1,224,351,3669,27,Daily,17,70.4,2,380714.48,
3611,43,Suburban,Middle,742,13214.5,49263,6309.6,9805170.4,142,349,2112,17,Monthly,16,71.0,8,992122.4638,
3612,45,Urban,Middle,137,11646.1,53601,3142.5,1595515.4,41,94,1638,27,Weekly,6,5.6,5,168972.2667,
3613,41,Urban,Middle,835,16952.7,40715.6,7778.2,14155516.4,166,203,4719,27,Daily,6,1.2,4,1429853.096,
3614,63,Suburban,Middle,912,12645.1,14137.9,5603.4,11532369,190,174,4448,42,Monthly,18,5.2,9,1173848.462,
3615,36,Urban,Low,473,3319.6,3646.3,497,1570156.5,297,124,1007,38,Weekly,1,25.8,3,164563.413,
3616,43,Urban,High,216,6301.8,9818.3,3065.9,1361194.5,45,70,4231,13,Monthly,15,58.4,3,146679.3799,
3617,41,Suburban,High,349,14669.9,21127.2,7313.5,5119785.3,208,103,3385,7,Daily,1,36.8,8,525603.4718,
3618,48,Rural,Low,876,14770.3,58967.9,5058.2,12938751.1,96,233,1010,29,Weekly,14,22.0,2,1298645.572,
3619,36,Suburban,Low,183,19740.3,43022.1,8157.6,3612475.8,275,64,2773,35,Monthly,15,4.9,3,373053.8026,
3620,50,Urban,Low,168,12543.2,45281.5,5938.9,2107262.3,293,95,2800,2,Weekly,15,29.1,8,223085.0144,
3621,67,Suburban,High,794,17991.9,21047.3,1943.3,14285575.2,235,163,309,9,Daily,5,3.6,9,1438251.728,
3622,49,Urban,High,38,1101.1,2403.6,519.7,41840.3,341,268,155,8,Daily,10,13.3,1,5010.544607,
3623,56,Urban,High,675,11328.8,21939.2,3975.8,7646929.7,207,304,1636,46,Monthly,8,63.4,8,779032.5518,
3624,66,Suburban,Middle,471,18397.8,38773.7,7936.5,8665345.9,26,319,4461,39,Weekly,17,55.1,10,887242.1947,
3625,62,Urban,Low,452,5752,10140.1,1819.3,2599909.5,350,173,3152,12,Daily,5,71.7,7,274415.2599,
3626,33,Rural,Low,955,3106,10782.9,969.7,2966214.1,360,6,3130,21,Monthly,3,64.5,2,306571.4477,
3627,26,Urban,Low,490,7016.7,25615.8,3220.7,3438182.1,207,301,1260,23,Monthly,17,61.8,1,347334.5926,
3628,38,Suburban,High,142,15846.8,25257.6,4801.4,2250245.7,141,346,4433,6,Monthly,1,13.4,7,239072.3972,
3629,63,Rural,Low,760,1703.2,6752.4,491.7,1294408.7,347,101,4567,12,Weekly,12,47.0,8,147636.309,
3630,37,Rural,Low,943,12010.8,24023.7,4123,11326155.9,87,360,4384,5,Daily,0,43.6,1,1142054.121,
3631,32,Urban,Middle,103,2721.3,5800.9,836.6,280291.4,98,131,4469,9,Daily,8,66.2,4,41842.81581,
3632,20,Suburban,High,711,8716.3,37612.8,2427.6,6197284.7,23,20,3380,50,Weekly,13,56.5,3,632594.8483,
3633,59,Urban,Low,712,19319.9,88961.6,3327.1,13755754.7,250,211,1630,10,Daily,3,56.0,5,1383130.624,
3634,26,Urban,High,42,3910.9,16813.2,1012.8,164259.2,364,295,1145,28,Monthly,20,24.1,9,29103.90982,
3635,45,Suburban,High,947,690,1097.8,146.8,653421.3,250,292,2394,15,Monthly,3,9.8,1,70900.97691,
3636,30,Suburban,High,147,8549.8,42723.9,2224.5,1256819.8,148,348,35,19,Weekly,19,27.2,3,129307.5047,
3637,42,Urban,Middle,66,11558.1,42633.6,3898.1,762836.9,54,265,724,20,Monthly,14,15.8,2,81134.58673,
3638,50,Rural,High,943,5957.4,18126.4,2046.6,5617808.9,315,253,1476,28,Daily,14,52.7,1,566647.0547,
3639,48,Urban,High,193,10839.9,52241.6,2118.8,2092108.9,39,44,2506,13,Daily,12,33.6,6,219564.6937,
3640,35,Rural,High,298,19068.5,81413.4,2551.2,5682414.5,334,75,3297,40,Weekly,13,17.5,6,582699.9415,
3641,31,Urban,Low,38,6242.3,23514.6,2483,237207.3,218,53,890,15,Monthly,0,47.7,9,33615.54086,
3642,49,Suburban,Middle,502,6195.4,26972.4,1929.4,3110114.1,347,286,2849,8,Daily,0,5.9,8,323640.5529,
3643,17,Rural,Low,653,9660.5,24555.8,2674.4,6308326.3,237,66,1400,5,Daily,0,66.2,2,635996.2527,
3644,50,Suburban,Middle,618,10311.2,38540.6,1565.6,6372305.3,325,38,1026,37,Daily,14,42.1,9,651930.4292,
3645,55,Suburban,Middle,428,37.3,65.7,9.9,15966.5,324,254,4101,28,Monthly,0,33.7,6,16748.97126,
3646,43,Suburban,High,664,12321.3,61015.3,5264.5,8181372.3,343,294,2660,17,Daily,5,18.7,9,834017.1057,
3647,62,Suburban,High,352,19947.2,66941.3,6633.9,7021405,277,199,4404,23,Monthly,6,39.9,7,719458.6422,
3648,54,Suburban,Low,926,5847.2,24891.4,797.5,5414545.1,225,236,2406,50,Daily,1,21.4,8,558926.1084,
3649,21,Urban,Middle,326,12619.9,33182.2,2939.3,4114085.1,144,55,3005,16,Monthly,8,29.0,10,426596.2563,
3650,24,Rural,High,38,102.4,413.1,50.4,3890.7,288,332,3749,35,Daily,3,64.1,7,17596.08477,
3651,35,Urban,High,97,12090.5,30825.2,3842.4,1172777.4,211,116,675,20,Monthly,17,14.8,8,128489.8758,
3652,16,Urban,High,108,8946.9,30061.8,1919.6,966264.7,154,85,2849,18,Weekly,14,25.7,9,110750.4526,
3653,23,Urban,High,631,10610.6,43636.3,4937.9,6695263.4,259,279,517,22,Weekly,7,47.6,6,677238.4837,
3654,38,Suburban,Low,151,10882.7,15952.8,2550.9,1643281.7,227,142,4479,26,Weekly,6,52.5,10,185795.8979,
3655,18,Urban,Low,74,3547.3,8609.8,1390.4,262499.4,82,96,3985,10,Daily,7,9.2,7,40136.54234,
3656,19,Rural,High,57,15401.7,48973.4,2447.1,877894.8,88,49,2586,25,Monthly,12,67.5,2,97080.15595,
3657,40,Urban,High,878,11113.8,25961.8,1807.1,9757949.5,309,301,4703,10,Daily,2,2.9,7,991194.8615,
3658,62,Suburban,High,335,5411.2,12103,1756.1,1812747.7,4,205,161,42,Monthly,5,5.7,1,185289.8934,
3659,53,Rural,High,252,18748.3,39871.1,3673.3,4724560.8,173,352,600,21,Monthly,6,55.1,10,485313.2913,
3660,30,Rural,High,919,265.3,507.1,31.8,243853.4,32,195,1559,18,Daily,4,55.8,4,31421.84482,
3661,36,Rural,Middle,804,14521.5,63830.9,6833.6,11675273.9,234,305,664,7,Monthly,17,48.3,10,1178419.124,
3662,50,Rural,Middle,825,7630.9,35825.2,934,6295485.4,226,250,4957,22,Weekly,14,38.0,3,643067.285,
3663,68,Urban,Middle,767,10455.7,39738.6,4046.1,8019499.8,339,258,3781,47,Daily,1,21.5,4,816038.1939,
3664,68,Suburban,Middle,254,5837.3,6537.7,1361.2,1482669.1,206,359,2039,22,Weekly,19,60.6,5,158894.164,
3665,61,Rural,High,385,6431.8,26659.5,3044.8,2476254.9,102,59,4576,39,Weekly,9,50.6,10,269762.5653,
3666,67,Rural,Middle,456,313.2,979.5,154.8,142806.7,58,221,3790,8,Weekly,3,69.7,4,24167.49247,
3667,29,Suburban,Middle,259,14599.6,58872,3418.8,3781297.3,269,60,4316,23,Daily,11,33.3,4,391791.4399,
3668,51,Urban,Low,782,14218.9,39092.7,4783.8,11119148.7,150,22,1772,11,Weekly,20,34.4,8,1123162.613,
3669,27,Rural,Middle,465,13090.6,15252.2,5356.6,6087138.5,252,345,4605,11,Daily,14,57.2,2,620310.2535,
3670,32,Urban,Middle,34,17560.2,65446.6,2622.9,597048,44,362,1390,31,Daily,10,71.5,1,65544.72783,
3671,54,Urban,High,495,18026.3,50050.4,6918.2,8923037.8,30,53,4286,1,Weekly,13,64.6,8,907721.8979,
3672,24,Urban,Middle,326,11133.3,50057.4,5148.9,3629463,12,275,1717,5,Monthly,6,22.1,7,373234.1836,
3673,50,Urban,Middle,837,13699.6,54148.5,2348.1,11466583.3,14,49,1957,3,Monthly,13,68.7,2,1152276.965,
3674,28,Rural,High,238,229.9,560.5,100.1,54706.2,292,17,1659,12,Daily,7,15.1,3,11487.45425,
3675,30,Rural,Middle,691,16928.4,65958.6,2475.6,11697522.8,45,127,3088,35,Weekly,13,30.9,1,1179969.156,
3676,33,Urban,High,616,16330.1,48677.3,5345.2,10059344.3,200,155,2078,40,Daily,5,64.0,6,1018706.784,
3677,66,Urban,Middle,541,414.8,745.7,97.8,224390.5,24,275,2944,38,Monthly,17,23.3,4,34361.51557,
3678,48,Suburban,Low,739,10861.1,29102.7,3135.4,8026335.2,251,235,1827,37,Daily,13,26.0,8,817491.8785,
3679,21,Suburban,Low,466,18134,34277.9,3994.1,8450464.9,119,286,2439,17,Daily,7,71.6,3,852759.795,
3680,42,Suburban,Middle,744,3635.9,3708.3,742.5,2705143.7,78,78,1116,14,Monthly,3,33.0,1,274247.1611,
3681,38,Rural,Low,304,7059.4,14028.3,2804.4,2146049.1,242,174,2005,47,Weekly,11,68.3,10,230833.6469,
3682,42,Suburban,High,862,6627.8,12182.4,1254.3,5713131.7,203,106,1161,32,Monthly,4,20.5,1,575387.4815,
3683,49,Rural,Middle,847,7125.3,7248.9,1876.5,6035086.8,237,320,4119,41,Weekly,12,36.6,6,619850.1972,
3684,61,Rural,High,117,847.3,3504.2,177.8,99134.3,294,32,167,29,Weekly,18,28.2,7,19290.62852,
3685,53,Rural,Low,207,5587.6,7308.2,1092.1,1156625.6,348,292,2000,35,Monthly,11,41.1,8,128819.5391,
3686,29,Rural,High,912,5904.2,16509.5,2071.4,5384610.1,87,10,288,24,Daily,17,64.8,1,539940.0579,
3687,51,Suburban,Low,697,17318.8,46267.7,2046.6,12071191.2,210,315,1037,3,Daily,5,71.4,5,1213337.426,
3688,68,Urban,Low,481,7048.8,12163.6,2929.2,3390472.3,276,102,2485,17,Monthly,5,36.6,5,349180.7576,
3689,23,Urban,Low,650,8949.9,43563.2,2850.5,5817410.7,97,118,3364,44,Weekly,16,13.4,6,598854.1035,
3690,50,Urban,High,403,7621,26025.1,3287.5,3071244.4,2,157,4823,32,Monthly,15,4.6,9,328861.6058,
3691,34,Suburban,Low,997,2422.3,10304.4,448.6,2414995.5,229,267,2131,19,Daily,11,12.3,3,249410.0525,
3692,45,Urban,Middle,835,19807.2,59115.9,7601.3,16539038.4,243,245,4464,41,Daily,4,54.0,1,1666408.553,
3693,29,Suburban,Low,676,16518.2,64276.6,4430.7,11166334,258,79,3973,20,Weekly,13,43.2,3,1128798.417,
3694,35,Suburban,Middle,900,10823,52806.7,1414.8,9740697.2,42,160,1184,0,Monthly,15,54.2,8,984189.8998,
3695,64,Suburban,Middle,587,9532.5,22817.3,3822.5,5595592.9,213,91,4991,33,Daily,4,68.7,10,580885.6101,
3696,40,Urban,Middle,233,12988.6,39187.3,5258.8,3026344.3,296,358,2353,8,Monthly,7,51.2,3,310093.5256,
3697,55,Urban,Middle,929,6535.4,19986.1,1361.8,6071348.2,3,129,1482,0,Monthly,6,56.2,7,615476.6984,
3698,39,Urban,High,284,1015.2,5043.3,473.5,288303.9,16,14,3667,46,Monthly,12,31.3,9,48138.88704,
3699,29,Rural,Middle,480,8092.3,15637.5,3282.1,3884300.7,279,286,4805,26,Weekly,2,37.3,8,407272.9723,
3700,41,Suburban,Low,889,19679.7,72839.1,4382.7,17495263.8,102,159,199,14,Daily,13,59.5,5,1755878.153,
3701,53,Rural,Middle,767,3655.1,5676.1,715.1,2803471.4,77,129,334,23,Weekly,16,46.4,8,289774.9369,
3702,38,Suburban,Low,976,10558.8,49714.1,2914.6,10305416.9,202,174,3413,24,Daily,6,39.0,1,1039962.48,
3703,37,Urban,High,9,180.3,606.2,39.2,1623.1,55,174,178,33,Daily,8,16.7,2,3770.495425,
3704,63,Suburban,Middle,715,2449.4,10869.6,457.6,1751328.1,209,361,449,43,Monthly,9,43.8,3,182847.822,
3705,34,Suburban,Low,902,11748,53817,3050.2,10596661.8,329,43,1724,49,Monthly,9,21.7,4,1071286.31,
3706,61,Rural,High,379,5955.3,19226.3,656.8,2257060.4,354,294,1179,9,Daily,12,42.9,1,228863.2738,
3707,66,Suburban,High,817,18114.6,67531.9,4720,14799655.1,81,345,4835,29,Monthly,9,33.9,8,1498685.474,
3708,18,Urban,Low,603,8129.3,30849.9,1533.7,4901988.2,244,300,867,44,Monthly,5,8.2,4,498530.9409,
3709,57,Suburban,Middle,381,4168.6,11846.8,857.6,1588233.4,235,109,977,40,Monthly,20,61.9,7,170934.5653,
3710,34,Suburban,High,844,10916.4,29903.8,1452.1,9213424.3,114,242,3640,24,Weekly,13,42.3,10,939745.547,
3711,24,Suburban,Low,662,15901.5,27744.2,5336.1,10526808.2,67,55,665,2,Weekly,4,65.1,2,1055625.234,
3712,43,Rural,Middle,360,398.2,1009.7,115,143351.9,297,55,2072,21,Daily,12,66.8,6,24653.27698,
3713,35,Suburban,High,176,10115.3,50202.7,4048.7,1780301.1,40,334,2523,39,Monthly,7,37.7,9,195484.3355,
3714,60,Suburban,Low,485,15470.8,32170.7,7655.6,7503336.5,221,216,782,45,Monthly,8,49.1,7,761349.2809,
3715,22,Rural,High,405,2080.7,8426.5,307.6,842698.6,103,107,4297,23,Monthly,19,64.6,7,99821.69659,
3716,29,Rural,High,33,18056.9,22343.5,3773.4,595879.1,295,313,4705,26,Weekly,9,49.3,3,72118.86972,
3717,24,Rural,Low,465,5297.7,15203.7,1975.9,2463431.9,53,184,1487,25,Daily,0,18.3,7,256674.7853,
3718,34,Rural,High,696,3420.4,4219.5,666.7,2380574.8,296,130,4532,15,Monthly,4,19.4,9,257067.2344,
3719,62,Urban,Low,157,11789.2,34226.5,1321.1,1850908.9,52,124,4967,37,Weekly,19,30.7,7,204683.6096,
3720,67,Urban,Middle,565,3508.9,3895.6,505,1982513,37,49,3550,40,Weekly,3,3.7,2,211129.2101,
3721,29,Suburban,Low,808,13597.2,46953.7,3718.2,10986564.6,67,320,3450,3,Monthly,0,27.3,7,1112445.08,
3722,53,Urban,Middle,202,9807.1,32815,2670.6,1981042.4,162,253,2158,22,Monthly,18,11.2,10,214495.9978,
3723,68,Suburban,High,786,2208,9254.6,1079.5,1735503.5,206,343,122,18,Weekly,18,59.7,9,182991.6267,
3724,51,Urban,Low,175,18250.7,60832.2,5226.6,3193868.6,341,69,2482,14,Weekly,14,56.5,7,331417.8935,
3725,55,Rural,Low,244,13467.4,63350.5,4999.5,3286039.8,322,318,4073,30,Daily,10,13.4,1,338457.4459,
3726,32,Rural,Low,269,10924.4,45144.2,3243.2,2938663.8,52,52,959,23,Weekly,4,21.2,7,303926.857,
3727,45,Urban,Low,923,7493.1,11469.1,1558.3,6916102.6,209,33,1406,10,Weekly,2,41.5,1,694816.4928,
3728,24,Urban,Middle,446,2705.8,5579.2,384.7,1206808.9,2,20,3545,9,Daily,16,18.7,2,129666.8938,
3729,48,Suburban,Middle,74,14153.3,15638.3,6278.8,1047343.6,129,229,4604,7,Weekly,15,4.9,9,121568.72,
3730,67,Suburban,High,96,16275,41412.3,2621.3,1562398.1,178,187,563,2,Weekly,7,55.3,3,158249.8672,
3731,40,Suburban,High,873,2525.1,7671.7,350.4,2204428.7,164,188,724,18,Daily,19,7.5,8,230611.5428,
3732,29,Rural,High,173,9896.4,47342.3,1836.1,1712078.4,353,191,246,3,Daily,2,49.1,1,172793.0846,
3733,26,Rural,High,899,9702.1,29970.4,979.9,8722165.7,22,112,2628,28,Monthly,11,11.6,9,888863.7279,
3734,68,Rural,Low,406,7004.7,28888.3,902.1,2843922.4,227,184,4966,44,Weekly,7,1.5,10,306922.8821,
3735,50,Rural,Middle,155,15788.9,32716.2,5590.5,2447286.4,82,293,404,40,Monthly,14,40.9,6,254723.4709,
3736,56,Suburban,Middle,183,1999.6,3224.6,394.8,365926.9,164,362,2553,20,Daily,10,21.2,1,42735.22449,
3737,29,Rural,Middle,323,4108.3,17433.1,967.1,1326992,3,361,1247,44,Weekly,12,10.2,7,144718.7991,
3738,45,Rural,Middle,289,42,83.6,18.3,12149.4,172,307,2394,8,Daily,7,49.6,5,10067.18306,
3739,56,Rural,High,258,7466,33487.5,3054.8,1926222.3,118,285,4958,50,Weekly,12,46.7,5,210502.6878,
3740,19,Rural,Low,587,5830.7,9792,1731.1,3422592.5,144,227,1227,47,Monthly,15,30.2,9,356521.8579,
3741,19,Urban,Middle,174,17341.2,76411.4,5986,3017370.5,252,137,632,17,Weekly,17,7.3,6,309119.5796,
3742,43,Suburban,Low,330,14918.7,61038.4,2004,4923186.4,266,86,3380,18,Daily,15,34.1,9,509868.0757,
3743,23,Suburban,Low,231,1698.6,5851.5,687.3,392376.4,170,296,4349,16,Weekly,12,8.4,2,50246.44871,
3744,17,Rural,Low,759,14821.7,65228.6,4542.5,11249676.9,213,171,658,43,Monthly,13,71.6,4,1133095.561,
3745,56,Urban,Low,161,13511.3,31384.5,4436.8,2175311.3,281,356,2050,42,Monthly,7,17.7,6,229429.5171,
3746,61,Suburban,Middle,186,5641.7,9388.5,2066,1049350.3,227,279,3421,23,Monthly,19,1.2,3,115450.8239,
3747,37,Suburban,Middle,903,319.1,519.5,95.7,288112,262,359,1123,48,Daily,1,16.6,10,44418.51365,
3748,56,Rural,Middle,143,2312.1,4812.5,713.7,330629.8,255,252,4552,5,Weekly,19,45.0,10,51313.99397,
3749,31,Rural,High,282,5006.3,13942.1,1501.2,1411782.9,8,8,883,30,Weekly,7,70.3,3,148686.0559,
3750,44,Suburban,Middle,907,16334.3,73571.1,4879.5,14815193,41,74,696,26,Daily,5,38.3,10,1494442.246,
3751,64,Suburban,High,640,9311.6,12646.5,3725.4,5959426.2,257,320,4424,46,Monthly,12,32.6,10,619054.7277,
3752,63,Urban,High,678,18368.7,85616.1,4975.8,12453996.6,131,151,714,33,Daily,2,71.5,1,1250995.917,
3753,45,Suburban,High,27,15785.1,74221.1,1596.8,426197.1,52,93,3989,45,Weekly,6,12.7,5,59274.03682,
3754,27,Suburban,Middle,246,5749.3,22473.7,1982.5,1414326,102,365,241,26,Weekly,5,15.0,6,148900.9904,
3755,50,Rural,Middle,487,16908.8,77799.6,8134.2,8234580.5,219,96,4274,26,Weekly,4,28.0,4,836439.0558,
3756,26,Suburban,Middle,647,2343.3,9560.7,475.2,1516134.2,244,142,2227,34,Weekly,15,54.1,9,166441.5079,
3757,61,Rural,High,897,732,2278.8,312.2,656594.3,333,80,3005,11,Weekly,2,22.5,6,78032.70965,
3758,65,Suburban,High,202,12174.7,41430.4,3435.6,2459284.8,303,359,4846,28,Monthly,4,34.4,3,261305.4846,
3759,36,Suburban,Low,21,6841.4,24033.3,2443.7,143670.3,339,240,1339,5,Daily,2,67.7,7,23538.33542,
3760,36,Suburban,High,591,6595.2,9942.8,3009.7,3897774.7,275,273,1743,36,Monthly,14,63.0,5,401076.5228,
3761,20,Urban,High,670,13747.3,24363.2,5614.5,9210685.4,70,20,2678,6,Weekly,1,68.2,9,935096.3786,
3762,63,Rural,Middle,94,17003.6,52600.1,7716.7,1598336.1,47,12,1460,5,Monthly,14,12.8,5,166855.8625,
3763,35,Urban,Low,8,6450.3,9423.3,669.6,51602.3,117,124,4444,18,Daily,12,35.2,7,22772.19687,
3764,52,Suburban,Low,472,6507,31623.6,1138.2,3071316.4,78,122,4614,13,Weekly,1,51.6,6,322732.6271,
3765,18,Urban,Low,339,10681.7,32349.6,2877.6,3621090.3,5,328,386,49,Monthly,17,53.0,10,376384.4459,
3766,59,Rural,Middle,259,13067.1,32933.7,5738.3,3384389.3,254,229,1441,20,Daily,9,40.1,3,345243.5041,
3767,48,Suburban,Low,55,4066.1,6628.4,1770.2,223634.8,320,85,800,13,Monthly,3,59.3,10,33595.40534,
3768,68,Urban,Low,911,18254.5,48668.9,3177.3,16629809.7,107,274,606,39,Monthly,1,4.0,7,1674627.636,
3769,24,Urban,Middle,548,13091.8,28929,2054.1,7174298.9,244,29,4439,13,Daily,19,15.0,4,731223.3196,
3770,24,Rural,Low,6,12507,16905.8,5426.5,75041.9,173,135,1917,50,Weekly,13,24.3,6,21568.50471,
3771,19,Urban,High,377,18084.9,88037.5,5725.2,6817996.3,36,40,3109,31,Monthly,2,52.8,6,696863.3047,
3772,50,Rural,High,554,18146.2,37379.6,6364,10053010.8,173,101,365,25,Weekly,11,65.0,3,1010940.43,
3773,32,Suburban,High,50,2719.6,10231,1152.3,135982.3,180,134,4476,2,Daily,4,38.5,2,24532.97341,
3774,49,Suburban,High,112,2910.1,3973.1,537.5,325926.6,267,311,4041,14,Weekly,1,51.3,3,44069.72005,
3775,39,Urban,High,146,15241.4,70913.1,2356.2,2225237.8,255,329,984,20,Monthly,13,43.2,8,232713.1354,
3776,47,Suburban,High,230,19138,64361.3,8490,4401746.9,320,181,1124,29,Monthly,4,66.6,1,445606.3474,
3777,16,Suburban,High,723,13333.6,48367.5,1929.5,9640198.9,321,200,490,47,Daily,6,64.9,3,972690.5625,
3778,23,Urban,High,497,8232.2,33975.5,1113.6,4091416.7,73,209,4973,46,Monthly,14,58.4,6,428295.0035,
3779,60,Suburban,High,306,13672.6,46810.4,2882.6,4183824.2,57,88,3644,13,Monthly,18,20.9,7,432240.5649,
3780,38,Urban,Middle,542,4583.9,5884.1,1039.4,2484497.3,66,125,4224,46,Daily,18,27.5,10,270519.4424,
3781,62,Rural,Middle,461,19959.3,54256.1,3921.1,9201258.7,132,22,4070,38,Weekly,16,30.6,4,935323.3662,
3782,55,Rural,High,807,8627.4,17669.9,3422,6962306.6,260,50,2026,36,Weekly,15,1.3,8,710656.0614,
3783,27,Rural,Middle,628,18634.4,54913.1,9118.6,11702405.2,124,239,20,40,Weekly,7,17.4,8,1182027.421,
3784,69,Urban,Middle,908,8621.7,22565.5,1550.5,7828461,92,214,27,47,Weekly,12,51.7,4,789990.2838,
3785,27,Urban,High,226,18563.5,79937,7661.9,4195354.2,274,283,2497,27,Monthly,20,39.7,4,429396.1786,
3786,61,Suburban,High,59,6720.4,13361.3,791,396500.8,141,48,3563,1,Weekly,10,69.0,5,50114.49996,
3787,62,Suburban,Middle,76,15213.3,27463,2244.9,1156207.3,232,66,4747,21,Daily,0,3.1,3,129393.0651,
3788,30,Suburban,High,428,19020.5,91913.8,5821.2,8140786.9,70,130,4928,6,Daily,17,27.9,6,828427.9171,
3789,56,Suburban,High,728,12923.2,62006.2,6459.6,9408055.9,175,302,1453,43,Weekly,6,51.2,9,954644.4716,
3790,34,Suburban,High,132,13554.5,67418.3,6502.7,1789197.8,359,327,2282,31,Monthly,19,10.5,2,187841.0954,
3791,41,Urban,High,932,2066.7,6765.4,299.2,1926160.7,86,267,2471,15,Daily,2,36.5,3,201401.2733,
3792,67,Urban,Middle,498,9489.7,13784.4,1858.8,4725849.1,253,239,2129,35,Daily,19,2.1,10,488582.6414,
3793,44,Rural,Low,816,17736.2,80179.7,8483.5,14472772.3,30,26,2412,1,Monthly,20,13.8,1,1451430.525,
3794,37,Rural,Middle,910,4825.8,7627,773.5,4391466.7,155,191,4860,16,Daily,15,67.6,6,455190.6304,
3795,55,Rural,Low,593,15769.4,25583.9,6262.3,9351240.3,200,49,4835,48,Weekly,3,43.6,3,950285.7347,
3796,36,Rural,Low,305,13517.4,23974.4,1357.7,4122819.4,363,319,4495,2,Weekly,12,54.9,1,422106.1513,
3797,66,Urban,Low,67,4467.5,16144.1,1575.6,299321.8,156,21,1475,47,Weekly,0,8.3,7,43388.76149,
3798,53,Urban,Middle,230,5663,8091.3,1686.7,1302489.1,245,79,935,22,Monthly,0,17.7,6,140230.8953,
3799,35,Urban,Middle,983,8556.9,35195.8,2467.9,8411474.4,20,80,234,36,Daily,11,14.6,10,855083.7974,
3800,44,Suburban,Middle,333,2511.3,3096.5,1084.1,836273.9,203,9,34,38,Daily,12,20.5,10,97361.17817,
3801,66,Suburban,Middle,905,18268.3,26339,2416.8,16532804.5,334,149,4734,27,Monthly,6,19.3,7,1671218.976,
3802,19,Rural,Middle,277,14789.8,40493.6,3711.2,4096763.1,152,55,338,44,Weekly,2,41.0,7,420279.8998,
3803,22,Suburban,Low,873,7305.6,18386,2034,6377817,77,297,4027,40,Weekly,3,51.1,2,651826.9862,
3804,43,Urban,Middle,584,6000.3,29754.6,897.5,3504182.9,328,6,3525,7,Monthly,0,39.9,4,360586.9279,
3805,43,Rural,Low,721,13794.7,67145,1852.2,9945965.4,172,257,1502,32,Daily,17,22.2,5,1004576.293,
3806,19,Rural,Middle,784,8490.2,14931.9,1459,6656298.2,329,351,3124,3,Weekly,4,50.3,9,680618.3117,
3807,37,Suburban,Middle,144,4594.4,21992,902.4,661599.1,250,192,3683,6,Weekly,19,40.2,8,82088.15794,
3808,27,Rural,High,251,8608.7,32446.7,4187.5,2160787.1,186,229,2490,10,Daily,10,46.3,8,229668.4522,
3809,60,Suburban,Low,796,17427.2,45927.2,5058.2,13872072.4,362,247,4515,39,Weekly,2,16.0,9,1407636.414,
3810,18,Suburban,Middle,691,1381.4,5468.5,420.1,954579.6,128,282,705,7,Daily,17,69.1,7,102920.864,
3811,37,Rural,Middle,952,7373.5,33922.2,2822.6,7019554.3,363,257,4847,19,Daily,16,24.3,6,717931.7728,
3812,59,Suburban,Middle,80,19247.2,33116,7192.8,1539773.2,11,257,4344,42,Weekly,13,27.2,9,175482.4147,
3813,17,Suburban,High,57,306.5,546.8,92.3,17469.8,336,93,2340,38,Weekly,0,39.4,5,12948.94884,
3814,39,Suburban,Low,366,17813.9,46937.5,4202.9,6519887.4,242,214,4302,27,Daily,16,4.5,5,667265.3579,
3815,49,Suburban,Middle,308,7502.9,12581.3,1743.8,2310901.1,181,294,1124,10,Monthly,6,14.6,3,235418.091,
3816,42,Rural,Middle,174,3798.5,9274.3,467.5,660933.6,265,41,1599,49,Monthly,15,58.7,9,82775.15668,
3817,56,Urban,Middle,462,309.4,1108.7,142.3,142963.7,195,156,4530,21,Weekly,0,57.4,2,26279.94424,
3818,16,Urban,High,750,1419.8,6035.7,578.9,1064813.1,246,133,238,35,Daily,14,11.1,10,119153.5071,
3819,23,Suburban,Middle,678,3445.1,7606,1203.5,2335810.9,100,319,1147,5,Daily,1,42.9,3,237449.204,
3820,38,Suburban,Low,596,517.9,1101.6,133.9,308686.7,52,86,4613,6,Daily,1,5.7,4,43140.8709,
3821,53,Suburban,Low,493,6723.6,27694.5,2238.9,3314754,75,84,3908,9,Monthly,4,6.3,1,340193.1397,
3822,21,Urban,Low,560,907.4,2290.4,266.8,508151.5,133,365,4244,39,Weekly,3,57.8,2,64496.86133,
3823,37,Suburban,Low,639,13847.4,59182.4,2902.1,8848488,256,248,2104,3,Weekly,2,34.4,5,891924.4091,
3824,40,Rural,Middle,681,16380,81466,3594.2,11154748.1,209,360,2203,8,Monthly,7,66.8,6,1125969.488,
3825,33,Rural,High,866,17750.4,87308.5,7984,15371849.7,143,35,3668,37,Daily,13,34.9,6,1553897.287,
3826,32,Rural,High,374,10987.1,40111,3889,4109165.1,68,249,4631,48,Monthly,5,58.3,3,427227.4637,
3827,27,Urban,High,955,18930.7,47343,1903.8,18078843.1,54,331,2162,18,Monthly,10,46.4,4,1817190.966,
3828,21,Suburban,Middle,349,122.9,155,28.3,42875.5,267,125,3605,45,Weekly,4,31.6,9,24677.90546,
3829,41,Suburban,High,67,2689,10627.5,634.6,180164.8,242,52,4461,32,Monthly,4,40.4,1,29368.11319,
3830,42,Suburban,Low,330,5870.4,28834.6,2245.6,1937228,47,289,3565,37,Daily,13,67.3,9,212004.89,
3831,23,Urban,Middle,852,15782.6,20074.5,6000.2,13446774,115,270,3617,21,Monthly,16,6.4,8,1361219.862,
3832,34,Urban,High,194,17708.9,18145.8,5058.8,3435532.2,196,221,2933,38,Daily,18,38.6,4,354736.7206,
3833,57,Urban,Low,155,12366.5,53511.2,5940.8,1916808.7,294,309,3108,0,Monthly,10,4.7,4,200259.3414,
3834,16,Urban,Low,160,7670.9,10808.6,3443.4,1227343.1,130,61,464,48,Daily,6,40.4,5,131704.3489,
3835,44,Rural,Middle,696,13320.3,17669.2,5947.3,9270896.5,45,269,2034,20,Weekly,12,44.1,10,941764.695,
3836,60,Urban,Middle,266,3626.2,16830.3,867.8,964563.5,155,15,2894,48,Weekly,18,58.3,2,107665.4098,
3837,64,Urban,High,168,9162.9,12078.9,2496,1539367.6,317,311,2785,6,Monthly,17,57.7,7,167056.703,
3838,50,Urban,High,145,10155.8,14787.6,2717.5,1472591.9,82,181,2920,45,Weekly,15,1.7,2,157671.9289,
3839,55,Suburban,High,186,2106.4,6905.3,581.6,391785.9,267,200,810,6,Monthly,11,6.1,7,46121.73627,
3840,29,Suburban,Middle,886,687.1,2767.2,313.1,608783.4,157,303,398,21,Daily,14,49.6,5,68468.68279,
3841,50,Suburban,High,865,15004.6,38986.3,2995.6,12978986.7,25,353,1075,12,Daily,0,14.0,7,1306259.593,
3842,63,Rural,High,774,10698.8,28697.9,4502.9,8280855.8,334,75,2819,22,Weekly,10,38.5,1,835587.8139,
3843,60,Rural,Low,423,6651.5,23483,2032.8,2813564,182,244,1862,21,Monthly,6,17.5,9,295467.1319,
3844,35,Urban,Low,786,8750.2,26440.5,1746.8,6877657.5,174,271,3279,25,Daily,15,60.3,4,698521.5371,
3845,64,Suburban,Low,457,19154.5,20581.8,5955.5,8753602.5,297,21,885,17,Monthly,8,49.3,10,888786.822,
3846,28,Rural,High,840,7704.4,11204.8,1372.7,6471718.1,41,36,2566,6,Weekly,19,31.9,8,660218.6629,
3847,53,Suburban,Middle,345,2078.5,6914.1,297.8,717099.7,357,198,3240,1,Monthly,8,16.9,6,82074.34148,
3848,64,Rural,Low,735,9277.4,38729.9,4038.2,6818894.6,288,153,1673,18,Weekly,11,47.8,4,689832.9201,
3849,61,Rural,Middle,554,12964.5,52537.5,4923,7182325.8,49,44,2749,13,Monthly,18,25.9,10,733533.2745,
3850,64,Urban,High,516,252.1,998.5,45.9,130104.9,262,129,1984,24,Weekly,13,42.8,8,25504.06546,
3851,23,Urban,High,788,6653.5,27180.1,3173.2,5242948.4,244,42,1691,32,Monthly,11,48.4,9,539506.9042,
3852,58,Rural,Low,796,7876.4,9276.6,864.5,6269577.2,57,33,4153,47,Monthly,8,10.8,5,644425.7816,
3853,35,Urban,Middle,936,9279.7,42504.6,2165.1,8685761.5,6,359,3767,38,Monthly,20,4.5,10,887413.582,
3854,48,Rural,Low,705,6040.7,27528.1,656.4,4258670.3,47,296,657,47,Weekly,11,36.0,8,439287.394,
3855,41,Rural,High,104,13341.8,41729,2093.6,1387544.7,63,353,3256,19,Monthly,12,12.2,4,149818.4636,
3856,54,Suburban,Middle,247,18894.7,37683.2,3250.5,4667000.1,67,115,4054,43,Weekly,4,7.4,10,488361.2452,
3857,36,Urban,Low,812,18280.8,61582.9,7753.5,14844028.7,183,358,1510,4,Daily,4,7.3,4,1489694.322,
3858,68,Urban,High,23,13291.2,42951.2,6608.6,305698.2,162,203,1068,48,Monthly,8,50.8,9,44101.42646,
3859,64,Urban,Low,953,10142.6,19188.1,4533,9665909.7,297,64,1385,20,Monthly,18,65.3,7,978007.7385,
3860,57,Suburban,Middle,815,16518,56368.2,5848.3,13462206.2,105,284,2614,12,Weekly,19,67.2,5,1356147.183,
3861,58,Suburban,Middle,525,16720.4,70044.6,6507.1,8778201.8,263,223,771,13,Monthly,5,67.4,7,885633.2389,
3862,69,Suburban,Middle,144,16593.2,70096.6,5129.4,2389415.8,57,336,2574,15,Monthly,7,48.6,1,244532.011,
3863,56,Urban,Middle,730,3165.3,3921.2,851.5,2310698.4,16,210,2196,44,Daily,17,66.7,2,240760.7225,
3864,24,Urban,Middle,695,518.4,927.2,195.4,360282.8,59,86,4715,49,Monthly,12,10.4,4,53794.83816,
3865,39,Urban,Low,863,19664,72223.9,9620.6,16970063.3,166,227,1997,49,Monthly,15,43.7,10,1714932.479,
3866,52,Suburban,Low,754,19193.5,85206.2,2141.2,14471889.5,250,362,2082,40,Daily,19,55.0,2,1455475.066,
3867,64,Suburban,Low,193,11291.9,34834.1,2547.8,2179341.6,34,304,2428,27,Weekly,4,68.0,6,229005.7161,
3868,56,Rural,Low,465,19861.3,76071,4608.3,9235524.8,46,185,771,0,Daily,10,24.3,2,925708.7589,
3869,32,Suburban,High,784,15413.2,16712.4,4095.3,12083976.6,299,265,2274,1,Daily,16,42.5,8,1220557.846,
3870,39,Rural,High,375,10352.4,35547,3631.2,3882161.2,47,173,1163,7,Monthly,9,29.7,7,398137.2831,
3871,36,Urban,Low,677,7792.7,37776.3,2380.7,5275676.9,252,216,3637,12,Monthly,6,39.2,5,538682.4632,
3872,66,Suburban,High,692,11861.3,43223.4,1275,8208044.2,166,83,4882,37,Weekly,10,36.8,10,843060.8376,
3873,54,Urban,High,629,10320.9,48395.7,2731.4,6491836,317,78,4431,18,Weekly,7,61.3,1,659054.1227,
3874,56,Urban,Middle,266,19876.1,64876.4,6912.5,5287045.9,132,322,3693,50,Weekly,18,59.5,8,547440.1401,
3875,54,Urban,Low,378,9814.3,42923,2963.2,3709806,70,346,3350,1,Daily,4,29.0,4,379553.4267,
3876,28,Urban,High,550,16720.1,25024.1,7504.4,9196034.4,60,72,2379,30,Daily,15,21.0,4,930696.2118,
3877,26,Suburban,High,556,16274.3,24314.7,4222.2,9048533.2,205,271,772,9,Daily,0,61.4,4,910193.0163,
3878,61,Urban,Low,863,1437.4,2128.4,151,1240486,238,365,723,4,Weekly,18,68.8,1,124610.5524,
3879,34,Rural,Middle,74,1749.3,5169.8,374.3,129445.6,344,296,1218,22,Weekly,9,2.3,10,26116.62258,
3880,26,Suburban,Low,438,13199.6,30637,2036.3,5781426.6,348,141,4726,29,Monthly,13,36.6,10,600316.2596,
3881,28,Urban,Middle,881,5189.6,20118.6,1038.4,4572010.3,333,208,705,31,Daily,16,55.8,2,463224.8233,
3882,61,Suburban,High,226,13154,60646.2,3220.6,2972796.2,106,342,1281,0,Monthly,12,71.0,7,306248.581,
3883,60,Rural,Middle,819,2901.1,10088.5,1075.3,2375977.7,184,33,2735,44,Weekly,15,38.7,1,245983.3025,
3884,16,Urban,Middle,308,7947.4,14725.3,1825.3,2447797.3,338,109,4537,43,Monthly,18,52.0,5,262593.3835,
3885,55,Rural,Low,966,2058.4,9722.8,933.8,1988395.7,7,162,610,41,Daily,11,67.3,9,210985.3581,
3886,59,Urban,High,348,5649,17576.6,1241.8,1965866.1,31,16,1731,2,Weekly,15,27.6,8,208053.3739,
3887,34,Rural,Low,476,1775.1,6887,274.7,844942.3,216,14,1652,46,Daily,16,63.8,8,99943.92592,
3888,27,Urban,Low,315,19411.9,88557.4,3252.4,6114738.2,341,231,901,29,Weekly,14,19.9,5,618995.6825,
3889,23,Suburban,High,525,7907.2,39214.5,3746.7,4151289.5,304,246,4046,36,Daily,6,52.5,4,428573.6094,
3890,23,Urban,Low,425,18024.8,54511.5,5081.6,7660524.5,298,46,3196,27,Monthly,18,68.9,10,784703.9569,
3891,68,Suburban,Low,524,19423.7,82206.1,5074.5,10178031.2,346,306,4896,50,Weekly,20,47.0,2,1034020.489,
3892,60,Urban,Middle,562,18192.2,59442.3,2320.6,10223992.6,286,113,3531,50,Daily,4,27.7,1,1034134.837,
3893,27,Urban,Low,1000,9104.6,26820.6,3581.1,9104643.7,126,43,170,20,Weekly,14,6.5,2,914672.6617,
3894,63,Rural,High,825,15580.2,49090.7,5887.1,12853629.5,51,48,4405,12,Weekly,14,15.2,7,1300009.74,
3895,48,Rural,Low,946,3082.5,9053.5,771.5,2916000.2,190,192,2399,39,Daily,0,52.8,6,305392.8317,
3896,60,Rural,Middle,249,1905.7,5115.1,717.9,474520.3,51,202,4955,25,Monthly,14,71.3,7,65638.80845,
3897,41,Urban,Low,631,17539.3,68313.4,4331.9,11067273.3,365,142,3963,39,Weekly,2,61.3,10,1128290.707,
3898,54,Urban,Low,569,632.1,1263.4,81.7,359660.2,232,189,1374,29,Daily,19,57.2,3,44532.65686,
3899,43,Urban,Low,182,19446.8,67393.5,7686.2,3539321.9,178,219,1596,23,Weekly,19,2.3,5,363254.6499,
3900,20,Suburban,Middle,962,13446,51791.7,6535.8,12935009.9,158,252,995,37,Monthly,14,53.1,3,1301886.824,
3901,23,Suburban,High,776,8398.1,38365.4,3017.6,6516897.9,147,277,3296,40,Monthly,7,59.8,9,669705.9928,
3902,40,Urban,High,106,2836.1,6601,597.2,300625.8,306,311,745,45,Daily,19,24.1,8,42066.38015,
3903,42,Rural,Middle,191,14467.4,64269.9,3008.8,2763271.6,251,116,1809,4,Monthly,9,72.0,7,287265.9847,
3904,61,Rural,Middle,137,11266.6,53867.5,5313.2,1543524.7,339,364,742,15,Weekly,13,3.5,6,161805.9181,
3905,38,Rural,Low,700,14225.4,51136.4,3148.3,9957800.2,342,2,3320,45,Monthly,2,28.8,4,1008880.955,
3906,45,Urban,High,120,8364.3,34174.1,3406.6,1003711.8,132,13,1493,41,Monthly,8,16.1,4,110358.6087,
3907,60,Rural,Middle,754,1334.5,3500.3,476.7,1006242.5,237,277,3520,48,Monthly,19,70.1,2,112064.9835,
3908,62,Urban,High,831,6306.3,30324.1,2125.5,5240530.6,12,252,3422,15,Weekly,9,48.7,6,538119.0681,
3909,38,Suburban,Low,72,6307.3,23232.5,1087.6,454123.1,143,228,3155,48,Monthly,20,30.6,6,61714.84581,
3910,64,Rural,Middle,755,183.5,411.1,20.9,138539.8,118,146,2723,47,Weekly,1,70.1,10,33424.78874,
3911,62,Suburban,High,131,201.5,527.4,59.5,26399.7,61,217,2000,9,Daily,17,5.4,2,7049.492954,
3912,35,Rural,High,457,6621.9,22984.6,3279.6,3026189.2,181,237,4268,17,Weekly,0,16.6,7,319119.4771,
3913,33,Urban,Low,781,14555.2,28186.7,2595.2,11367604.5,313,294,1928,37,Weekly,10,31.0,10,1153346.636,
3914,33,Urban,Middle,905,12484.6,50134,3929.5,11298593.9,265,256,4240,16,Daily,4,9.8,4,1141820.351,
3915,17,Urban,High,479,4788,9091.2,1763.8,2293434.2,29,281,4857,40,Monthly,3,71.8,6,246732.5073,
3916,19,Urban,Low,985,12059.2,40605.3,3539,11878337,263,166,3522,39,Monthly,0,41.7,6,1202433.335,
3917,45,Rural,High,52,12951.1,49059,3921.2,673456.1,200,143,2368,30,Daily,3,12.5,7,80686.18621,
3918,48,Suburban,Low,574,10456.2,46414.9,3811.2,6001843.2,105,238,1171,25,Monthly,0,18.6,3,606368.0607,
3919,51,Urban,High,119,10431.9,41055.7,4443.6,1241392,79,97,2753,25,Monthly,14,29.1,5,136272.2757,
3920,33,Rural,High,877,7401.3,31050.5,1726.8,6490905,144,192,2959,39,Daily,18,52.6,5,662390.6036,
3921,52,Suburban,Low,264,2476.7,11520.7,1138.5,653836.5,199,288,1664,11,Monthly,1,22.6,4,73054.77778,
3922,34,Urban,Middle,239,7715.8,26165,2268.1,1844081.3,106,43,2722,17,Daily,13,22.2,10,199687.0549,
3923,62,Suburban,Low,351,6913.2,30315.4,2521.6,2426544.8,339,269,3200,33,Monthly,2,45.4,10,261586.4523,
3924,43,Urban,Middle,893,11843.5,22828.3,1689,10576274.2,89,209,682,34,Monthly,3,4.3,10,1070192.893,
3925,55,Suburban,High,255,17126.6,72941.2,5086.5,4367293.4,332,334,3908,10,Monthly,0,51.5,7,452186.63,
3926,35,Suburban,High,685,7513.7,14176.5,799.8,5146918.4,266,25,1509,29,Monthly,10,39.9,5,524180.331,
3927,64,Urban,Low,309,14197.6,67275.6,3640.4,4387060.9,251,305,2263,44,Daily,19,31.8,3,449330.4048,
3928,48,Rural,Low,749,16238.5,37671.6,1977.7,12162628.4,152,88,2284,49,Weekly,17,28.9,4,1229071.551,
3929,27,Suburban,Middle,831,4242.9,7159.3,1946.6,3525860.5,306,120,2143,10,Weekly,20,16.7,2,359802.045,
3930,66,Urban,Middle,607,18034,28722.3,6656.7,10946630.1,196,225,2959,45,Daily,15,18.1,3,1107709.679,
3931,30,Suburban,Middle,849,1418.2,2480.5,591,1204047,126,136,1656,3,Daily,14,36.5,5,126596.8194,
3932,56,Suburban,Low,495,18035.4,50321.6,5177.4,8927507.9,43,251,3266,35,Monthly,16,15.1,1,901429.533,
3933,54,Rural,High,57,3281,10133.8,1446.1,187018.2,173,211,1273,9,Monthly,1,41.3,4,25849.57088,
3934,17,Suburban,Low,950,6750,31422.3,3032.2,6412519.3,54,11,3518,33,Weekly,0,47.1,5,655650.7838,
3935,44,Suburban,High,403,12108.7,30563,2939.1,4879786.8,253,10,2015,30,Weekly,13,33.5,5,498845.8611,
3936,56,Urban,Low,67,18114.6,33873,4542.1,1213678.9,299,315,917,31,Daily,13,8.6,8,133106.7104,
3937,25,Urban,Low,46,5121.5,20359.3,1553.3,235587.7,196,65,951,49,Daily,17,67.6,3,32613.72071,
3938,17,Rural,Middle,606,15273.8,23500.6,1785.5,9255948.6,293,80,3024,27,Monthly,18,60.2,9,941060.4752,
3939,66,Suburban,High,650,14211.6,64934.8,7081.8,9237547.7,217,92,154,42,Monthly,5,68.7,4,929991.5409,
3940,26,Suburban,Low,369,3202.6,8447.1,780.4,1181751.3,169,133,4415,36,Monthly,3,27.1,10,140557.8129,
3941,28,Suburban,Low,605,9594.5,33152.5,2766.4,5804663,222,112,300,31,Weekly,7,3.3,5,587541.2938,
3942,25,Rural,High,232,9635.3,16811,3872.4,2235386.5,128,195,194,31,Weekly,12,32.0,2,228840.748,
3943,29,Suburban,Low,402,6099.2,9649.6,1335.8,2451874.5,349,87,1437,16,Daily,19,34.0,2,250167.7009,
3944,33,Urban,High,908,15600.6,65450.2,2818.3,14165369.4,16,162,732,33,Weekly,6,51.2,9,1428133.71,
3945,66,Rural,Middle,561,18519.4,50350.8,2796.1,10389393.3,37,348,4941,34,Monthly,9,53.2,9,1059597.506,
3946,69,Urban,Middle,23,14334.3,70911.3,4460.9,329688.5,296,1,3044,38,Daily,17,31.2,2,43684.53289,
3947,24,Urban,High,574,19459.4,60269.4,1988.7,11169675.6,320,119,1451,20,Weekly,20,70.4,1,1120474.818,
3948,54,Rural,Middle,267,1018.9,4465.3,391,272036.9,225,254,4709,31,Monthly,0,9.0,1,38855.19202,
3949,43,Urban,High,841,754.1,3710,214.6,634182.5,114,191,1288,33,Daily,4,65.1,9,77670.97861,
3950,18,Suburban,Low,118,17878.2,37984.1,5591,2109631.7,22,290,3247,33,Weekly,1,55.7,5,224789.8303,
3951,35,Rural,Low,952,17957,75482.9,3686.3,17095092,299,351,1375,7,Daily,10,38.9,3,1714059.51,
3952,21,Urban,High,600,2151.3,2340.7,368.5,1290806.7,62,288,4279,15,Daily,15,55.1,1,140090.384,
3953,42,Suburban,Low,601,7155.3,26610.9,2719,4300363.3,182,116,3973,34,Weekly,6,54.5,4,445222.4176,
3954,68,Suburban,Middle,55,16709.5,66517.4,3076.4,919024.6,285,199,4594,22,Monthly,13,12.8,3,104141.8989,
3955,17,Urban,Low,153,2579.5,7505,1062.9,394667.8,16,235,3264,21,Weekly,0,38.8,5,52987.41562,
3956,44,Suburban,Low,239,5355.9,8828.8,971.9,1280057,277,230,999,30,Monthly,11,34.4,10,141307.4188,
3957,53,Rural,High,265,13623.1,47229.7,4701,3610124.4,137,226,2042,28,Daily,10,36.1,8,375099.1707,
3958,18,Urban,Middle,268,19638.2,90141.4,7021.6,5263027.4,283,196,1044,37,Monthly,16,12.9,7,537026.015,
3959,31,Suburban,Low,907,15944.8,75343.6,4819.4,14461938.5,127,278,3405,18,Monthly,11,28.3,5,1457685.486,
3960,45,Suburban,Low,113,15548.6,61951.9,7754.3,1756989.5,86,157,4893,44,Daily,16,37.8,10,197501.5981,
3961,55,Urban,High,166,6859.8,14095.9,1717.3,1138731.2,207,354,1078,35,Weekly,17,49.6,3,122290.2485,
3962,17,Urban,High,668,13230.2,59288.8,5997.6,8837805.7,363,301,4399,48,Daily,15,31.0,5,901321.4491,
3963,32,Urban,Middle,8,2270.6,10343.4,380.8,18165.1,151,173,1557,8,Monthly,0,46.9,1,5295.611442,
3964,56,Urban,Low,714,19845.4,48997.7,4661.4,14169628.4,51,323,2136,34,Weekly,4,44.8,3,1425344.703,
3965,27,Rural,High,217,9616.9,16655.7,1520.9,2086863.1,231,21,2927,0,Weekly,4,58.7,2,215874.0217,
3966,50,Urban,High,431,12779.8,57491.6,4363.6,5508080.6,80,188,1834,32,Daily,15,30.5,1,558496.9875,
3967,58,Rural,High,292,17524.7,79568.9,6226.6,5117205.5,131,285,4400,16,Daily,18,63.0,5,526616.1351,
3968,16,Rural,Middle,893,29.3,41.1,8.2,26155.6,136,289,3819,25,Monthly,1,2.9,1,12514.61433,
3969,60,Urban,High,50,19519.9,95021.6,7575,975994.4,346,167,4379,12,Weekly,6,65.0,2,107854.8161,
3970,30,Rural,Middle,107,7189.6,22520.1,3214.2,769286.6,170,190,2043,4,Weekly,15,68.5,1,80687.9777,
3971,41,Urban,Middle,9,6798.4,33821.6,2791.6,61185.8,163,90,440,18,Daily,2,30.3,10,18611.91876,
3972,52,Urban,Low,745,2909.8,8089.4,572.3,2167813,199,301,3954,41,Daily,17,68.4,8,234885.7729,
3973,36,Suburban,Low,700,17165.1,53780.6,3916.4,12015574.5,227,73,1468,8,Monthly,9,62.4,8,1211642.847,
3974,64,Urban,Middle,456,17418.1,35956.7,4391.3,7942645.5,48,82,1962,5,Monthly,1,5.0,1,798669.6959,
3975,46,Suburban,Low,323,409.6,1882.3,74.3,132294.4,310,11,3448,20,Weekly,18,47.3,7,27697.7212,
3976,40,Rural,Low,309,1123.9,3118.8,274.8,347299.7,253,249,3567,48,Daily,14,66.2,3,47744.61629,
3977,38,Suburban,High,850,18367.6,78217.8,3585.7,15612502.3,103,160,2894,21,Monthly,15,15.6,3,1571483.001,
3978,39,Rural,Low,622,2466.1,3252.7,1228.9,1533935.3,36,107,3935,38,Weekly,7,66.4,2,164713.4488,
3979,53,Urban,Middle,995,12422.3,51589.8,5134.2,12360228.3,6,91,3010,47,Monthly,7,15.7,2,1248398.411,
3980,43,Rural,Low,145,12396.8,36706.6,5504.3,1797537.8,199,241,3863,50,Weekly,16,45.8,10,200224.2242,
3981,36,Rural,High,740,17395.9,17772.2,8156.2,12872973,12,204,3455,4,Monthly,20,28.0,6,1298755.151,
3982,69,Urban,Middle,821,11457.4,21826.9,4193.4,9406488.9,103,316,744,21,Daily,13,39.9,5,947585.5955,
3983,58,Rural,Low,412,8685.9,15416.8,1480,3578585.9,187,358,556,49,Weekly,20,21.0,6,369663.3202,
3984,33,Urban,Middle,114,19487.9,78089,7861.6,2221617.4,321,149,3800,6,Daily,17,29.9,10,238064.2275,
3985,51,Suburban,Low,575,4584,13334,487,2635812.3,178,262,4725,25,Daily,20,36.7,3,277792.9026,
3986,50,Urban,High,399,5261.7,8623.3,764.5,2099431.5,171,166,1851,24,Weekly,15,36.6,7,221181.1231,
3987,60,Urban,Low,275,1704.5,3455.5,190.6,468750,177,116,2419,4,Monthly,5,71.6,10,59900.99495,
3988,24,Rural,Middle,124,19506.6,58837.8,3007.5,2418816.3,89,8,2356,31,Monthly,16,61.7,4,253082.9226,
3989,68,Suburban,Middle,86,14130.1,15240.1,5663.4,1215192.1,204,229,3864,7,Weekly,18,11.5,2,129660.707,
3990,53,Urban,Middle,582,251.8,679,114.4,146559.7,347,70,4197,8,Weekly,3,69.2,7,29320.11521,
3991,45,Suburban,Low,47,14089.2,52302.7,2980.4,662194.2,343,191,1883,27,Daily,20,41.3,4,75037.83638,
3992,59,Suburban,Low,711,8088.7,24840.5,1194.3,5751052.1,211,162,4297,19,Weekly,6,44.3,1,584312.927,
3993,49,Rural,Low,876,19351.3,65647.4,4048,16951754.9,213,177,3843,3,Weekly,17,20.6,9,1710844.649,
3994,47,Urban,High,944,5555,12812.4,1993.4,5243897.5,21,40,4128,2,Weekly,7,22.5,1,532744.1314,
3995,18,Rural,High,201,14208.6,24613.6,3411.2,2855933.4,88,342,17,43,Daily,17,10.8,1,289344.2612,
3996,18,Urban,High,276,12552.4,53209.2,6081.1,3464464.8,13,29,4967,40,Daily,18,59.9,7,365995.4204,
3997,43,Suburban,Middle,549,250.9,1159.7,38.2,137732.6,120,9,671,41,Daily,18,35.3,7,26061.56772,
3998,59,Urban,Middle,715,17705.5,53877.1,8784.3,12659422.8,178,277,1138,10,Daily,5,7.9,9,1277767.049,
3999,30,Urban,Middle,130,2800.9,6218.4,294,364111.4,129,288,207,47,Weekly,11,32.5,5,46491.22585,
4000,56,Suburban,Middle,448,13275.1,40420.4,3726,5947262.6,51,72,160,28,Daily,5,25.2,2,599575.8511,
4001,38,Suburban,Middle,982,15513.2,70056.8,3113.9,15233975.7,42,183,3361,42,Weekly,13,50.0,8,1540494.945,
4002,55,Urban,Low,804,12622.2,47530.6,4121.3,10148283.9,318,10,4414,21,Daily,16,14.2,3,1028744.612,
4003,26,Rural,Middle,389,1951.3,8653,270.5,759058.1,95,177,4557,7,Weekly,11,67.4,5,89958.79784,
4004,63,Urban,Low,576,19503.8,45122.5,8783.1,11234206.6,242,87,1582,45,Monthly,1,56.5,6,1135961.358,
4005,47,Suburban,High,263,4744,18254.5,733.5,1247669.4,356,84,1985,33,Daily,12,28.8,3,132692.4093,
4006,69,Rural,High,966,12561,45372.9,4207.4,12133942.2,61,86,2956,30,Weekly,4,14.4,6,1227488.701,
4007,51,Suburban,High,632,15945.6,52404.6,1807.3,10077612.5,349,297,51,3,Weekly,5,55.5,5,1011205.422,
4008,48,Suburban,High,278,18785.3,58476.8,4215.4,5222321.1,228,207,2665,14,Daily,0,9.4,7,534940.1999,
4009,39,Rural,High,714,12084.2,38716.6,1932.1,8628097.7,277,287,4705,17,Daily,7,7.2,10,883673.5438,
4010,54,Suburban,Middle,46,5188.5,22822.5,2548.3,238670.7,18,109,1744,10,Weekly,8,49.3,2,30107.95586,
4011,49,Suburban,Middle,168,16734.4,78048.9,1753.9,2811381.5,244,32,963,26,Monthly,11,15.2,8,292583.0699,
4012,43,Suburban,Middle,445,3272.8,4750.2,788.6,1456381.4,311,13,4318,18,Daily,20,46.7,6,161929.429,
4013,52,Suburban,High,622,455.4,1491.6,100.7,283274.8,324,213,3710,49,Monthly,9,26.2,1,40218.43275,
4014,22,Suburban,High,46,18163.9,84891.4,6592.6,835539.2,47,118,4932,8,Weekly,2,7.8,2,94983.79579,
4015,19,Suburban,Low,724,11512,17716.5,1410.8,8334706.3,310,106,1149,24,Weekly,9,45.3,3,839412.2917,
4016,52,Suburban,Middle,540,1402.1,3717.7,594.9,757152,18,15,2559,21,Monthly,13,46.9,3,85469.14985,
4017,16,Suburban,High,87,11598.8,15731.7,3324.3,1009094.8,201,320,2177,22,Daily,4,39.4,10,115981.1538,
4018,16,Suburban,High,803,2908.8,4229.2,817.7,2335793.1,253,213,2755,36,Weekly,4,25.8,3,245253.0018,
4019,62,Urban,High,385,637.4,2942.5,121.6,245401.4,192,188,1067,9,Daily,12,65.9,5,30768.55703,
4020,35,Urban,Low,669,2339.3,6514.3,692.5,1565002.2,49,234,1829,16,Daily,16,49.3,9,169990.3243,
4021,34,Suburban,High,265,15504.4,58218.4,3807.2,4108665.3,94,264,4283,12,Monthly,9,40.4,6,425096.4931,
4022,44,Urban,Low,777,15115.7,23514.8,2993.7,11744869,237,223,4339,3,Weekly,1,35.2,9,1190258.204,
4023,25,Rural,Low,22,12090.3,13151.7,2024.7,265987,222,213,922,31,Daily,14,60.9,3,33322.11762,
4024,33,Urban,Middle,768,4194.5,19134.9,1641.4,3221354.9,167,145,1550,27,Daily,12,69.2,9,336454.7589,
4025,43,Suburban,High,703,14782,48753.6,2318.1,10391712,254,5,2982,29,Daily,4,40.6,4,1049819.893,
4026,50,Suburban,Low,450,8166.8,8819.8,1365.4,3675071.2,57,141,2044,45,Weekly,16,4.5,7,382198.6712,
4027,58,Urban,High,976,10220,50786.7,3381.1,9974685.7,6,21,2981,39,Monthly,4,35.9,1,1006504.933,
4028,62,Suburban,Middle,232,17953.8,53300.8,3419,4165290.3,238,117,4414,20,Monthly,13,46.8,10,436556.7899,
4029,46,Rural,Middle,186,9162.6,26603.6,2599.9,1704238.4,221,115,1597,14,Weekly,9,59.0,3,177272.2987,
4030,42,Rural,Low,326,12531.1,43653.9,4024.6,4085125.4,224,44,2321,2,Monthly,14,23.0,4,415749.4663,
4031,26,Suburban,Middle,183,19235.4,19843.6,4035,3520080.5,78,204,4858,16,Monthly,1,49.0,8,370933.2669,
4032,64,Rural,Middle,397,9033.3,29598,2144.7,3586213.8,20,309,2021,14,Monthly,18,4.3,1,362895.9432,
4033,64,Rural,Middle,481,11219,39467.5,2065.2,5396315.3,306,322,1317,32,Monthly,4,26.0,7,551496.468,
4034,53,Urban,High,403,11692.4,25580.9,3322.6,4712056.7,265,361,3475,4,Monthly,5,22.2,4,482507.475,
4035,20,Rural,High,463,4821.8,18840.8,2396.3,2232504.5,204,126,3555,7,Daily,12,7.1,3,233296.8629,
4036,23,Urban,Low,417,14741.1,36996.1,3612.8,6147027,142,120,4297,8,Weekly,7,50.8,8,630134.2876,
4037,49,Suburban,Low,202,14535.5,56268.2,5252.1,2936165.8,304,214,1557,25,Daily,12,27.2,5,302082.1816,
4038,63,Urban,Middle,65,4279,6740.7,1516.3,278135,80,313,3798,1,Daily,13,16.5,6,40089.79451,
4039,67,Suburban,Middle,956,276.6,1287.6,114.7,264455.9,210,311,1069,36,Weekly,15,11.4,2,33448.31726,
4040,27,Suburban,Low,908,19978.8,90261,7687.2,18140788.5,256,130,497,35,Daily,0,65.2,1,1818253.218,
4041,53,Suburban,Middle,555,11635.9,18646.7,1218.4,6457946,312,94,104,11,Monthly,4,10.9,7,652011.6641,
4042,16,Suburban,Low,733,3628.8,17250.8,811.7,2659932.8,40,65,3753,18,Daily,20,62.5,8,282509.1831,
4043,46,Suburban,High,17,5678.5,18347.8,2544.5,96534.1,353,205,4035,26,Weekly,7,37.9,3,22359.81336,
4044,19,Urban,Middle,836,12359.7,47048.3,3903.4,10332678.2,202,187,1847,23,Daily,1,3.2,6,1043912.585,
4045,64,Suburban,Middle,797,2760.9,12040.9,391.2,2200465.6,86,212,3148,1,Monthly,20,69.0,1,225224.7111,
4046,60,Rural,Middle,183,755.2,1007.7,158.9,138208.9,43,191,1577,15,Weekly,19,40.3,4,21019.51849,
4047,65,Rural,High,391,15971.6,26786.6,3407.6,6244900.2,236,261,2572,1,Daily,2,23.6,2,631214.987,
4048,20,Suburban,High,44,14319.8,30953.1,6433.5,630069.7,70,322,983,20,Monthly,1,20.0,1,67750.21217,
4049,45,Rural,Middle,973,6198.9,18031.6,1992.1,6031565.6,356,90,2060,9,Weekly,10,23.5,3,610939.03,
4050,39,Urban,Low,901,1179.2,2811.6,404.9,1062497.6,131,245,4629,41,Weekly,3,16.3,2,119232.1381,
4051,18,Urban,High,700,9730.6,29419.2,2401.8,6811388.9,132,150,4647,16,Monthly,13,18.4,5,694976.8544,
4052,26,Suburban,Middle,902,5531,9644.2,686.5,4988929.5,248,140,1499,11,Weekly,13,27.9,9,510076.3103,
4053,60,Suburban,Middle,482,7961.6,29685.8,1035.8,3837494.4,155,293,126,6,Weekly,9,38.0,8,391360.5245,
4054,19,Suburban,High,263,5486.6,6709.8,1471.3,1442988.2,230,119,1757,8,Daily,19,52.5,2,148931.4732,
4055,41,Rural,Low,174,3513.6,8593.6,600.8,611366.4,89,247,4918,45,Monthly,3,22.5,7,82154.30941,
4056,42,Rural,Middle,441,7745.9,13293,1097.6,3415953.3,229,98,2269,49,Daily,6,10.6,3,352481.0902,
4057,61,Urban,Low,566,19298.2,75643.9,3954.2,10922800.2,27,170,1614,9,Daily,9,2.5,6,1100381.066,
4058,69,Rural,Low,220,5331.9,24178.1,2115.8,1173016.9,361,310,2444,15,Daily,2,27.4,9,132534.3445,
4059,58,Urban,High,558,6726,8845.6,869,3753093.1,356,67,98,0,Monthly,4,57.2,3,377764.9293,
4060,42,Rural,Middle,394,6591.5,27290,1841,2597070,238,56,1506,8,Weekly,3,24.3,10,273243.3044,
4061,57,Urban,Middle,772,9611,44046,4136.9,7419671.5,175,46,3475,12,Monthly,16,16.4,10,759466.5872,
4062,66,Suburban,Low,195,16871.7,82601.7,3495.3,3289976.8,316,5,3257,47,Weekly,19,65.7,2,340280.3669,
4063,65,Rural,High,409,8048.4,26701,1776.7,3291808.1,292,56,4374,15,Monthly,10,48.0,2,340598.6888,
4064,21,Urban,High,471,16124.9,37241.5,7315.6,7594826.9,61,151,375,33,Weekly,4,70.3,5,766808.4768,
4065,30,Rural,High,347,2309.1,5283,831.3,801254.9,170,318,3474,40,Daily,11,40.8,6,95140.23844,
4066,68,Suburban,Low,462,17899.2,45032.2,7501.3,8269428.1,263,141,235,29,Daily,13,39.4,4,832271.2133,
4067,45,Urban,Low,61,3714.2,12816.6,801.1,226567.9,306,315,4753,12,Weekly,12,70.0,6,37179.35603,
4068,57,Rural,Middle,166,793.6,2349.9,395.8,131743.9,116,284,4163,7,Daily,10,44.4,4,24706.30072,
4069,52,Rural,High,672,3175.5,11478,496.5,2133940.1,175,6,1980,10,Monthly,11,37.5,5,222652.4078,
4070,52,Suburban,Low,151,3823.1,4424.3,1853.3,577286.3,221,189,1199,48,Monthly,6,17.9,7,71550.23742,
4071,57,Suburban,High,111,10175,14484.4,4689,1129424.7,128,317,616,30,Monthly,0,28.2,6,121915.2007,
4072,52,Urban,Low,488,9004.3,44176.4,2888.2,4394082,5,219,1953,42,Weekly,8,40.9,2,449255.3108,
4073,50,Rural,Middle,549,14320.3,71337.3,4784.7,7861860.9,326,173,817,10,Weekly,20,41.1,9,795543.2848,
4074,38,Rural,High,3,1028.5,4100.3,421.7,3085.5,186,93,52,47,Monthly,18,33.3,10,14006.35307,
4075,21,Suburban,Low,483,9959.1,20173.1,2218,4810268.5,172,12,3029,6,Weekly,3,49.9,5,490502.3863,
4076,19,Suburban,High,13,6656.1,32039.3,2070,86529.3,199,163,4811,0,Monthly,3,12.1,9,25501.75381,
4077,33,Urban,Low,162,12617.8,23403.7,5816.2,2044086.8,231,318,4487,22,Daily,10,62.6,5,218439.6333,
4078,24,Rural,Low,344,883.6,3468.6,112.5,303943.8,288,5,3103,31,Daily,5,53.4,3,40490.48227,
4079,64,Rural,Low,449,708.3,1034.9,327.4,318047.7,335,66,190,14,Daily,18,59.5,7,40451.53893,
4080,44,Urban,High,332,8550.8,30745.3,3347.7,2838852.2,115,203,1718,17,Monthly,18,3.5,8,295208.0712,
4081,28,Urban,Low,264,16228.7,65532.4,6620.3,4284370.5,333,324,830,27,Weekly,20,56.5,5,437230.6822,
4082,62,Suburban,Middle,83,13425.2,59588.4,1690.1,1114289.1,330,342,3472,13,Monthly,10,53.5,9,126199.6716,
4083,67,Suburban,High,777,344,1354.2,60.2,267252.9,313,193,2098,12,Monthly,17,2.4,3,33175.27876,
4084,32,Urban,Middle,924,3577.7,16793.3,1681.9,3305755.2,11,365,3360,33,Monthly,16,33.0,8,348586.1094,
4085,60,Urban,Middle,334,4542.4,14007.2,679.6,1517148.9,104,336,2585,19,Daily,13,22.6,2,158466.3492,
4086,47,Rural,High,380,8466.9,31410,2984.4,3217440.2,175,66,2325,23,Daily,17,19.2,10,337963.2578,
4087,63,Urban,Low,219,11738.4,29090.2,4848.9,2570719.8,120,169,450,27,Daily,13,12.1,1,260630.3448,
4088,37,Urban,Middle,658,4337,4517.3,834.9,2853771.6,237,155,4429,10,Monthly,12,19.0,7,300704.4441,
4089,19,Rural,High,810,7656.5,30830.8,2905.7,6201732.1,236,76,764,50,Weekly,8,55.1,10,634410.4326,
4090,20,Urban,Low,809,11683,52333.5,1474.8,9451570,305,261,2553,27,Weekly,18,65.5,5,955644.6847,
4091,52,Suburban,High,454,7674.9,13014.3,2298.7,3484391.8,38,133,481,21,Weekly,10,25.9,7,357092.4969,
4092,56,Suburban,High,673,2872,3201,671.4,1932826.9,272,342,2407,29,Weekly,18,21.3,3,203204.8769,
4093,64,Rural,High,741,9838.3,16312,3525,7290184.7,344,141,4648,37,Weekly,16,21.8,3,744316.4923,
4094,28,Urban,Low,746,6486.6,29716.3,2955.3,4839036.4,251,336,75,16,Weekly,15,38.9,1,485742.6479,
4095,49,Suburban,Middle,89,17285.1,37716.9,2596.2,1538376.2,334,346,4768,21,Monthly,17,4.2,3,168022.3316,
4096,60,Suburban,Middle,333,15514.7,30018.2,4346,5166409.1,27,137,2335,0,Daily,14,41.8,1,520636.3232,
4097,37,Suburban,High,310,3813.6,4036.2,1026.9,1182215.7,330,176,1460,19,Weekly,13,66.3,4,125722.0668,
4098,68,Suburban,High,727,3061.2,6698.6,702.6,2225484.7,123,288,3248,4,Daily,14,36.0,10,237510.8126,
4099,38,Urban,Low,420,6960.1,26883.6,2032.8,2923223.8,156,339,1998,32,Monthly,17,29.3,5,304283.1031,
4100,66,Urban,High,609,8249.4,39896.9,3731.1,5023865.3,217,36,2590,44,Weekly,11,3.8,10,520966.7627,
4101,18,Urban,High,725,18641,41960.3,9124.1,13514756.1,194,143,1883,0,Daily,9,39.9,9,1363641.949,
4102,57,Urban,High,354,6039.4,11853.8,610.8,2137947.1,301,137,198,43,Monthly,7,10.7,1,218152.7426,
4103,49,Suburban,Middle,824,17353,78995.7,6865.1,14298881.2,161,16,2467,8,Monthly,17,33.8,8,1442451.514,
4104,47,Rural,High,100,10111.1,44590.3,3498.8,1011113.2,128,250,1097,31,Weekly,13,22.9,4,109281.4113,
4105,60,Rural,Middle,145,17713.6,40965.3,8817.9,2568474.6,316,6,3494,25,Daily,17,19.5,4,269546.3309,
4106,66,Suburban,Low,10,14042.1,17906.7,1909.3,140420.6,178,72,4206,44,Weekly,0,69.0,1,26036.94207,
4107,64,Suburban,Low,983,14170.7,70399.4,6016,13929793.6,126,161,3965,41,Weekly,15,56.9,8,1411805.446,
4108,36,Rural,Middle,44,10380.8,38645.7,4916,456753.5,174,224,2141,47,Weekly,4,9.5,5,59151.74236,
4109,61,Rural,Middle,763,16807.7,79102.3,7813,12824258.2,35,356,296,5,Weekly,20,23.5,3,1285149.197,
4110,59,Suburban,Middle,386,5096,12064.7,1652.3,1967037.4,239,315,2308,29,Monthly,7,50.9,5,207728.0613,
4111,36,Suburban,Middle,739,18148,65164.6,4192.6,13411336.5,41,36,2772,39,Monthly,19,59.5,7,1357524.198,
4112,59,Urban,High,910,12739.1,47109.2,4534.6,11592625.9,186,34,3845,22,Monthly,1,38.4,9,1177643.143,
4113,26,Urban,Middle,761,8779.8,39435.5,1952.9,6681420.9,183,13,317,38,Daily,18,64.9,9,680970.0808,
4114,54,Rural,Middle,495,19644,97674.4,5203.8,9723768.2,261,202,271,24,Weekly,2,26.7,7,981698.6325,
4115,19,Suburban,Middle,493,17241.7,24736,4798.2,8500139.4,34,57,1367,24,Monthly,7,6.4,9,863550.8218,
4116,66,Rural,High,169,15442.7,54427.3,3409.4,2609816.3,187,7,2450,12,Monthly,2,67.8,9,275402.5279,
4117,16,Urban,High,642,5485.3,12867.2,1298.5,3521569.3,307,315,3311,24,Monthly,17,30.4,3,363522.1094,
4118,43,Urban,High,531,19475.1,82703.5,2004.5,10341265.7,137,111,1658,16,Monthly,7,2.6,5,1041832.395,
4119,39,Rural,Low,336,14862.3,59695.9,3252.3,4993739.6,202,116,442,43,Monthly,17,52.1,2,505758.8384,
4120,50,Urban,High,747,12108.3,55335.8,3498.4,9044895.3,143,307,608,26,Daily,4,18.9,10,917431.1182,
4121,28,Suburban,Middle,857,18436.8,43783.8,3119.6,15800309,109,259,1092,10,Daily,9,7.5,5,1587549.453,
4122,62,Rural,High,513,3252,5652.4,1373.1,1668282.1,157,155,3784,5,Daily,10,60.9,7,179477.2706,
4123,49,Suburban,High,130,2788.9,3032.1,878.7,362561,255,206,2857,14,Weekly,3,18.2,5,47031.37463,
4124,26,Suburban,Middle,539,11278.6,22805.7,4709.4,6079182.2,181,310,1944,36,Daily,9,39.6,8,621879.8539,
4125,51,Urban,High,514,1143.7,2823.4,173,587864.3,341,94,2871,31,Daily,4,44.5,10,75789.7084,
4126,66,Suburban,Low,250,13283.1,63549.9,5687.9,3320774.3,219,192,942,47,Weekly,11,68.1,2,339827.149,
4127,32,Rural,High,734,4822.4,14300.8,2330.7,3539652.9,28,290,1457,23,Daily,9,29.2,6,362757.3357,
4128,50,Suburban,Low,947,2389.3,7707.4,575.8,2262706.2,151,279,1364,10,Daily,11,36.6,10,239617.805,
4129,33,Suburban,Low,138,8195.8,37049.3,1750.5,1131023.4,359,48,2138,41,Daily,4,22.4,6,126333.8076,
4130,55,Suburban,Low,275,9324.3,42335.1,3344.9,2564191.6,100,55,288,28,Monthly,10,34.1,4,263431.5602,
4131,37,Suburban,Middle,464,3418,10635.6,1211.2,1585948.5,3,17,3344,7,Monthly,0,1.5,1,165006.9094,
4132,39,Suburban,High,141,840.3,1222.5,121.8,118480.9,33,335,4686,36,Weekly,4,62.0,6,30551.79571,
4133,34,Urban,Low,944,8287,17254,3900.7,7822900.9,199,62,2630,9,Weekly,13,5.7,9,796065.3388,
4134,52,Rural,Low,256,15192.9,42958.8,4430.6,3889390.5,69,125,4643,9,Weekly,1,18.5,1,399863.0296,
4135,54,Urban,High,882,17485.3,70022.8,7094.9,15421993.5,90,237,4653,0,Weekly,9,52.1,6,1556373.696,
4136,36,Rural,Middle,824,1960,7539.5,477.7,1615032.1,17,61,223,44,Weekly,0,46.5,4,169648.439,
4137,23,Rural,Middle,456,10498.3,37487.5,2148.1,4787207.7,337,44,3650,22,Monthly,12,54.4,9,494962.5284,
4138,43,Rural,Low,952,5275.4,23850.1,762.3,5022205.3,323,327,2818,17,Monthly,3,36.9,9,518423.7916,
4139,20,Rural,Middle,434,7498.9,31574.9,1573.3,3254536.1,323,128,1521,22,Daily,2,66.9,7,336070.7636,
4140,32,Rural,High,607,18669.5,92011.8,9285.7,11332387.8,34,259,1654,4,Daily,11,68.1,1,1136208.654,
4141,52,Suburban,Middle,173,7048,32115,2559.7,1219299.6,264,201,3628,47,Monthly,11,54.8,3,134663.5072,
4142,51,Urban,High,473,7313.3,13036.8,3079.7,3459174.4,301,323,4772,37,Monthly,15,23.8,1,357967.1177,
4143,69,Urban,Low,955,4195.8,5162.8,2028.3,4007010.5,60,112,3858,30,Daily,13,3.9,5,413974.4134,
4144,34,Suburban,High,423,19200.8,51036.5,2526.8,8121924.9,184,355,2092,41,Daily,7,40.0,7,826841.7205,
4145,42,Rural,Low,917,9135.2,31699.2,1515.3,8376962.1,326,143,4463,38,Weekly,12,1.6,5,854735.1498,
4146,68,Urban,High,439,11412.1,40768.9,5377.2,5009928.9,357,207,736,19,Daily,15,58.5,3,506371.6597,
4147,49,Suburban,High,57,9068.8,18772.9,2954.8,516923.3,365,359,145,28,Monthly,14,42.8,5,58438.38949,
4148,26,Suburban,Middle,498,5065.9,22490,1793,2522794.5,199,140,2397,47,Weekly,13,44.9,9,269855.592,
4149,69,Urban,High,614,16210.1,37558.7,4393.8,9953031,241,227,4894,32,Weekly,4,5.3,3,1009440.355,
4150,60,Urban,Low,169,579.1,2708.3,246.6,97874.6,232,319,3477,38,Weekly,5,42.6,10,30520.10008,
4151,62,Rural,High,989,13808,39855.4,4237.6,13656078.5,211,136,1033,31,Weekly,16,13.8,6,1376729.718,
4152,27,Rural,Low,582,11889.5,12383.7,5117.9,6919696.8,52,290,2281,24,Monthly,8,29.6,2,699141.5429,
4153,69,Urban,Low,850,2894.2,4770.1,1438,2460044.7,119,200,4619,43,Monthly,17,23.7,4,261334.6646,
4154,36,Rural,High,561,3326.4,4687.9,1193.2,1866133.9,330,278,1727,26,Daily,11,18.5,7,197726.0183,
4155,69,Suburban,Middle,428,13187.9,15510.4,4108.4,5644429.5,215,306,3000,22,Daily,12,32.7,9,581350.2257,
4156,26,Rural,High,419,6249.7,24099.1,1537.8,2618605.2,322,140,385,46,Monthly,16,55.1,4,268893.0862,
4157,54,Rural,High,347,5322.1,9416.2,946.7,1846770.2,149,150,2320,1,Monthly,6,17.6,10,198112.2336,
4158,43,Suburban,Middle,517,1192.5,5192.8,432.5,616538.2,176,91,4019,49,Daily,20,37.2,3,75736.0812,
4159,20,Rural,Low,455,15332,31551.3,1917.3,6976058.6,269,186,4939,3,Monthly,19,26.3,7,714281.246,
4160,32,Suburban,High,714,17654.6,19937.5,8518.6,12605393,320,82,2374,24,Monthly,7,47.4,2,1268315.307,
4161,35,Rural,Middle,202,16398.7,70230.7,5887.5,3312535.1,5,19,513,44,Weekly,0,41.3,4,339854.3575,
4162,56,Urban,Middle,179,9326,26715.2,4511.4,1669357.9,116,133,26,22,Monthly,11,47.2,5,171750.8927,
4163,61,Rural,Low,57,10683.8,36303.7,2231.9,608976,203,272,664,40,Weekly,18,70.7,3,68040.10471,
4164,27,Urban,Middle,698,4853.1,11380.1,2322.7,3387464.6,37,169,2187,35,Monthly,7,37.0,5,349731.5156,
4165,21,Urban,Low,604,3465.4,4103.6,1195,2093081.2,54,19,3984,40,Daily,11,8.3,2,221768.0411,
4166,32,Urban,High,804,16461.8,40836.9,6981.5,13235282,288,253,1540,22,Monthly,5,4.2,8,1336572.449,
4167,66,Urban,Middle,906,15968.9,49074.8,2739.8,14467823.2,284,364,1755,32,Monthly,20,4.6,5,1457135,
4168,34,Urban,High,946,15549.4,16276.3,4665.5,14709754.1,86,193,4123,27,Daily,5,26.0,8,1488570.873,
4169,41,Suburban,Middle,995,9272.6,30573.1,3037.5,9226189.8,45,278,3832,7,Daily,6,52.4,3,932193.7038,
4170,63,Suburban,Middle,501,17291.5,79059.7,4446.4,8663046.6,284,145,2631,32,Daily,8,60.6,2,875961.8879,
4171,59,Suburban,High,739,18525.4,34667.7,3729,13690255.1,321,35,307,28,Monthly,11,43.2,9,1379287.883,
4172,59,Urban,Middle,933,6573.6,30942.5,3036.4,6133172,70,167,3469,47,Daily,5,35.1,5,628398.6931,
4173,67,Rural,High,112,4501.6,6259.2,603.3,504184,42,244,4229,14,Monthly,5,61.1,8,68178.04709,
4174,47,Suburban,High,148,9290.6,39965.9,1501.3,1375011.5,272,73,2833,14,Daily,8,5.0,10,152800.0567,
4175,21,Rural,Low,781,3594.7,15677.7,820.3,2807487.2,141,311,3364,36,Monthly,6,24.0,5,293809.298,
4176,51,Rural,High,715,17681.2,35911.3,8273.2,12642070.6,59,133,1993,18,Daily,3,5.1,6,1274285.196,
4177,53,Urban,Low,378,6766.4,32691.2,2203.7,2557710.6,240,73,703,42,Daily,20,67.1,2,262427.0644,
4178,26,Urban,High,877,11527.7,30737.3,2873.5,10109770.1,47,115,354,50,Weekly,12,7.3,1,1016208.389,
4179,48,Urban,Middle,915,11898.4,18621.4,3106.3,10887075.1,167,267,546,20,Monthly,9,69.1,2,1093371.013,
4180,39,Suburban,High,348,10304.6,34694.1,4483.6,3586003.5,110,334,109,34,Daily,9,52.9,2,362715.2103,
4181,38,Urban,Middle,358,3138.9,15652.2,347.5,1123743.7,126,110,1498,25,Monthly,20,36.1,9,125617.8899,
4182,30,Suburban,Low,56,19820.1,91116.3,2071.9,1109925.8,299,168,3671,27,Daily,3,23.2,7,127969.1814,
4183,42,Suburban,Middle,813,3460.3,7316.6,409.8,2813255.2,109,216,562,21,Monthly,20,39.1,5,288744.7996,
4184,26,Suburban,High,316,15032.6,49727.1,4324.6,4750311.8,165,340,3183,35,Monthly,17,46.6,9,493419.0574,
4185,66,Suburban,Middle,964,15829.3,23134.1,5263.3,15259487.5,259,97,1587,15,Monthly,7,35.2,8,1537646.118,
4186,65,Urban,Low,185,2911.8,8291.1,1018.5,538687.2,76,80,465,11,Weekly,14,66.1,10,65294.13573,
4187,32,Suburban,Middle,54,18663.9,57714.1,7324.8,1007852.7,7,217,176,27,Monthly,8,10.9,7,108751.6467,
4188,66,Urban,Middle,37,9760.3,22069.1,1716.7,361131,186,186,3198,6,Daily,3,10.1,5,46364.89264,
4189,68,Urban,High,723,12581.4,36948.3,2578.1,9096330.8,276,64,4080,32,Weekly,6,56.3,8,927142.7889,
4190,29,Suburban,High,805,12847.3,60122.2,2536.1,10342075.9,79,67,2927,23,Monthly,0,40.8,10,1051459.422,
4191,42,Urban,Middle,270,10104.1,30317.7,1613.3,2728094.3,65,96,894,10,Daily,16,29.8,5,280588.814,
4192,33,Rural,Low,863,2849,12319.1,563.4,2458704.8,115,34,1482,14,Monthly,2,59.3,5,254686.5989,
4193,43,Urban,Middle,732,15037.5,34128.6,5194.9,11007486.3,202,345,4120,18,Weekly,20,67.7,5,1113900.387,
4194,66,Urban,Low,508,11639.9,56868.1,2870,5913068.6,142,234,1208,14,Daily,18,38.3,2,595615.7693,
4195,62,Suburban,Low,228,2382.4,3273.1,970,543193,98,163,426,8,Daily,17,41.4,9,63624.85596,
4196,62,Suburban,Low,428,14009.4,46824.4,4406.9,5996038.7,305,157,1527,12,Daily,14,4.9,10,613156.5675,
4197,19,Urban,Middle,870,14058.2,58476,2598.2,12230666.7,217,281,2794,49,Weekly,9,36.4,6,1239365.314,
4198,22,Suburban,Low,723,10974.2,46708.2,3149.1,7934378.5,74,28,3184,28,Daily,14,2.4,2,802643.6792,
4199,60,Rural,Middle,810,1820.1,3263.6,614,1474257.3,293,69,1906,25,Monthly,6,29.8,1,154641.0892,
4200,50,Rural,Low,1,7059.4,18400.8,3151.8,7059.4,134,332,2619,22,Monthly,5,69.6,4,11996.09425,
4201,63,Suburban,Low,23,1028,3594.6,445.6,23643.4,262,338,2573,16,Daily,13,55.1,4,12372.99961,
4202,24,Urban,Middle,503,9557.1,21632.9,2586.1,4807243.6,284,230,86,4,Weekly,17,53.1,5,484864.0299,
4203,23,Rural,High,448,18129.9,65869.2,6509.9,8122185.4,102,350,3567,15,Daily,17,56.7,4,822371.9756,
4204,67,Rural,High,796,55,138.4,12.1,43809.5,206,137,392,38,Daily,5,61.3,1,9738.351007,
4205,60,Urban,Middle,496,5340.1,12834.8,1886.1,2648692.9,141,112,755,29,Daily,12,4.0,2,270096.364,
4206,32,Suburban,Middle,900,15999.2,22915.2,7441.5,14399265.1,13,299,4313,20,Monthly,10,63.4,6,1455048.126,
4207,32,Rural,High,425,207.1,239.6,72.5,88025.2,249,25,1444,4,Monthly,8,56.0,10,20032.75479,
4208,64,Urban,High,700,213.4,926.2,47.3,149356.9,123,94,782,25,Weekly,11,49.6,9,26275.65567,
4209,48,Urban,High,18,12220.3,36149.7,4369.9,219964.7,10,66,4641,42,Weekly,18,29.8,8,41459.12042,
4210,47,Rural,Middle,959,15786.1,51328.4,7279,15138872.9,80,17,2073,47,Weekly,18,22.3,7,1528427.118,
4211,23,Suburban,Low,445,15532.3,38658.2,2404.7,6911892.8,167,109,490,29,Monthly,20,14.6,7,700984.3496,
4212,34,Rural,Middle,561,15593.8,24123.1,4568.6,8748102,99,278,3989,21,Monthly,15,25.3,1,884341.3752,
4213,53,Urban,High,559,7226.5,20221.9,1650.7,4039622.9,207,10,3468,44,Monthly,2,63.4,5,418046.1139,
4214,18,Rural,Low,627,17655.7,33825.2,3470.9,11070096.1,151,346,1048,1,Monthly,6,5.0,4,1111828.491,
4215,20,Suburban,Middle,39,266.6,1159.8,68.9,10396.8,37,141,198,43,Weekly,9,52.6,5,9221.693523,
4216,28,Urban,High,729,6250.7,30922.9,1610.1,4556725.9,264,298,370,11,Monthly,18,7.0,6,462667.6522,
4217,62,Suburban,Middle,210,6750.4,30757.3,1243.2,1417580.2,342,28,4186,41,Weekly,5,9.3,6,158739.7188,
4218,61,Rural,Low,774,3319.8,10334.8,868,2569499.5,5,100,398,26,Monthly,8,15.2,10,268776.5404,
4219,46,Rural,High,211,6731.2,23643.4,2379.4,1420274.2,226,187,459,25,Daily,17,48.8,5,148561.8532,
4220,31,Suburban,Middle,565,11721.8,56176.7,1292.8,6622830.4,27,267,2604,44,Weekly,11,61.5,3,673460.6007,
4221,65,Rural,Low,972,10410.4,32841.9,5160.3,10118892.7,124,208,3246,43,Weekly,4,11.1,3,1025187.397,
4222,47,Suburban,Low,281,6395.4,22731.4,1396.6,1797094.2,299,337,4668,24,Monthly,4,17.6,8,197990.6012,
4223,37,Rural,Middle,867,14989.1,52715.3,5238,12995512.4,35,311,1293,18,Weekly,5,46.1,8,1311192.563,
4224,44,Suburban,Low,833,14298.7,54799.4,3051.6,11910786.8,237,261,2759,48,Daily,17,33.4,8,1209178.372,
4225,37,Suburban,High,133,5621.1,20017.6,1447,747609.3,311,69,2391,26,Weekly,5,46.0,7,87079.34744,
4226,58,Urban,Low,449,6471.3,23832.8,2068.9,2905629.7,317,38,3659,47,Weekly,0,12.2,5,307415.7869,
4227,18,Urban,Middle,264,5757.5,22475,1984.9,1519987.6,303,66,1198,16,Daily,10,33.6,6,160415.5015,
4228,69,Suburban,High,807,2585.7,10954.2,1055.5,2086688,102,235,469,5,Monthly,15,25.2,6,213635.5633,
4229,25,Rural,Low,111,15058.1,39335.1,6274.3,1671449.7,77,64,4934,22,Monthly,6,32.0,9,187993.918,
4230,57,Rural,Low,555,935.1,3724.7,287.5,518962.4,312,235,1964,17,Daily,16,22.0,5,61973.9136,
4231,36,Rural,High,850,3020.1,4230.6,393.5,2567088.5,82,153,2585,42,Weekly,17,11.2,7,271176.836,
4232,31,Suburban,High,238,2115,9527.7,683.4,503378.9,146,180,2277,43,Monthly,3,48.3,9,67949.65264,
4233,27,Suburban,Low,891,16508.5,35661.3,4804.5,14709096.8,193,166,1729,48,Monthly,4,48.5,9,1486085.865,
4234,17,Suburban,High,457,889.7,2325.6,165.6,406606.7,224,333,1173,1,Monthly,0,19.8,1,44105.99587,
4235,56,Suburban,Middle,901,13295.9,56034.8,1383.6,11979605.5,53,275,2674,44,Daily,0,42.0,7,1212483.679,
4236,39,Urban,Low,759,899,3189.8,203.5,682376.8,345,99,165,18,Daily,4,69.3,9,79200.62629,
4237,50,Suburban,Middle,516,15731,35151.1,3205.9,8117197.9,85,25,2729,50,Weekly,18,39.1,4,823872.8384,
4238,45,Rural,Low,876,18255.2,34713.9,5351.8,15991515.4,129,304,1691,3,Daily,12,23.3,3,1603672.164,
4239,45,Urban,Middle,861,9742,47062.2,3942,8387857.6,211,73,2622,32,Daily,4,22.9,1,846880.8518,
4240,62,Rural,Middle,897,16092.8,21743.1,4435.4,14435233.2,352,35,4338,33,Daily,17,60.0,7,1460554.445,
4241,50,Suburban,High,862,14131.1,14376.2,6791.8,12181048.3,264,143,2415,31,Monthly,2,35.7,8,1233847.641,
4242,34,Urban,Low,824,15914.7,58753.1,3000.3,13113753.6,183,214,626,17,Daily,2,19.7,9,1322989.488,
4243,65,Suburban,High,173,15337.8,53036.7,2889.4,2653445.7,272,205,2305,43,Daily,8,45.8,3,276331.3486,
4244,23,Urban,High,193,4115.3,16257.3,1406.5,794253.7,227,305,3406,8,Monthly,19,62.4,3,88693.72065,
4245,41,Rural,Low,515,9996.2,39250.4,4583.3,5148035.1,322,217,1131,36,Daily,13,52.6,1,519494.9719,
4246,64,Suburban,Middle,790,19208.7,85537,7083.1,15174856.9,12,345,3955,47,Daily,2,7.1,5,1533738.987,
4247,55,Suburban,Low,968,6877.2,32243.4,2540.9,6657152.4,93,232,1644,35,Monthly,20,25.3,8,678840.2279,
4248,22,Urban,Low,568,19410,79583.1,8201,11024901,330,86,2294,2,Weekly,13,58.7,7,1112578.387,
4249,45,Urban,Low,786,11667.4,22508.4,4287.4,9170578.5,190,169,4273,17,Daily,16,30.7,7,932109.9249,
4250,22,Suburban,High,409,9237.6,26364,3729.6,3778183.4,86,125,3217,39,Weekly,3,71.9,4,390210.4537,
4251,18,Urban,Low,688,13158.6,46934.8,5874.7,9053097.3,354,329,2085,24,Weekly,17,25.3,1,910437.159,
4252,16,Suburban,Low,628,16318.6,51525.4,1683.5,10248096.5,277,236,4487,1,Weekly,15,65.4,7,1040833.62,
4253,51,Urban,Low,84,7890.2,12905.2,3584.1,662778.6,293,145,4687,43,Monthly,1,33.6,3,82432.28484,
4254,40,Rural,Middle,671,668.8,2245.1,124.5,448733.9,261,105,2841,0,Weekly,1,67.5,5,53229.27641,
4255,52,Urban,Middle,798,14179,64459.5,6591,11314872.2,198,344,930,23,Monthly,11,30.9,9,1142666.674,
4256,16,Rural,Middle,80,19123.8,51138.3,3948.5,1529901.9,323,264,4216,23,Daily,15,34.3,3,166053.7853,
4257,30,Urban,Middle,578,12503.5,45959.4,3527.2,7227013.3,10,134,336,49,Weekly,9,39.4,2,727837.7088,
4258,52,Urban,High,209,3776.4,13080.5,1788.3,789268.7,88,9,2731,41,Weekly,1,3.8,10,96314.17084,
4259,28,Suburban,High,522,4972.4,12471.6,715.5,2595576.2,340,15,2182,39,Weekly,15,7.0,8,275659.9779,
4260,55,Urban,Low,199,18195.9,59338.4,7244,3620987.5,318,64,1259,3,Daily,3,61.7,2,364888.471,
4261,23,Urban,High,571,281.1,517.5,72.2,160511.7,37,178,1058,49,Daily,9,19.8,6,27105.95019,
4262,20,Rural,Middle,234,10979.4,34963.3,1203.8,2569190.3,223,124,3448,34,Monthly,16,45.5,6,272662.1501,
4263,24,Urban,Low,819,3182,13349.4,1513.5,2606030.3,175,11,2416,34,Monthly,3,19.5,2,269161.9096,
4264,16,Suburban,Low,244,5662.5,22852.5,833.1,1381640.5,209,95,53,11,Monthly,5,26.0,5,141944.4851,
4265,51,Rural,Middle,891,6146.6,14947.3,2518,5476587.8,49,120,1152,50,Monthly,2,43.9,1,554273.1068,
4266,50,Suburban,Middle,393,4393.5,6363.2,1114.7,1726630.6,24,301,4376,48,Monthly,8,25.0,7,191180.6486,
4267,17,Suburban,Middle,566,15849.1,66562.7,6723.7,8970600.6,338,246,4344,22,Monthly,4,52.5,2,909699.5974,
4268,55,Suburban,High,446,6650.9,13701.8,2661.1,2966284.2,106,77,1806,48,Daily,8,37.7,9,312221.7709,
4269,38,Suburban,Low,849,6916.2,8383.7,2443.4,5871892,311,94,586,21,Weekly,12,54.7,1,590949.3116,
4270,24,Rural,Middle,393,9065.6,25209.4,4312.4,3562783.2,263,315,4452,25,Weekly,1,16.2,4,371502.6885,
4271,49,Urban,Low,9,18046.9,71427.4,2518.8,162421.9,206,153,486,3,Weekly,2,46.8,6,22134.00098,
4272,61,Suburban,Low,613,13766.6,58287.3,5774.1,8438912.9,169,240,1708,6,Daily,6,23.2,3,849030.7594,
4273,29,Rural,High,920,1244.4,6133.3,458.3,1144826.5,158,140,4006,22,Daily,20,26.1,6,129327.7838,
4274,19,Suburban,Low,807,794.8,1397,179.5,641440.6,241,85,4627,30,Monthly,11,14.2,4,78069.064,
4275,45,Urban,Middle,715,11332.1,24649.4,3608,8102466.3,123,216,3030,6,Monthly,17,10.1,2,817167.4641,
4276,46,Rural,Middle,904,17742.3,60997.5,6349.1,16039075.9,20,282,4302,21,Weekly,8,63.6,10,1624317.656,
4277,53,Rural,Low,153,6471.8,27475.2,2553.2,990184.9,56,293,1890,38,Weekly,12,68.2,5,109262.1987,
4278,26,Urban,Low,110,4963,9609.8,867.6,545925.5,280,241,4380,39,Daily,10,28.9,10,76870.3275,
4279,50,Rural,High,834,14966.3,39506,2107.9,12481926.7,108,23,1811,18,Daily,12,55.2,8,1259719.034,
4280,23,Urban,Middle,266,12045.8,31723.9,1696.3,3204184.5,140,321,937,29,Weekly,7,58.0,2,326821.0915,
4281,18,Rural,Middle,373,11304.9,46256.8,2459.4,4216726.4,91,45,1870,25,Daily,20,11.1,6,431416.1915,
4282,29,Rural,Low,152,2994.5,5880.4,484.1,455168.7,271,74,2031,40,Weekly,14,67.7,8,60748.40199,
4283,28,Urban,Low,976,3527.5,17196.5,1108.5,3442807.6,329,102,2871,21,Weekly,13,58.4,6,356882.9325,
4284,60,Urban,Low,595,5642.9,17165,1550.8,3357547.9,210,284,882,8,Weekly,16,57.1,5,342151.6959,
4285,47,Rural,Middle,955,4144.7,8821.1,1895.1,3958198.3,176,72,2008,45,Weekly,12,66.6,3,407081.091,
4286,49,Rural,Low,415,19429.2,41522.8,7518.3,8063109.9,61,41,3636,28,Weekly,10,26.1,8,823147.9513,
4287,60,Urban,High,907,382,410,69.7,346505,284,279,2557,31,Weekly,9,64.0,10,52490.73849,
4288,34,Urban,High,646,12524.9,47215.3,1481.6,8091063.6,3,212,4921,17,Weekly,16,71.9,2,820643.4048,
4289,53,Rural,Low,326,10356.8,42502.2,3973.5,3376317,272,160,3863,30,Monthly,11,17.4,10,355961.913,
4290,31,Rural,High,672,6471.8,7311.3,2836.8,4349044.4,164,87,60,31,Daily,1,9.6,9,445104.2901,
4291,17,Rural,High,551,17752.9,59361,6753.2,9781847,9,7,2136,8,Daily,0,8.7,8,990179.0394,
4292,55,Urban,High,176,13406.5,55324.7,4793.1,2359552.8,12,183,2017,29,Weekly,14,27.8,6,248883.3502,
4293,32,Rural,High,525,19967.1,50016.8,3988,10482729.3,74,328,3149,36,Daily,18,58.4,9,1067079.324,
4294,49,Suburban,High,315,3381.4,9234.6,1007.1,1065151.3,238,299,3811,31,Monthly,17,54.3,6,121999.5399,
4295,57,Urban,Middle,67,1766.5,4321.7,688.9,118354,300,14,69,7,Daily,2,15.0,8,18974.68461,
4296,31,Rural,Low,952,2796.6,6327.5,496,2662316.9,108,100,4780,23,Monthly,8,39.0,5,281042.9059,
4297,53,Urban,High,760,5393.1,15988.3,1567.3,4098776.1,13,244,2671,3,Monthly,12,26.7,7,421020.7808,
4298,17,Suburban,Low,553,8341.6,13883.7,1224.6,4612889.3,234,169,1595,45,Weekly,10,60.1,2,468533.1467,
4299,17,Urban,High,184,17253.4,47667,5388,3174632.9,245,232,1254,16,Daily,18,58.1,1,321336.8448,
4300,41,Rural,Middle,35,5679,27073.5,1870.7,198765,321,111,2513,20,Daily,15,58.5,8,33402.42593,
4301,28,Suburban,Middle,934,18305.7,20312.2,5750.8,17097536.7,92,347,1021,47,Monthly,18,38.3,5,1720920.41,
4302,62,Suburban,High,505,9263.5,15367.9,2665.9,4678080,360,340,4527,8,Weekly,7,58.3,9,485812.8457,
4303,46,Rural,High,849,12944.9,53214.1,4336.3,10990245.3,198,102,4369,4,Weekly,11,53.1,7,1113454.7,
4304,49,Rural,High,963,5295.5,8092.7,2641,5099576.3,116,217,3176,4,Monthly,20,38.3,4,519205.5293,
4305,54,Rural,Middle,802,3128.7,6523.8,1092,2509230.4,131,240,232,29,Daily,1,55.9,5,258362.9156,
4306,18,Urban,Middle,76,17390.4,49029.8,6974,1321673.8,365,240,1187,5,Weekly,4,27.8,3,137761.4214,
4307,23,Urban,Low,472,2199,10495.2,388.9,1037941.5,153,221,4980,37,Monthly,13,56.4,5,121597.6095,
4308,38,Urban,Middle,582,15482.7,26847.1,4830.7,9010923.2,121,270,4898,7,Weekly,15,45.3,10,921477.9305,
4309,29,Rural,High,746,11623.9,54543.2,1197.3,8671411.7,108,28,4805,47,Monthly,18,62.2,4,883999.2523,
4310,42,Rural,Low,523,17224.1,66728,1939.1,9008227.4,16,286,848,45,Weekly,1,64.4,3,909211.2059,
4311,69,Urban,Middle,880,14359.2,52907.6,3288.1,12636087.3,299,335,1629,32,Weekly,9,28.6,8,1277117.104,
4312,44,Suburban,Middle,283,5640.5,21964.9,1616.8,1596251.7,56,54,1650,47,Weekly,9,21.4,4,170187.4503,
4313,54,Urban,High,816,11492.8,12929.3,3795.6,9378131.1,103,213,1871,14,Weekly,7,20.9,10,951501.8863,
4314,68,Suburban,Low,536,271.3,378.7,123.5,145439.1,208,120,2301,36,Monthly,11,24.2,4,25275.05448,
4315,54,Rural,Middle,274,9509.6,22246.5,3886.6,2605634.4,151,75,691,8,Weekly,18,4.6,8,269516.4638,
4316,16,Rural,Middle,539,1729.4,2241.1,380.5,932153.4,262,70,7,2,Daily,9,67.1,5,97209.03171,
4317,32,Urban,High,54,8584.6,42496.9,3411.5,463569,43,323,2082,30,Daily,3,9.8,5,56467.84812,
4318,56,Urban,Low,55,2201.1,7311.4,703.8,121062.7,300,233,4897,38,Daily,6,63.3,5,29531.3841,
4319,45,Rural,Low,888,19110,56362.7,7867.1,16969716.7,118,271,1161,6,Weekly,6,35.6,6,1704553.596,
4320,68,Urban,Low,745,10466.1,43351.2,2767.5,7797265.7,336,132,1703,15,Daily,14,64.9,5,787161.9962,
4321,28,Rural,Low,277,18265.2,89642.8,2497.9,5059468,279,98,3379,27,Weekly,17,67.2,1,515952.1773,
4322,36,Rural,High,443,457.1,2203.5,158.8,202495.7,144,102,139,34,Weekly,12,59.3,1,23111.51285,
4323,34,Suburban,Middle,883,12756.7,53224.2,4118.1,11264156.5,228,167,3432,14,Monthly,0,29.9,6,1139496.684,
4324,68,Urban,Middle,418,6146,15418.5,2958.9,2569036.6,204,105,2202,6,Daily,2,30.3,2,261831.3024,
4325,34,Rural,Low,632,8642.3,10922.4,1424.7,5461909.3,229,86,658,34,Monthly,1,69.6,3,552896.8536,
4326,40,Urban,Low,225,17463,24334.9,6329.5,3929178.8,265,37,4408,47,Weekly,7,24.9,6,411676.4096,
4327,37,Suburban,Low,570,19600.6,19691,5676.9,11172354.4,137,160,4661,30,Weekly,10,30.2,2,1131037.971,
4328,46,Suburban,Middle,255,4937.4,4975,1242.1,1259030.4,240,123,3437,37,Monthly,20,21.7,6,140296.4484,
4329,32,Urban,Middle,176,18965.6,90004.7,7924.3,3337942.6,186,132,2748,7,Weekly,13,37.5,6,344194.4427,
4330,38,Urban,Low,566,13777.7,64866.1,5845.3,7798150.9,315,266,401,47,Monthly,11,44.3,2,787124.8356,
4331,47,Rural,High,146,19028.8,69839.7,7342.1,2778199.6,151,283,851,37,Daily,0,48.1,10,291438.231,
4332,25,Suburban,Middle,771,11251.7,43957.2,1501.4,8675073.3,325,340,2708,15,Weekly,5,12.3,2,876335.7878,
4333,25,Suburban,Middle,664,19215.5,58661.8,4574.1,12759104,291,261,3868,33,Weekly,3,25.6,7,1293492.338,
4334,51,Suburban,Low,385,17850.2,34832.3,2118.8,6872321.1,353,355,3178,0,Monthly,16,71.7,9,701106.1132,
4335,23,Urban,High,262,2580.5,12019,612.8,676103.8,110,189,782,18,Weekly,17,6.1,1,70815.60554,
4336,69,Rural,Low,531,6222.7,13134.6,2235,3304248.7,40,31,342,13,Daily,16,27.4,8,338307.6642,
4337,67,Urban,Low,854,4868.8,19274.2,1497.1,4157983.6,142,275,1786,18,Daily,9,16.0,4,423650.6292,
4338,35,Urban,High,371,11446.3,22683.6,4363,4246564.5,340,310,2903,22,Daily,4,21.0,6,436250.0147,
4339,47,Urban,High,683,16058,71949.2,5147.9,10967587.1,13,132,4671,3,Weekly,4,34.2,3,1107262.753,
4340,65,Rural,High,891,15190.6,54761.6,4896.3,13534855.6,53,176,781,33,Monthly,19,71.0,10,1367497.025,
4341,29,Urban,Middle,904,14537.7,51911,4425.1,13142094.5,80,304,3748,1,Daily,0,58.7,1,1320720.073,
4342,65,Suburban,Low,197,7511.5,10437.1,1845.8,1479774.3,233,49,1338,11,Daily,0,18.1,1,150578.5956,
4343,43,Suburban,Middle,948,2801.3,7501.6,780.5,2655671.5,351,172,3796,22,Weekly,15,10.8,5,277934.8393,
4344,61,Suburban,High,585,4219.6,13079.1,611.7,2468445.7,39,312,2870,42,Monthly,13,44.0,4,260753.159,
4345,67,Rural,Middle,815,14836.1,32285.6,6436,12091447.9,227,330,691,17,Monthly,9,63.2,8,1218039.931,
4346,68,Urban,High,597,2959.2,13387.2,1348.5,1766649.2,340,6,3878,31,Daily,6,15.2,3,190346.1845,
4347,39,Rural,High,284,4466.7,19433.2,1815.8,1268544.1,121,76,3916,50,Monthly,19,14.9,3,141366.1219,
4348,30,Urban,Low,302,8496.8,25273.6,2833.1,2566035.9,65,204,658,16,Daily,19,49.6,2,260482.9286,
4349,37,Suburban,Low,132,1451.5,3425.8,475.6,191601.6,296,210,183,30,Weekly,8,22.1,9,29226.45881,
4350,45,Urban,Low,120,4261.7,17925.5,1227.9,511405.7,205,36,1203,35,Daily,10,3.9,5,61033.69194,
4351,19,Urban,Middle,728,3003.9,5369.6,578.4,2186813.6,135,281,2144,25,Weekly,5,22.5,9,232979.2555,
4352,28,Urban,Low,136,19026.9,24469.9,4823.7,2587661.5,45,177,1703,11,Daily,10,16.0,7,268542.4485,
4353,38,Rural,High,628,3838.6,4540.5,1903.8,2410642.3,278,55,4431,34,Weekly,13,24.3,8,261278.6596,
4354,23,Urban,Low,573,17236.8,19903.9,2728.9,9876672.9,135,169,3252,15,Weekly,17,58.8,7,1001193.966,
4355,33,Urban,Middle,529,2304.8,6812,730.8,1219247.6,52,313,402,3,Monthly,0,48.8,5,126733.7785,
4356,27,Urban,Low,34,17394.8,35159.2,7768.7,591422,229,327,235,27,Daily,11,20.9,2,62827.18251,
4357,46,Rural,Low,532,11992.7,45110.5,3372.4,6380106.5,356,48,605,37,Weekly,0,30.0,8,650731.2897,
4358,29,Rural,Low,208,16995.6,61448.8,5816.7,3535089.3,68,104,222,32,Daily,2,16.2,5,362014.0293,
4359,49,Rural,Middle,970,17348.3,54960.8,7479.2,16827851.3,198,3,4010,36,Weekly,5,40.3,8,1701961.267,
4360,33,Urban,High,674,11931.5,28771.3,3806.4,8041835.6,67,85,622,9,Daily,12,17.1,5,809153.8119,
4361,49,Suburban,High,299,18354.7,80794.2,7205.8,5488057.1,3,173,3334,30,Monthly,4,66.8,1,558582.5355,
4362,26,Suburban,High,522,11713.1,44964.4,2798.4,6114244.1,58,276,1833,13,Daily,8,20.2,10,625305.3309,
4363,56,Suburban,Low,94,14254.2,29735.7,5604.9,1339892.5,256,329,2109,4,Daily,15,51.6,9,146631.8378,
4364,27,Urban,Low,414,8327.4,25038.6,969.4,3447563.8,356,233,1252,9,Daily,5,29.0,5,351374.4525,
4365,64,Suburban,Middle,371,18282.2,29710.1,2946.4,6782701.1,265,164,238,24,Daily,2,64.4,2,682497.4213,
4366,30,Suburban,High,409,16485,38164.5,5850.8,6742368.7,16,60,3841,40,Weekly,3,23.4,4,689747.891,
4367,46,Suburban,Low,383,3342.6,16674.7,934.5,1280213.9,268,78,1573,44,Monthly,20,2.1,1,135621.9551,
4368,64,Urban,Low,441,11532,21857.5,4974.2,5085609,102,18,4702,16,Weekly,3,8.5,4,521745.308,
4369,44,Suburban,Low,878,17937.6,68041,4247.4,15749193.8,287,97,2432,50,Daily,18,5.8,5,1587495.955,
4370,41,Suburban,Middle,447,15863.4,30991.8,6454.5,7090921.6,222,66,1164,19,Daily,8,23.0,2,715193.1036,
4371,33,Urban,High,619,19251.4,91493.2,2996.4,11916635.2,21,31,4667,32,Weekly,14,48.7,6,1208171.282,
4372,47,Rural,Middle,617,4633.7,10382,2187.4,2859005.7,21,238,976,8,Daily,8,37.6,4,292487.1182,
4373,37,Suburban,High,71,7355.5,17555.8,1966.7,522241.8,92,265,959,49,Monthly,11,18.7,5,63215.52673,
4374,53,Rural,High,943,10148.8,34256.5,1952.2,9570286.2,284,148,3178,30,Daily,4,71.9,10,976328.865,
4375,32,Suburban,Low,84,4661.1,15625.9,1937.4,391528.8,133,148,2334,4,Monthly,16,5.7,10,51942.02211,
4376,38,Urban,Low,209,7887,26155.6,3779.1,1648375.6,327,47,4086,45,Daily,16,45.2,5,180742.5887,
4377,39,Rural,Low,259,10755.4,35417.8,5025.3,2785650.9,329,244,3424,28,Monthly,13,57.9,4,291290.2472,
4378,65,Rural,Low,239,3834.9,8623.7,748.5,916534.1,175,257,3284,50,Weekly,6,69.0,1,103277.7675,
4379,23,Rural,Low,302,5141.2,14074.7,1896.1,1552639.2,213,83,886,46,Weekly,18,26.2,5,165036.3156,
4380,56,Rural,High,232,2505.6,8453.2,798.6,581299.6,148,356,693,3,Daily,7,41.5,4,63591.83569,
4381,21,Suburban,Low,932,14270.5,52587.9,5566.1,13300100.8,232,142,180,30,Daily,5,18.9,6,1339007.455,
4382,20,Suburban,Low,282,7237.4,14565.4,2133.4,2040953.3,165,129,1188,3,Weekly,5,3.4,7,211653.2684,
4383,59,Rural,Middle,394,4413.1,16795.9,1270.6,1738769.4,314,10,3167,17,Monthly,5,37.8,4,185405.1611,
4384,44,Suburban,Middle,418,10151.4,47641.6,4599.4,4243289.3,145,177,3074,17,Weekly,18,42.9,3,433360.2612,
4385,43,Rural,High,206,1374.3,5540.8,616.4,283106.5,298,210,1512,39,Daily,18,20.5,1,35670.14733,
4386,26,Rural,High,264,18468.9,24691.6,7665.3,4875789.1,223,42,3276,33,Weekly,20,17.5,2,499210.543,
4387,16,Urban,Middle,311,5896.4,16961,2252.2,1833782.2,353,124,2442,47,Weekly,16,20.9,1,191712.1379,
4388,58,Rural,Middle,859,17730.4,48600.1,6584.1,15230432.8,62,187,4393,13,Daily,1,38.2,9,1539875.095,
4389,34,Suburban,Low,906,9957.4,23360.3,1219.5,9021427.1,96,25,1189,25,Daily,1,49.3,4,909507.4348,
4390,24,Rural,Low,697,17004.5,50423.1,6798.6,11852142.4,112,164,3735,22,Daily,11,52.2,7,1200729.154,
4391,42,Urban,High,626,4948.8,13651.5,1758,3097960.2,87,351,3976,32,Weekly,8,20.7,6,325566.1177,
4392,49,Suburban,Middle,79,3513.7,3600.4,776.4,277579.1,255,35,3473,16,Monthly,4,61.8,1,36283.59021,
4393,59,Urban,High,869,16989.7,33065.8,7272.3,14764085.8,113,253,4078,41,Weekly,16,35.5,2,1488771.639,
4394,19,Urban,Low,342,4266.3,7914.6,1847.2,1459091.2,254,247,2187,31,Monthly,17,39.9,4,155496.7138,
4395,51,Rural,High,813,14926.4,35779.3,7058.4,12135199.8,348,10,3374,47,Monthly,5,17.2,6,1228920.532,
4396,33,Urban,High,562,6898.2,11712,1844.2,3876805.3,322,264,2797,34,Monthly,17,28.2,5,400367.2139,
4397,30,Urban,High,832,14966.4,19025.4,4796.7,12452038.6,32,105,1234,50,Daily,18,4.7,3,1253668.509,
4398,66,Suburban,Low,95,18153.8,32431,8394,1724615.6,64,220,1652,42,Daily,19,42.0,9,188576.2677,
4399,28,Urban,High,770,19633,86713.8,4451.2,15117373.2,154,255,9,29,Daily,15,54.2,7,1521579.986,
4400,34,Rural,Low,941,7202.6,30165.6,3015.4,6777638.6,5,134,3571,14,Monthly,12,39.6,6,690685.7229,
4401,64,Rural,Middle,351,7356.8,20366.6,3654.8,2582251.3,330,206,4166,49,Monthly,16,24.2,5,276193.4443,
4402,21,Rural,High,62,19627.9,88546.7,7081.3,1216932.3,210,124,3702,50,Monthly,9,60.3,8,140720.5585,
4403,63,Urban,High,142,17231.9,33269.1,8503.6,2446936.5,92,216,2307,6,Weekly,14,5.1,8,256104.8396,
4404,27,Suburban,Low,842,911.4,3041.2,279.2,767389.1,222,64,4323,5,Monthly,17,18.7,10,94867.19969,
4405,66,Rural,High,734,11473.3,18032.5,1849.7,8421376.7,190,302,777,8,Daily,6,4.6,10,854381.9857,
4406,52,Urban,Low,868,3633.1,15744.3,618.5,3153516,60,360,4475,12,Weekly,5,28.9,10,333283.7744,
4407,32,Rural,High,111,19880.3,30264.3,7804,2206714.5,205,38,2379,39,Monthly,15,18.8,10,239221.335,
4408,38,Rural,Middle,616,2787.1,3142.3,279.7,1716835.7,212,248,925,17,Daily,20,49.5,5,177971.6934,
4409,41,Suburban,Middle,527,11191.4,23432.2,4082.1,5897846.1,258,153,3640,34,Monthly,7,6.6,1,601333.031,
4410,44,Rural,Middle,782,13307.3,61263.4,2135.9,10406320.7,89,222,2464,0,Daily,2,3.4,3,1046722.167,
4411,48,Suburban,High,671,18741.9,28447,9253.8,12575830,236,342,164,23,Daily,14,40.3,4,1261898.879,
4412,42,Urban,High,157,16946.7,39361.8,2800.5,2660630.9,363,258,2897,49,Daily,15,54.0,1,275489.6395,
4413,40,Rural,Middle,539,4922.6,11153,1580.1,2653301.8,332,24,3267,35,Monthly,12,34.3,1,274130.7194,
4414,25,Urban,Middle,597,11456.8,48193.8,4213.5,6839681.4,196,357,4334,49,Daily,7,21.0,4,699328.4448,
4415,62,Urban,Low,9,19071.9,51229.2,8158.9,171647.5,332,67,2326,15,Monthly,4,36.4,4,26040.72475,
4416,38,Urban,Low,276,14717,50718.7,4175.3,4061886.4,183,249,4089,17,Daily,10,25.0,7,421672.4147,
4417,36,Rural,Middle,227,13769.8,36043,6520.3,3125754.5,251,235,2117,2,Monthly,8,22.0,6,321460.1561,
4418,36,Suburban,Middle,186,15100.5,48409.5,4410.8,2808687.9,224,90,1798,45,Weekly,8,32.7,1,287724.9189,
4419,58,Rural,High,591,6456.9,8069.6,1296.7,3816027.1,171,94,4114,41,Daily,11,44.6,1,392835.3132,
4420,28,Urban,Middle,216,14587.8,36412.7,4919.2,3150954.6,198,349,2285,36,Monthly,6,42.1,6,327308.0155,
4421,52,Suburban,Low,433,4664.8,20620.2,1694.3,2019843.9,249,327,3444,7,Monthly,2,8.7,7,214883.0781,
4422,48,Urban,Low,569,8567.8,32251.4,2595.7,4875063.6,181,189,3386,17,Monthly,3,16.5,2,496432.4035,
4423,39,Suburban,Low,656,17799.7,87704.6,7000.1,11676588.1,277,137,2117,28,Daily,14,1.5,3,1175386.648,
4424,59,Rural,Low,356,389.2,1616,104.4,138567,275,173,197,36,Weekly,5,32.1,2,19369.09211,
4425,26,Suburban,Low,843,8292.2,23268.3,843.6,6990349.7,161,16,3333,26,Daily,0,55.7,6,713819.1612,
4426,32,Rural,Low,392,5343.8,19799.3,1099.8,2094756.7,248,364,2891,43,Daily,1,30.4,1,218101.4972,
4427,19,Urban,Middle,579,3979.8,16331.8,1903.8,2304307.9,319,232,193,28,Weekly,19,72.0,7,239233.8949,
4428,62,Suburban,Low,275,16773.1,34866.9,6798,4612608.7,188,174,131,3,Weekly,18,54.3,10,470614.4382,
4429,40,Urban,Low,494,13933,17277.9,2449.6,6882905.2,19,101,1093,11,Weekly,7,27.6,2,691450.0312,
4430,45,Suburban,Low,617,2261.5,5932.9,286.4,1395362.8,244,186,766,12,Daily,12,70.1,5,145143.8628,
4431,24,Rural,Low,451,9894.3,15620.1,2377.8,4462339.2,113,30,3768,13,Weekly,6,46.5,1,455628.4225,
4432,36,Suburban,Middle,420,9343.4,19705,4059.9,3924247.5,278,312,2793,13,Weekly,1,66.3,10,408876.8171,
4433,35,Suburban,High,985,2859.1,13687.8,407.1,2816243.6,51,350,1468,50,Weekly,11,7.2,10,297572.2024,
4434,34,Rural,High,700,15997.3,70201.2,5076.6,11198079.5,344,288,2418,9,Daily,3,40.6,7,1130579.866,
4435,34,Rural,High,164,7339.8,24734.1,1541.4,1203729.3,123,78,229,21,Weekly,9,65.5,5,127367.9614,
4436,27,Rural,High,779,15241.1,39703.6,5951.7,11872845,238,23,4850,8,Daily,5,47.2,5,1200680.729,
4437,52,Suburban,Low,563,3849.3,7919.3,385.6,2167173.7,319,17,3644,23,Weekly,1,71.2,8,233105.2455,
4438,57,Urban,High,638,6308.3,20728.1,1330.2,4024707.2,62,122,3399,49,Weekly,5,71.7,8,420993.7474,
4439,32,Suburban,High,592,1912.5,5991.1,710.9,1132180.6,74,228,3284,16,Monthly,10,57.2,8,126921.8269,
4440,52,Suburban,Middle,183,2878.2,11867,917.3,526701.6,245,175,2230,23,Monthly,19,20.8,3,61132.11953,
4441,69,Urban,Middle,310,17664.8,83238.1,7269.9,5476099.8,32,41,2402,4,Daily,10,61.6,8,560471.3637,
4442,63,Rural,Middle,17,2191.2,5074.2,357.3,37249.7,153,15,4660,33,Monthly,8,50.9,5,20644.58544,
4443,54,Suburban,Low,446,1923.7,3511.1,600.9,857955.4,144,214,1618,41,Monthly,1,8.6,1,93297.33549,
4444,43,Urban,Low,170,18808.1,49111.8,3353.6,3197384.2,15,91,813,0,Monthly,8,28.5,4,322968.2542,
4445,56,Rural,Low,280,12921.6,35536.6,4596.1,3618050.8,304,52,3248,26,Daily,20,63.1,5,375240.991,
4446,50,Rural,Middle,913,2027.3,2350.6,309.2,1850934.5,274,316,4546,39,Weekly,15,51.3,8,205009.4423,
4447,62,Suburban,High,816,19434.6,86421.6,3099.4,15858648,245,57,486,7,Daily,14,31.3,10,1595662.708,
4448,63,Rural,Middle,340,2950.5,14700.6,682.4,1003179.9,279,289,1690,5,Monthly,5,44.5,2,105512.7524,
4449,33,Rural,Low,726,15329.3,71937.6,3997.3,11129036.3,55,149,3320,4,Daily,15,67.5,6,1124189.521,
4450,29,Urban,Middle,710,706.7,3139.5,211.6,501741.9,42,20,2000,17,Daily,10,43.4,4,59355.39507,
4451,50,Urban,High,519,12494.6,62103.1,4151.7,6484692.5,359,324,4302,6,Daily,12,17.2,3,660066.9548,
4452,59,Rural,Low,910,10938.6,50659.3,3145.1,9954135.5,52,101,1267,35,Weekly,13,48.5,9,1007981.717,
4453,56,Urban,High,11,4168,15644.5,492.9,45848,11,357,678,32,Weekly,8,19.9,5,13218.43476,
4454,22,Rural,High,524,12866.5,21448.8,3054.3,6742041.5,311,188,2261,33,Monthly,2,45.0,2,682201.9337,
4455,56,Suburban,Low,622,12344.9,20065.4,1537.6,7678521.2,88,33,1107,31,Weekly,6,46.8,3,774065.9588,
4456,28,Urban,High,133,15969.1,19084.9,2351.2,2123883.8,227,31,3106,50,Monthly,19,26.7,9,231733.2447,
4457,33,Rural,Middle,901,17518.7,46377.7,2402.3,15784368.9,114,162,2862,2,Weekly,19,53.6,8,1591467.967,
4458,52,Rural,High,640,10207,43229.7,1666.2,6532478.6,25,278,4164,0,Monthly,3,21.8,6,665643.1357,
4459,28,Urban,High,148,9811,29052.2,4171.3,1452028.1,92,362,2241,20,Daily,4,2.0,8,158167.3102,
4460,51,Urban,High,566,12435.7,30657.6,4365.3,7038605.9,87,286,2344,12,Monthly,3,25.9,1,709844.2097,
4461,46,Suburban,Middle,823,14586.9,20960.5,4415.6,12004985.5,81,5,556,7,Weekly,7,62.2,2,1202436.639,
4462,17,Rural,High,954,7129.9,8605.8,2801.3,6801888.1,250,169,3347,43,Monthly,3,42.0,6,695023.5472,
4463,31,Suburban,High,79,10097.8,26221.1,4892.3,797725.5,250,173,1655,29,Weekly,10,61.3,5,90394.95515,
4464,24,Suburban,Middle,346,11706.2,16385.2,3126.4,4050356.5,210,215,966,7,Daily,12,10.1,1,408606.7602,
4465,24,Suburban,Low,609,19767.7,27955.3,4881.9,12038515.8,9,317,291,26,Daily,14,14.7,4,1210348.216,
4466,53,Urban,Low,249,11758.4,30353,5774.6,2927833.3,99,117,4698,38,Weekly,15,12.7,8,312293.1094,
4467,26,Suburban,Low,639,4491.5,13525.6,1834.9,2870061.6,36,255,4421,22,Monthly,9,56.7,9,304760.026,
4468,69,Urban,High,542,11763.9,20548.4,4833.1,6376043.2,57,269,1175,7,Daily,19,44.5,1,639496.6549,
4469,37,Urban,Low,24,16391.8,61281.4,5572.8,393403.1,63,252,675,14,Monthly,9,24.9,2,43534.88549,
4470,48,Suburban,Middle,471,17149.5,45870.9,5192.9,8077414.3,338,206,3283,6,Daily,0,56.4,3,815704.929,
4471,51,Suburban,High,201,16007,21892.6,5126,3217408.3,276,209,180,11,Daily,5,31.9,7,328174.0031,
4472,60,Rural,High,131,17765.3,63033.7,6410.3,2327255.1,213,163,360,49,Monthly,11,44.7,5,241509.509,
4473,38,Suburban,High,634,6702,16270.9,1680.4,4249054.8,303,274,2471,35,Weekly,0,61.7,2,433626.9124,
4474,60,Rural,Low,356,10156.3,12281.9,4193.7,3615655.9,20,140,609,37,Weekly,4,31.2,3,367465.8557,
4475,60,Suburban,Low,944,15594,74725.4,7230.8,14720760.6,247,169,329,42,Weekly,17,54.4,8,1482779.731,
4476,49,Suburban,Low,839,5296.4,17397.4,1739.9,4443641.4,6,144,1249,29,Weekly,14,41.2,4,451714.3652,
4477,24,Suburban,High,150,7437.9,21650.9,1878.7,1115686.9,73,222,4258,9,Monthly,3,65.4,10,130680.0733,
4478,39,Suburban,Middle,526,16624.8,73756.8,6288.1,8744645.6,107,269,1855,18,Monthly,2,33.3,9,887169.1738,
4479,23,Rural,High,304,15404,73122.3,2662.8,4682819.7,93,76,812,17,Daily,3,22.2,6,475502.7084,
4480,22,Rural,Middle,541,19424.3,36542.7,9468,10508535.1,285,118,492,43,Daily,9,20.1,8,1063673.249,
4481,51,Suburban,High,50,19919.5,84470.3,7234.7,995976.1,356,98,1829,48,Daily,19,14.5,10,117521.1133,
4482,33,Suburban,Middle,464,4822.5,20854,612.6,2237632.3,219,33,470,19,Monthly,11,26.3,6,230638.2917,
4483,18,Rural,High,240,18010,21929.2,5617.3,4322398.9,49,338,1380,1,Daily,8,31.8,2,436240.0624,
4484,43,Urban,High,482,1899.4,7308.3,760,915493.9,364,67,4436,29,Monthly,3,10.6,10,112322.1343,
4485,21,Urban,Middle,906,14198.9,17775.2,2997.9,12864209,295,310,2202,50,Monthly,1,53.2,8,1302882.001,
4486,59,Urban,Middle,455,4409.8,14899.3,530.9,2006453,288,6,4855,43,Monthly,6,67.6,7,221123.2163,
4487,59,Rural,Middle,985,6013.2,22110.3,1777.9,5923021.7,177,292,3264,42,Daily,11,30.2,4,604683.1869,
4488,36,Rural,Middle,283,18927,46716.2,8203.9,5356329.8,299,241,2632,46,Weekly,11,66.7,6,549482.3277,
4489,43,Urban,Middle,335,5270.4,23838.8,1057.3,1765581.7,108,55,3330,42,Monthly,20,31.0,9,195791.8252,
4490,55,Urban,Middle,352,13466.8,56588.2,5209,4740322.6,284,71,3301,10,Daily,17,16.6,1,482369.0433,
4491,69,Suburban,Middle,668,3570.8,16796.4,939.5,2385287,301,94,4321,21,Daily,0,62.0,9,257339.1712,
4492,69,Rural,Middle,649,1876.9,4240.9,232.5,1218085.8,65,143,3293,41,Weekly,6,65.0,10,141456.3097,
4493,16,Rural,High,327,6792.9,7377.9,1505.2,2221293.8,306,22,1039,18,Monthly,18,46.3,4,229989.6476,
4494,51,Urban,Middle,336,12487.7,53020.8,2816.7,4195860.5,54,49,3868,2,Monthly,12,66.5,1,426304.1694,
4495,36,Urban,Middle,666,4966.4,9396,2293.8,3307638,307,136,1989,3,Daily,19,25.8,8,340913.5903,
4496,58,Rural,High,995,6010.4,17241.5,2961.3,5980322.4,299,231,2765,34,Monthly,4,23.6,8,612836.8332,
4497,50,Suburban,High,81,14177.5,60527.8,2607.3,1148378.2,320,100,2505,46,Weekly,18,61.7,9,131433.3154,
4498,28,Urban,Low,87,2064.9,3850.1,562.1,179645.6,30,293,2263,37,Monthly,6,20.9,10,34357.74993,
4499,64,Rural,Low,776,8943.6,20102,4388.5,6940259,246,200,611,8,Daily,19,62.5,1,695461.6024,
4500,69,Rural,Middle,258,18835.3,51916,4951.9,4859500.5,210,334,2583,7,Monthly,14,17.9,2,491415.3268,
4501,69,Suburban,Middle,991,7945.5,16584.6,1904.3,7873954.4,221,121,1798,33,Monthly,16,50.3,6,798512.1112,
4502,25,Suburban,Low,185,8689.7,24724.6,1250.9,1607590.5,170,227,4528,50,Monthly,20,59.1,5,178239.4404,
4503,68,Urban,Low,692,14766.7,15333.5,5926.1,10218559.2,343,239,4335,46,Monthly,1,62.6,3,1036153.856,
4504,59,Urban,Middle,698,15582.4,28808.1,4344.4,10876543.3,214,277,4071,30,Daily,6,69.5,3,1101180.669,
4505,62,Urban,Low,123,15394.4,66661.2,5472.2,1893515.1,322,101,4911,39,Daily,10,22.3,9,209655.6465,
4506,68,Rural,Middle,889,19957.4,52965.4,6065.9,17742094.7,69,187,101,18,Monthly,17,39.6,1,1777163.562,
4507,25,Urban,High,96,1438.3,5099.7,244.2,138077.5,234,159,664,36,Daily,19,68.9,4,21114.73707,
4508,61,Rural,High,605,19645.2,37898.7,3350.5,11885372.1,15,6,3114,31,Daily,1,1.7,7,1204672.476,
4509,28,Urban,Low,515,19004.3,68406.2,9044.2,9787209.6,134,170,1590,43,Daily,6,44.7,5,989067.6931,
4510,52,Suburban,High,904,17044.3,85219.5,7768.9,15408008,206,180,2368,43,Monthly,14,11.6,9,1556417.698,
4511,53,Suburban,High,443,9088,30727.8,3128.6,4025970.8,24,212,4508,27,Monthly,18,32.3,10,423291.5558,
4512,39,Rural,High,514,17419.3,61201.7,1750.6,8953539.9,85,164,927,40,Monthly,1,7.0,8,907065.0825,
4513,17,Suburban,High,991,4424.4,6398.1,1209.3,4384620,142,128,4036,17,Monthly,1,24.9,1,448394.6929,
4514,37,Rural,Middle,958,15835.2,41385.7,4943.3,15170121.7,140,296,4129,24,Weekly,1,50.1,8,1535271.665,
4515,32,Rural,Middle,371,3712.9,16496.1,1038.8,1377491,324,218,1850,9,Monthly,10,58.6,10,151657.474,
4516,51,Suburban,Low,305,16309.1,70733.9,7668.2,4974271.4,122,141,444,4,Monthly,5,40.9,10,507960.5318,
4517,29,Rural,High,357,12294.4,37984.8,1430.4,4389114.1,300,132,4275,14,Monthly,13,32.0,5,452284.7442,
4518,25,Suburban,High,148,1969.6,9087.6,713,291507.5,341,354,1854,24,Weekly,9,25.3,6,39268.38001,
4519,50,Urban,High,285,17907.4,28146,4038.7,5103619.8,179,251,1689,19,Monthly,0,65.4,1,516126.9391,
4520,40,Urban,Low,657,11563.4,42006.9,3744.1,7597130.4,208,101,716,50,Weekly,18,15.0,5,770924.5213,
4521,18,Suburban,Middle,842,13128.4,26198.2,4757.3,11054115.4,166,320,968,9,Weekly,10,49.6,4,1111693.41,
4522,62,Suburban,High,873,5677.4,20337.7,1568.8,4956340.2,41,98,4407,48,Monthly,12,11.0,9,517506.6734,
4523,53,Suburban,Middle,918,17434,23528.9,2778.1,16004406.2,122,336,4101,37,Monthly,11,64.9,4,1615643.087,
4524,32,Suburban,Low,262,10908.6,52082.2,3355.6,2858043.4,44,279,2595,40,Weekly,4,21.3,6,300444.4665,
4525,27,Urban,Middle,574,8428.2,34937.6,3988.1,4837783.6,75,186,637,27,Daily,18,27.4,10,496587.3628,
4526,69,Rural,High,491,10690.3,19283.6,3360.5,5248933.4,348,343,4553,48,Weekly,7,14.0,3,539659.3844,
4527,67,Rural,Middle,738,14069.2,49933.2,2098.8,10383090.6,272,143,1764,49,Weekly,11,67.3,9,1055486.192,
4528,39,Urban,Middle,31,13904,56124.7,5974.1,431024.2,166,345,2618,45,Monthly,4,64.0,8,58683.34674,
4529,44,Rural,Low,702,7158,13154.8,1350.7,5024892.3,250,349,3551,5,Monthly,11,34.6,9,517848.7095,
4530,58,Urban,Low,887,7711.3,10590.1,1913.1,6839934.6,86,356,2115,10,Daily,10,3.1,10,697572.2948,
4531,40,Rural,Low,268,11249.1,27078,3054.2,3014769.9,137,79,119,18,Weekly,4,65.2,6,307476.5737,
4532,51,Suburban,Low,12,18488.9,28528.7,4361.2,221866.8,333,357,847,15,Weekly,7,69.3,8,32619.86068,
4533,41,Suburban,Middle,191,14911.2,48652.8,3903.5,2848029.8,39,355,874,31,Daily,15,6.0,1,288265.3983,
4534,53,Suburban,Middle,400,7814.4,21071.2,3267.9,3125758.2,87,39,2994,1,Daily,19,44.2,1,319454.4816,
4535,16,Urban,Low,537,6747.3,19227.7,1277.6,3623290.5,155,303,3057,38,Weekly,2,68.9,10,380923.8883,
4536,35,Urban,Low,918,10477.5,33228.9,3019.3,9618342.4,160,37,3316,25,Weekly,5,50.5,4,974329.2268,
4537,43,Rural,High,91,17401.1,85756.4,1879.4,1583502.6,64,348,3651,20,Daily,4,37.7,1,167632.3942,
4538,31,Rural,High,600,183.5,765.3,55.6,110098.8,223,286,1864,37,Monthly,9,25.3,7,24315.72205,
4539,62,Rural,Low,844,14212.6,49998.4,2056.2,11995448.3,362,324,1320,14,Weekly,20,53.5,4,1205298.554,
4540,32,Urban,Middle,501,5897.3,14476.8,1255.5,2954547.3,346,7,1738,12,Weekly,11,71.1,1,300026.7755,
4541,55,Rural,Low,786,4175.9,4628,960.2,3282230.4,146,353,4020,6,Weekly,20,46.4,1,336118.1688,
4542,43,Suburban,Middle,301,252.6,370.4,33.6,76044.2,204,303,933,2,Weekly,14,36.8,6,13291.01262,
4543,27,Rural,Middle,111,17932.8,70359,4379.7,1990546,67,303,2675,14,Daily,2,12.9,6,210568.2648,
4544,42,Suburban,High,80,18245.8,45191.6,5459.6,1459667.8,5,210,3676,19,Daily,20,62.1,6,160198.0005,
4545,69,Urban,Low,836,1237.7,2893.5,337.2,1034746.2,59,79,2661,2,Daily,19,28.2,9,115564.1963,
4546,68,Suburban,Low,652,10441.1,47568.7,2215.3,6807589.6,76,355,1371,26,Daily,3,55.6,7,691031.7668,
4547,57,Suburban,Middle,433,3060,8990.3,666.9,1324964.2,260,357,274,14,Daily,6,25.7,7,139094.9842,
4548,62,Suburban,Low,417,15176.2,69784.7,5363.8,6328460.5,248,133,2677,2,Monthly,0,9.6,1,638406.9848,
4549,45,Urban,High,214,13311.2,60520,5156.2,2848591.6,16,176,3136,27,Monthly,7,48.5,8,300090.3452,
4550,56,Urban,High,447,5949.6,7857.8,1967,2659491.3,75,87,68,46,Monthly,16,39.7,6,276061.1029,
4551,49,Urban,Low,18,2348,11227,1151.7,42264.6,356,249,2774,0,Monthly,19,11.7,5,12609.90981,
4552,52,Urban,Low,54,16626.1,21743.9,7946.4,897809.5,176,217,4404,19,Daily,10,59.9,6,104156.2477,
4553,21,Rural,High,880,13488.3,65472.6,1880.1,11869710.2,322,351,2194,10,Daily,6,22.5,9,1200689.355,
4554,22,Urban,Low,609,146.3,411.3,29.9,89115.4,136,92,577,24,Monthly,10,32.4,4,16203.20865,
4555,47,Suburban,Middle,795,12561.2,50790.3,5619.3,9986119.7,277,207,4271,3,Daily,10,36.3,7,1013952.137,
4556,47,Urban,Low,746,16207.8,61988.1,1813.1,12091031.9,282,232,2248,18,Daily,20,18.5,3,1216817.112,
4557,68,Rural,Middle,979,11819.5,36332.8,3981.7,11571245,168,308,3407,27,Weekly,20,36.6,2,1167958.041,
4558,40,Rural,Low,240,8500,29561.6,4095.3,2040006.3,30,199,3198,9,Weekly,14,5.8,3,212700.1064,
4559,48,Rural,Low,846,11682.5,56072.3,4339.9,9883419,322,38,1174,20,Monthly,5,14.3,7,998814.4298,
4560,22,Suburban,High,921,12398,58387.4,1695.7,11418598.5,336,77,1184,35,Daily,18,20.6,6,1151435.765,
4561,67,Urban,Middle,418,12804.3,46317,5110.5,5352194.1,269,67,229,15,Weekly,12,26.5,3,539045.9169,
4562,27,Urban,High,856,19341.2,70225.6,4846.8,16556093.4,1,185,1945,32,Daily,15,18.7,4,1665455.287,
4563,31,Urban,Low,486,3581.2,7118.5,1678.2,1740448.3,171,275,3984,44,Weekly,11,34.4,1,186542.6643,
4564,31,Suburban,High,444,12465.6,53782.9,2674.2,5534740.4,129,90,1204,50,Monthly,18,47.8,7,567699.4491,
4565,58,Suburban,Low,566,3768,13302.5,1090.1,2132680.3,168,286,845,45,Daily,18,25.5,5,223223.943,
4566,68,Rural,Low,599,4207,18111.3,1677.1,2520013.9,61,348,3788,12,Daily,6,3.7,1,259841.4757,
4567,51,Rural,Low,773,13388.5,48619,2718.1,10349283.5,117,207,426,28,Weekly,17,46.0,4,1040197.815,
4568,28,Urban,Middle,748,18319.9,40254,3164.1,13703301.8,322,18,3153,3,Monthly,13,63.5,4,1380744.738,
4569,22,Suburban,Middle,123,3189.3,5606.5,322.4,392283.2,123,244,1427,41,Weekly,13,9.8,7,51188.82853,
4570,51,Suburban,Middle,420,19249.7,25176,5682.2,8084868.1,260,319,477,26,Monthly,15,14.1,6,817373.1592,
4571,62,Urban,High,566,6394.3,21382.3,3014.6,3619147.1,226,7,1954,7,Monthly,17,3.1,10,374465.6654,
4572,66,Urban,Low,216,7832.4,16731.5,1665.1,1691791.4,292,188,1056,40,Monthly,8,16.5,10,184436.109,
4573,24,Rural,High,420,3082.1,10855.2,361.7,1294473.5,352,88,4845,45,Daily,20,22.0,4,147351.2631,
4574,47,Rural,High,709,12320.6,15211.3,4289.7,8735279.7,186,116,2640,7,Weekly,3,33.4,5,882977.9222,
4575,26,Rural,Low,551,11932.4,29862.8,1461.3,6574777.6,85,63,2914,24,Daily,6,50.7,2,665470.9964,
4576,23,Urban,High,966,8851,18075.6,2679.8,8550039.1,218,344,3531,25,Daily,10,31.7,7,871111.9391,
4577,48,Urban,Low,877,9527.1,23639.9,2406.7,8355237.7,143,75,513,0,Daily,5,26.9,9,845495.2532,
4578,38,Rural,Low,228,12463.3,15169.5,3616.5,2841629.6,90,295,3489,42,Monthly,19,49.5,9,302131.3565,
4579,40,Rural,Low,237,11674.1,45490.7,1926.9,2766760.7,341,171,4427,47,Monthly,11,46.8,7,295485.4949,
4580,23,Suburban,Low,644,7491.5,10988.5,1019.5,4824542.1,268,232,1439,32,Monthly,11,31.1,7,493510.4695,
4581,60,Suburban,High,330,17683.4,18702.2,7066.2,5835537.4,76,248,532,18,Monthly,11,25.0,8,594268.1421,
4582,37,Rural,High,833,13356.5,63913.1,2648.2,11125992.7,69,363,2052,19,Monthly,13,28.0,5,1121377.132,
4583,19,Rural,High,469,4116.1,7291.6,1729.4,1930438,298,225,3926,17,Monthly,9,29.7,1,202547.9124,
4584,55,Suburban,Middle,680,6404.9,27619.3,2583.6,4355305.4,160,276,4399,25,Daily,1,7.4,10,454584.4942,
4585,18,Rural,High,487,15759.7,76558.7,2826.5,7674965.7,8,362,2911,38,Monthly,19,13.9,10,786956.2626,
4586,44,Suburban,High,549,2099.5,6584.9,972.7,1152604.8,219,192,3268,8,Weekly,11,47.6,10,130384.4646,
4587,56,Suburban,Middle,579,15007.1,46589.2,2468.9,8689132.7,310,167,1277,26,Monthly,16,67.1,3,875383.8288,
4588,44,Suburban,Low,623,7183.3,17740.3,3008.8,4475171.2,88,99,866,5,Daily,7,7.0,3,451363.4516,
4589,49,Urban,Low,415,11038.3,29829.7,2960.6,4580896.2,141,228,2885,19,Weekly,19,9.6,3,468605.1644,
4590,49,Urban,Low,219,5618.4,16452.2,973.1,1230420.1,29,314,2053,37,Daily,1,8.0,5,134126.9693,
4591,43,Rural,Middle,721,19729.3,31732.1,9376.2,14224801.4,13,326,4237,0,Daily,20,19.1,7,1436459.706,
4592,28,Suburban,High,381,18117.7,44550.6,8792.6,6902861.8,314,62,4470,37,Weekly,11,57.3,9,710110.4552,
4593,30,Urban,High,87,18569.7,79189.3,5655.4,1615565,63,129,1706,15,Monthly,12,60.3,4,168676.7045,
4594,38,Rural,High,461,3703.7,6405.8,1065.4,1707388.5,343,250,2156,3,Daily,0,64.3,8,182241.5103,
4595,59,Rural,High,815,16835.4,65984.8,7749.9,13720838.8,175,139,2257,2,Daily,17,56.7,10,1386286.176,
4596,41,Rural,Middle,411,10712.6,38633.3,3625.7,4402873.7,216,230,1225,21,Weekly,13,33.6,6,448539.948,
4597,19,Rural,High,691,14160.1,17405.5,2922.9,9784632.8,235,59,1433,8,Monthly,11,41.4,3,982815.3101,
4598,41,Rural,Low,916,4357.9,4748.9,1177,3991842.2,87,165,2049,7,Weekly,19,49.6,10,413452.3883,
4599,55,Suburban,Middle,525,14242.6,34326.2,6186.9,7477350.9,74,204,1821,6,Weekly,3,18.6,5,755400.453,
4600,24,Rural,Middle,447,18286.2,68914.9,8115.9,8173932.4,294,98,2790,11,Daily,13,39.7,8,831566.0628,
4601,20,Suburban,Low,300,5357,12437.1,2548.3,1607085.9,69,338,2813,0,Monthly,17,37.5,1,165181.5258,
4602,47,Urban,Low,408,4674.9,17161.1,1006.5,1907344.3,69,246,1134,11,Daily,3,55.4,3,196856.8948,
4603,35,Rural,High,637,2097.2,7679.8,780.1,1335946.2,223,137,1976,15,Monthly,7,17.6,8,144571.1292,
4604,65,Urban,Low,375,5343.5,22582.7,680.5,2003799.5,285,46,1256,13,Weekly,17,66.3,7,209664.7992,
4605,26,Suburban,Middle,233,10720.5,14986.6,4184.9,2497873.5,122,204,2234,29,Monthly,3,28.5,1,258098.073,
4606,30,Suburban,Middle,763,16656,55106.6,5417.9,12708527,263,193,3013,42,Daily,0,36.1,4,1282873.94,
4607,47,Urban,Middle,899,5583.2,6979,1116.1,5019312.3,221,327,4983,18,Monthly,5,24.8,5,516986.0853,
4608,43,Rural,High,638,12426.7,21172.4,4496.6,7928219.5,311,359,4306,18,Monthly,12,9.2,5,806490.6445,
4609,37,Rural,High,747,9597,22092.4,1478.6,7168972.5,164,42,2369,12,Daily,1,13.6,5,727147.6695,
4610,56,Urban,Low,650,5778.7,22129.8,1349.5,3756151.8,263,162,206,43,Daily,18,71.3,4,383485.1855,
4611,32,Urban,High,961,10212.1,49993.3,2658.9,9813807,92,224,3978,9,Daily,11,25.8,9,996950.6556,
4612,41,Urban,High,49,3367.6,7981.4,1383.6,165010.8,266,254,1113,46,Weekly,13,9.2,1,22739.68974,
4613,59,Rural,Middle,892,12795.2,39467.7,2859.9,11413278.6,336,284,4160,28,Daily,8,32.6,7,1159405.478,
4614,22,Rural,Middle,186,2322.1,4728.3,277.8,431910.2,74,218,1022,27,Weekly,9,10.7,1,48116.50149,
4615,57,Rural,Low,205,14622.3,54131.2,2519.4,2997571.6,314,100,2524,12,Monthly,6,44.7,3,307508.8062,
4616,41,Urban,Middle,78,3562.5,8786.3,1222.8,277873.2,90,61,1464,44,Monthly,8,2.7,10,44745.29993,
4617,40,Rural,High,481,19963.2,58420,2118.1,9602299.9,354,40,369,14,Daily,14,40.8,5,967122.2632,
4618,25,Suburban,Low,386,16475.2,53894.6,6868.4,6359433.1,296,182,2720,16,Weekly,19,49.8,8,650834.8434,
4619,60,Urban,Low,194,6883.4,25778,3169.4,1335373.3,129,59,2701,22,Weekly,14,6.7,7,146562.8835,
4620,34,Rural,Middle,103,8529.8,10578.8,2543.2,878572.8,49,223,4527,42,Weekly,10,11.5,7,107309.7904,
4621,26,Urban,Middle,617,5191.2,16713.7,1988.5,3202988,86,208,2286,9,Daily,17,56.0,5,329836.6025,
4622,28,Suburban,Middle,376,15344.6,41808.8,4374.3,5769577.1,144,170,4388,35,Daily,1,30.9,10,599083.614,
4623,68,Suburban,Low,287,7620.7,11698.3,1703.3,2187150.1,135,139,1841,48,Weekly,19,7.5,7,232351.9651,
4624,23,Urban,Middle,836,15106.2,27676.7,2506.8,12628748.4,115,203,4796,13,Monthly,18,62.2,10,1281849.945,
4625,55,Urban,High,482,377.8,1713.7,116.1,182122.3,277,254,324,31,Monthly,1,53.3,3,22886.64027,
4626,19,Suburban,Low,723,2721.1,12209.7,1284.2,1967328.5,66,166,4525,33,Daily,19,14.3,4,211453.6951,
4627,62,Urban,Middle,250,7305.8,8279.9,3331.4,1826459.2,187,57,4449,30,Daily,12,25.7,4,196610.7023,
4628,46,Suburban,High,805,2187.1,8218.2,1023.2,1760600.7,345,123,1678,38,Weekly,3,41.3,2,183773.0014,
4629,43,Suburban,High,201,12026.5,38686.4,5851.7,2417336.3,201,137,1519,31,Weekly,2,2.5,5,251642.5335,
4630,26,Rural,Middle,536,1026.1,4883.6,170.5,550007.6,138,250,4388,15,Weekly,14,35.8,9,73627.23227,
4631,58,Urban,High,461,17196.7,79655.3,2727.6,7927661.3,52,57,2842,25,Monthly,11,25.2,2,802816.6864,
4632,16,Urban,Low,300,15228.5,50532.1,4128.5,4568564.1,213,67,2671,16,Weekly,0,66.7,1,464068.8519,
4633,64,Rural,Low,478,4333,6741.3,1628,2071158.2,158,231,1280,21,Weekly,10,17.0,10,220066.758,
4634,62,Suburban,High,83,9681,27486.9,2670.8,803523,290,244,4476,35,Daily,16,29.3,8,98487.21439,
4635,67,Urban,Low,809,9041.7,35268.7,4131.6,7314770.4,350,286,224,34,Daily,7,12.5,5,739684.5098,
4636,53,Rural,Middle,458,14500,69700.9,5610.9,6641020,206,121,902,22,Weekly,13,10.1,4,670431.3768,
4637,39,Rural,High,691,8036.2,19731.3,2841.5,5552988.6,342,54,4766,24,Daily,4,20.9,3,569035.2462,
4638,69,Urban,Low,298,668.4,2766.2,85.8,199176.2,321,288,606,4,Weekly,14,59.0,7,26960.75174,
4639,62,Rural,Middle,364,5482,20466.2,932.7,1995440.7,316,278,4538,5,Weekly,1,27.8,7,216116.0108,
4640,46,Suburban,Middle,718,9329.3,12250.9,2530.7,6698404.5,136,365,4277,25,Weekly,6,14.2,9,689587.8149,
4641,56,Rural,Low,40,19490.1,62990.2,9560.9,779604,75,66,3571,37,Daily,12,2.2,4,92259.84479,
4642,61,Suburban,High,816,17624.4,30561.3,4119.9,14381479.2,69,270,441,5,Weekly,19,39.9,3,1440296.291,
4643,65,Suburban,Middle,625,3636.3,13578.7,1279.9,2272693,301,13,2655,18,Daily,10,36.1,6,240277.982,
4644,41,Urban,Middle,340,14468.3,49775.8,7169.9,4919217.3,49,343,4362,42,Monthly,13,16.0,6,509421.6411,
4645,64,Rural,Middle,516,18737.1,91665.7,3852.5,9668364.9,202,124,3606,18,Monthly,9,26.8,5,978526.8879,
4646,65,Suburban,Middle,998,185.8,880.8,31,185392.8,62,77,2977,45,Daily,3,21.5,2,29363.1058,
4647,20,Suburban,High,108,14421.7,14962.4,4593.8,1557544,167,339,800,46,Monthly,19,51.5,2,162743.3931,
4648,35,Rural,Low,316,9192.1,12134.6,2948.4,2904696.2,205,24,2512,30,Monthly,14,27.1,5,302528.6404,
4649,67,Suburban,Low,114,13607.9,55473.2,6378.8,1551303.1,149,35,992,36,Monthly,2,34.3,3,162153.8179,
4650,56,Rural,Low,167,12115.7,45344,1339.7,2023326.8,121,324,2179,22,Weekly,10,71.2,3,210689.7211,
4651,26,Urban,Middle,261,19693.5,82787,5178.4,5139993.9,309,74,924,11,Monthly,19,64.6,10,525183.8606,
4652,69,Suburban,High,618,5783.4,11955.8,1300.9,3574153.5,97,290,2025,12,Weekly,17,47.7,8,369120.9178,
4653,48,Suburban,Low,224,15725,69147.4,5164.4,3522399.6,53,290,1774,21,Daily,16,35.3,1,357469.4382,
4654,65,Rural,High,262,4700.5,13018.7,487.6,1231518.3,9,19,4970,49,Daily,20,26.0,5,140599.7999,
4655,53,Rural,Low,251,8717.8,17850.9,3351.3,2188168.7,331,259,2150,2,Monthly,13,68.0,5,226227.6373,
4656,42,Rural,Middle,526,19507.9,20335.6,5735.2,10261136.3,251,116,4777,11,Weekly,14,65.8,9,1044245.484,
4657,49,Rural,Low,710,15325.1,68739.9,5827.7,10880795.8,360,292,3026,36,Daily,17,12.7,1,1097384.958,
4658,30,Suburban,Middle,126,6323.3,19863.8,1765,796731.6,349,260,3256,30,Daily,2,18.9,1,88375.30374,
4659,47,Urban,Middle,206,12391.2,60735.8,3589.4,2552585.5,124,154,2113,12,Weekly,12,28.7,3,261674.7657,
4660,36,Urban,Low,140,1003.3,3871.6,459.8,140468.3,122,203,2182,22,Monthly,2,33.5,6,25872.73377,
4661,61,Urban,High,62,5335.2,7051.4,983.6,330784.5,199,131,4152,12,Daily,6,39.5,9,49915.08522,
4662,20,Urban,Middle,283,14370.6,48181.3,2687.2,4066887.1,317,128,789,5,Monthly,18,3.7,10,418428.8265,
4663,21,Rural,High,54,11406.2,12187.5,3693.2,615933.2,95,265,693,47,Monthly,17,5.8,7,73603.19215,
4664,53,Suburban,Low,346,9398.8,30368.6,3422,3251971.1,30,302,1683,2,Weekly,16,34.3,10,336417.0162,
4665,37,Suburban,Middle,524,13820.6,33180.6,3342.9,7242000.9,92,270,3907,6,Monthly,8,66.2,9,740798.3435,
4666,33,Suburban,High,136,7975.2,28496.8,2454.8,1084626.3,84,3,2946,9,Daily,13,53.7,2,116869.0404,
4667,29,Rural,Middle,330,532.9,1687.2,101.9,175844.2,15,258,4561,30,Weekly,7,39.6,5,34341.05922,
4668,25,Suburban,Low,144,8826.1,18053,1362.4,1270961.6,143,342,1023,3,Monthly,13,3.0,1,129457.8383,
4669,61,Rural,Middle,436,18043.6,29761.1,3524,7866993.3,309,100,1465,43,Weekly,4,5.8,8,801366.3866,
4670,28,Suburban,Low,282,17133.7,44870.6,7993.7,4831713.7,209,53,26,5,Weekly,19,45.7,3,485656.0649,
4671,46,Urban,High,136,8185.9,40498.2,3444,1113276.1,23,166,771,17,Weekly,13,14.6,7,119772.3966,
4672,45,Rural,Middle,489,454.2,1245.8,70.9,222107,326,149,4314,6,Monthly,11,41.9,1,30218.30337,
4673,18,Suburban,High,813,12729.8,50857.4,1510.1,10349313.1,365,163,3803,33,Weekly,7,33.2,6,1051561.891,
4674,45,Urban,Low,733,14826.5,18205.3,2035.3,10867807.4,144,83,1877,22,Monthly,0,14.1,9,1099813.715,
4675,21,Urban,Low,852,5891.9,14820.9,1280.7,5019923.6,87,22,1193,7,Weekly,15,34.1,5,509819.6574,
4676,44,Urban,High,721,9538.5,31680.2,4049.5,6877268.1,193,20,1436,49,Monthly,7,64.0,7,701550.227,
4677,23,Rural,High,915,19837.2,79443.8,4533.8,18151053.9,173,356,1615,23,Weekly,4,17.0,7,1825144.016,
4678,59,Rural,Low,401,11531.1,35902.5,2009.4,4623969.8,263,211,2466,27,Monthly,2,68.9,8,477857.2885,
4679,60,Suburban,High,871,7028,21513.9,1815.6,6121377,295,324,3858,44,Daily,12,17.3,5,629196.4968,
4680,58,Urban,Low,892,12553.5,50912.3,1878.3,11197724.4,360,352,3187,2,Daily,4,33.4,4,1129512.314,
4681,59,Suburban,High,449,3608.6,8130.8,1039.6,1620282,50,8,1998,12,Weekly,2,52.3,1,165846.3995,
4682,48,Suburban,Low,635,3993.1,5440.3,1478.3,2535589.9,48,307,3016,38,Daily,13,56.0,8,271340.8928,
4683,32,Urban,Low,628,18499.2,44187.3,4579.3,11617525.9,49,154,2508,32,Monthly,5,23.0,6,1175411.81,
4684,63,Suburban,Middle,669,4791.6,7839,811.9,3205586.3,168,51,1002,49,Daily,20,2.2,1,326954.7243,
4685,26,Rural,Low,270,6222.7,30265.7,1750.3,1680123.5,167,246,148,15,Monthly,6,45.4,5,174223.9683,
4686,28,Suburban,Low,17,10880.1,36013.7,4406.4,184961.8,82,154,1901,10,Monthly,5,23.9,10,33163.66298,
4687,65,Urban,Middle,269,17994.9,50140.9,2350.8,4840616.1,63,246,2240,28,Daily,13,38.0,2,493210.5006,
4688,26,Rural,Middle,861,15631.2,72656.9,2006.6,13458431.6,228,303,3304,24,Daily,3,5.6,6,1359453.262,
4689,46,Rural,High,482,885.2,4073.4,201.2,426686,214,43,1740,16,Monthly,19,28.8,1,47343.8609,
4690,43,Suburban,High,219,13863.7,36916,3688,3036142.2,130,163,4257,36,Daily,18,45.8,4,317962.0369,
4691,59,Suburban,Low,319,10086.2,45376.9,1882,3217494.3,154,147,3023,5,Daily,9,6.9,3,330966.0775,
4692,21,Rural,High,238,9516.3,11953.5,1054.1,2264879.7,242,336,4648,45,Weekly,12,34.6,6,245034.342,
4693,56,Suburban,High,545,13834.3,62847.3,2598.4,7539667.2,96,156,4416,13,Monthly,11,32.0,7,769596.3476,
4694,31,Urban,Low,285,3932.7,8818.4,1078.1,1120813.4,232,3,379,18,Weekly,13,23.2,5,119083.4006,
4695,19,Suburban,Middle,37,19630,64003.3,2586.7,726308.5,238,146,2810,36,Monthly,12,71.0,8,88482.48935,
4696,50,Suburban,Middle,103,12909.7,26836,4987.7,1329696.8,18,269,1813,49,Daily,18,70.2,3,142725.0828,
4697,63,Rural,Low,723,7319.5,36152.3,2348.4,5291974.6,344,244,700,42,Monthly,8,35.8,3,535320.3575,
4698,41,Suburban,Low,430,12008,15455.8,3287.5,5163458.1,324,296,1149,11,Daily,15,14.4,2,520252.7552,
4699,27,Suburban,Low,792,4337.3,12091.5,1333.6,3435104,246,295,580,18,Weekly,8,34.1,9,353317.4255,
4700,26,Suburban,Low,654,12680.5,44178.3,4594.4,8293046.3,60,314,1545,20,Monthly,5,61.2,4,836310.4448,
4701,52,Urban,Low,239,574.1,1987.7,285.8,137200.5,130,57,4034,28,Weekly,13,25.5,2,24237.38213,
4702,40,Suburban,Low,741,6830.2,27013.8,2800.7,5061197.8,350,280,1269,27,Monthly,6,25.2,7,516550.1379,
4703,33,Urban,High,645,14952.9,58281.2,4727.3,9644596.5,49,119,411,16,Weekly,18,58.4,8,974348.8974,
4704,34,Urban,High,125,16161.5,67434.9,6597.3,2020184.7,166,22,1796,48,Daily,2,45.6,3,212665.2372,
4705,38,Urban,High,565,5065.9,9813.3,1469.6,2862210.4,168,51,2603,1,Monthly,14,29.8,9,298565.3252,
4706,53,Urban,Middle,600,10792.8,26788,2421.5,6475677.1,253,212,4444,5,Weekly,11,37.8,4,659653.651,
4707,69,Rural,Low,610,10574.6,26733.9,2165.5,6450489.4,336,216,1820,24,Daily,0,43.2,7,657460.6731,
4708,33,Urban,Low,882,8434.9,40684.6,2191.3,7439587.4,309,76,1485,18,Daily,10,12.4,9,756087.0657,
4709,41,Suburban,High,607,4576.4,12069,461.8,2777859.8,64,204,1315,5,Monthly,2,34.9,7,285649.6425,
4710,21,Urban,Middle,926,14067.5,26552.1,2402.5,13026535,33,166,3362,0,Monthly,16,38.1,5,1313483.274,
4711,19,Suburban,High,188,5054.7,17840,761.3,950285.5,58,61,4464,45,Monthly,12,71.7,10,116965.9362,
4712,59,Urban,Low,888,18221.4,49363,8821.7,16180607.2,306,305,1295,33,Weekly,7,18.9,1,1623496.967,
4713,66,Rural,Low,256,10574.7,21152.9,1331.8,2707133.6,64,279,2191,20,Daily,12,18.6,2,278777.928,
4714,44,Urban,High,585,17410.9,67215.4,5230,10185354.2,125,260,1576,20,Daily,7,55.0,7,1030461.812,
4715,49,Urban,High,987,5821.9,10291.5,2724,5746261.7,61,76,4615,43,Monthly,7,24.8,5,590932.6009,
4716,32,Rural,Low,924,16143.5,57041.7,5537.4,14916605.4,249,209,1333,48,Daily,12,5.0,9,1505792.697,
4717,58,Urban,High,874,2282.1,6212.3,680.3,1994586,138,37,2423,26,Daily,11,69.0,3,207644,
4718,58,Suburban,Low,794,15338.9,34921.7,6092.6,12179117.2,66,93,2824,22,Monthly,4,4.0,9,1233768.083,
4719,68,Urban,High,530,7745,37051.8,1869.3,4104875.2,179,134,3045,35,Daily,12,66.3,10,429358.4694,
4720,31,Urban,Middle,676,9405.1,21609.4,1669.3,6357848.9,286,239,3265,35,Daily,11,58.7,6,649459.4561,
4721,17,Urban,Low,392,3344.5,7993.4,1467.9,1311035.5,281,136,510,31,Monthly,18,44.4,10,143016.5447,
4722,49,Rural,Middle,658,382.4,1714,46.9,251597.8,171,223,2368,38,Weekly,9,63.6,10,41646.23773,
4723,23,Urban,High,468,13327.3,20206.5,5639,6237170.7,243,148,1499,44,Monthly,14,14.9,3,633279.6106,
4724,28,Urban,Middle,826,11758.5,16841.4,1662,9712511.5,120,252,855,16,Daily,1,14.3,1,973964.2923,
4725,57,Suburban,High,253,12452.3,26533.8,4361.1,3150441.7,344,79,1950,13,Monthly,5,32.5,10,328368.1199,
4726,23,Urban,Middle,672,5107.5,17194.6,1485.4,3432230,192,244,4027,21,Monthly,15,71.8,9,360936.6159,
4727,45,Urban,Middle,861,4793.2,12161.2,2393.8,4126907.7,187,318,3316,16,Daily,0,1.7,3,422417.7624,
4728,47,Urban,Middle,561,16607.6,57034.2,4237.7,9316876.7,227,120,586,28,Daily,1,11.1,2,935767.9456,
4729,51,Urban,Low,176,15227.4,24957.8,7353.6,2680029.9,266,309,361,47,Weekly,14,52.0,1,272507.9185,
4730,62,Suburban,Middle,466,6742.4,13793.7,1763.2,3141974.4,192,122,1672,47,Weekly,15,19.3,4,325641.5721,
4731,45,Suburban,High,839,12759.7,41605,4755.3,10705418.7,240,212,4811,37,Daily,7,40.4,7,1089887.186,
4732,16,Rural,High,577,16564.7,30952.8,5921.3,9557842.6,94,284,1006,25,Weekly,13,51.7,3,961343.3012,
4733,58,Urban,Low,988,17777.7,47843.7,2392.5,17564368.1,126,254,4668,30,Weekly,9,60.7,10,1778119.196,
4734,54,Rural,Low,289,126.1,414.8,50.1,36433.4,99,18,4047,33,Monthly,14,40.5,6,18748.35588,
4735,32,Rural,High,50,16271.1,79640.6,2985.2,813555.7,344,263,3333,26,Monthly,2,8.2,3,91524.33301,
4736,35,Urban,Middle,4,7014.3,9255.8,1791.3,28057.4,243,277,4396,16,Weekly,5,50.3,9,19959.09659,
4737,39,Suburban,High,631,14370.4,40835.7,5933.2,9067711,20,41,2596,22,Monthly,1,36.6,7,920419.8489,
4738,65,Suburban,Low,852,7434.3,19218.3,3551.6,6334034.9,117,364,1881,33,Monthly,8,50.3,6,646202.6988,
4739,37,Urban,Low,885,12128.9,52117.5,3928.8,10734093.5,359,31,3272,17,Daily,6,5.1,4,1085401.877,
4740,44,Urban,High,500,12939.2,59535.6,3982.1,6469590.5,99,298,4709,20,Weekly,18,1.3,4,660987.2799,
4741,37,Suburban,Middle,676,8105.8,37514.1,2447.7,5479524.5,330,315,4066,19,Weekly,5,65.4,4,561220.4751,
4742,59,Urban,Middle,223,10260.6,25657.2,4377.4,2288109.1,155,118,3992,31,Daily,0,41.4,5,244236.1023,
4743,24,Urban,Low,870,14529,32234.3,7224.5,12640233.7,307,360,2609,11,Daily,13,13.7,1,1270785.361,
4744,52,Urban,High,668,9531.3,26654.9,3368.7,6366936.7,185,234,4603,3,Daily,20,51.0,7,651794.423,
4745,25,Suburban,High,899,289.5,687.8,72.8,260233.4,335,43,890,8,Monthly,7,51.2,9,36233.10565,
4746,51,Rural,Low,262,268,1038.4,50.2,70204.2,3,228,2846,10,Daily,7,66.0,6,18656.63663,
4747,52,Rural,High,685,13229.6,24531.4,2375.1,9062278.7,157,134,1695,48,Daily,5,55.5,2,916071.7665,
4748,43,Urban,Low,535,16946.3,61595.3,7498.1,9066258.9,175,333,4978,29,Daily,14,60.5,7,924159.906,
4749,43,Suburban,Middle,903,15707.6,73950.7,7805.8,14183979.1,336,157,815,44,Daily,18,60.3,3,1426358.067,
4750,57,Urban,Middle,376,6214.9,13173.4,2356.7,2336803.2,69,206,498,25,Monthly,19,21.9,6,242867.2108,
4751,58,Suburban,High,61,9427.8,34954.3,4547.3,575098.6,21,89,1680,31,Weekly,16,38.1,9,72877.16582,
4752,36,Urban,Middle,356,4690.9,7384.6,1125.8,1669950.9,298,99,3260,27,Daily,5,3.5,10,185833.6025,
4753,39,Suburban,Middle,833,19783.1,29388.5,6944.6,16479327.9,118,37,1336,50,Daily,6,4.0,8,1662861.974,
4754,57,Suburban,Low,646,5217.5,7631,1589.6,3370520.5,277,199,4549,39,Weekly,9,63.6,6,354474.8115,
4755,55,Rural,Low,24,8331.1,12947.4,2439.4,199945.7,130,356,248,36,Weekly,8,4.6,10,31663.227,
4756,17,Urban,High,293,13625.8,25407.4,4809.2,3992349.9,206,55,1696,41,Daily,4,40.0,5,411046.8255,
4757,23,Rural,Low,557,17521.6,56968.3,3927.2,9759527.4,197,105,658,46,Daily,1,66.9,4,983894.2315,
4758,63,Rural,High,691,1039,4226.6,370.1,717948.3,135,243,4770,50,Weekly,12,15.6,8,92056.35984,
4759,42,Suburban,High,356,6027.4,9085.8,2225,2145748.5,203,74,688,40,Daily,10,32.4,6,224971.9149,
4760,37,Urban,Low,984,11384,51001.1,4945.7,11201882.7,35,314,2277,15,Monthly,10,47.0,8,1133609.083,
4761,52,Suburban,Middle,870,12370.1,54067.9,4851.5,10761968.3,30,104,1699,47,Daily,14,40.9,9,1092067.162,
4762,42,Suburban,Middle,941,1409.8,5511.9,321.3,1326667.4,311,221,223,7,Daily,13,26.8,4,135570.9632,
4763,44,Suburban,Middle,575,13284.9,35920.6,3724,7638837,257,16,1759,2,Monthly,20,56.9,10,777574.2486,
4764,18,Urban,Middle,29,10566,10631.8,1565.4,306414.2,182,29,3815,2,Weekly,10,30.1,2,39254.84065,
4765,59,Urban,High,357,16554.3,65208.3,3359.2,5909874.9,208,264,53,9,Weekly,12,28.4,7,597099.4977,
4766,28,Suburban,Middle,365,4451.6,20103,1372.8,1624820,129,356,699,11,Weekly,17,2.5,8,171477.1735,
4767,60,Urban,High,608,3908.6,9150.6,548.4,2376422.4,63,183,585,14,Daily,6,62.4,4,242968.8889,
4768,25,Suburban,Low,409,15868.8,61443.2,5208.8,6490343.7,342,52,3371,46,Weekly,16,72.0,2,660992.3396,
4769,51,Urban,Low,266,14080.3,17575,3606.1,3745371.5,77,347,4384,26,Monthly,10,53.8,9,393357.0683,
4770,24,Urban,High,291,15835.6,60776.5,1803.8,4608145.2,15,333,1451,50,Monthly,5,69.9,3,470011.331,
4771,69,Rural,Middle,567,15640.9,19914.5,4282.1,8868369.6,325,106,310,45,Daily,13,36.2,3,894066.4953,
4772,42,Suburban,High,153,2089,6995.4,443.8,319612.9,59,25,2505,10,Weekly,5,42.3,9,45677.85833,
4773,49,Rural,Middle,219,5578.9,18913.6,707.4,1221773.7,151,92,1122,5,Weekly,13,63.8,8,132237.4395,
4774,66,Rural,Middle,173,5209.1,11505,1132.2,901174.6,108,329,341,11,Monthly,18,38.2,4,93439.48724,
4775,16,Suburban,High,608,18692.4,24608.4,4068.2,11364979.1,107,26,4658,17,Weekly,2,6.1,10,1157045.685,
4776,47,Suburban,High,635,9754.5,46795.4,2360.9,6194080.1,139,90,982,24,Monthly,16,53.4,4,627395.3647,
4777,40,Urban,Middle,12,2230,7007.5,549.9,26760.4,280,175,3718,33,Daily,19,10.9,1,13739.98281,
4778,44,Suburban,High,516,5798.7,19245.9,1576.7,2992109.8,72,342,3796,25,Monthly,6,25.4,1,308002.8411,
4779,22,Rural,Middle,362,17439.3,60341.5,2385.4,6313031.7,111,30,1408,23,Weekly,16,61.0,9,643772.025,
4780,64,Rural,High,858,16942.9,77330.4,1730.1,14536971.2,226,14,456,15,Monthly,9,20.7,1,1455969.303,
4781,18,Suburban,Low,579,18007.8,22348.1,7102.3,10426508.3,106,130,1649,35,Weekly,17,67.4,2,1049135.337,
4782,35,Rural,Middle,657,7776.7,35564,1827,5109285.4,159,131,1710,35,Daily,17,58.9,7,522598.176,
4783,35,Urban,Low,969,12830.4,25131,4432.2,12432663.2,150,6,1582,20,Monthly,20,69.7,2,1249426.343,
4784,68,Rural,High,477,5570.7,7307.6,1241.2,2657222.3,14,211,364,29,Daily,12,8.4,4,271941.1282,
4785,45,Urban,Low,577,3624.7,13154.3,1789.4,2091451,5,149,1168,48,Daily,7,21.9,10,224017.661,
4786,50,Rural,High,82,447.8,2197.8,101.3,36719.8,127,276,144,19,Monthly,4,57.2,2,7061.483908,
4787,50,Urban,Middle,617,4476.6,5501.6,1531.1,2762052.7,273,149,1066,41,Monthly,0,48.8,3,284418.4258,
4788,64,Urban,High,693,12091.4,32701.1,2273.1,8379367.2,338,40,971,49,Monthly,16,55.2,6,848796.186,
4789,54,Suburban,High,340,18085.2,56410.1,5554.3,6148955.8,211,196,1576,18,Daily,4,62.9,7,625100.9846,
4790,42,Urban,Middle,441,2677.1,5376.8,888.1,1180590.9,327,124,4224,10,Monthly,15,20.3,2,129385.4635,
4791,41,Suburban,High,617,18361.1,90547.3,3178.8,11328768.5,346,71,4153,13,Weekly,17,70.0,9,1151189.412,
4792,29,Rural,Middle,226,6914.3,24641.4,1033.4,1562620.7,217,199,4149,35,Weekly,2,54.9,2,167944.4094,
4793,32,Rural,High,371,8542.3,37393.1,4180.9,3169193.3,79,33,1247,15,Weekly,17,68.3,4,324838.9783,
4794,33,Rural,Middle,28,7305.9,19456.5,3341,204565.8,93,307,3786,2,Weekly,8,8.7,5,30928.75585,
4795,60,Urban,Low,995,8178.1,19756.8,2977,8137186.3,238,90,132,21,Daily,20,40.6,8,823403.2515,
4796,67,Rural,High,16,5191.3,16677.6,2307.1,83060.3,234,90,3645,42,Daily,13,59.0,4,22300.08573,
4797,44,Rural,High,277,13975.1,38307.4,1931.7,3871104.8,177,335,1266,4,Daily,16,7.3,1,389631.0261,
4798,35,Suburban,High,333,15166.1,58537.9,5941.3,5050304.8,255,276,209,1,Weekly,18,35.5,7,511557.8421,
4799,68,Suburban,Middle,483,16464,33969.8,3527.3,7952124.9,321,275,4337,11,Daily,14,57.6,9,813907.8967,
4800,42,Rural,High,810,6832.4,19119.5,2157.6,5534226.8,132,199,3281,44,Daily,7,4.5,5,568903.5023,
4801,33,Rural,Middle,566,15294.9,70058.7,6208.6,8656908.6,265,56,3315,1,Weekly,3,51.9,2,872883.4281,
4802,19,Urban,High,288,12757.1,51340.2,1446.6,3674053.6,292,237,813,36,Monthly,14,69.8,9,380515.4235,
4803,16,Urban,Low,114,19158.7,32038.8,7240.8,2184096.7,179,1,3520,18,Daily,16,5.0,3,229215.0728,
4804,65,Rural,High,38,8501.5,38660,2328.9,323055.3,344,167,3449,23,Daily,10,66.2,2,43259.27358,
4805,16,Suburban,Low,454,19846.3,66605.4,5475,9010207.2,146,37,2131,4,Monthly,11,30.8,4,908814.9057,
4806,41,Rural,Middle,882,14810.5,55052.7,6855.9,13062840.4,143,274,1448,25,Daily,13,2.7,4,1314363.965,
4807,60,Urban,Low,742,15527.8,33804.4,6892.7,11521621.9,20,79,1695,27,Weekly,6,25.7,10,1168057.958,
4808,35,Suburban,High,166,523.8,1449,64.4,86957.5,58,242,1509,34,Monthly,2,22.6,5,19947.00717,
4809,67,Suburban,High,694,9953,42073.8,3456.9,6907377.2,296,134,1958,18,Daily,10,18.7,1,696224.8337,
4810,38,Urban,Middle,956,10571.5,24554.4,2900.2,10106307,66,252,2136,30,Daily,1,59.8,10,1026499.574,
4811,25,Rural,High,205,821.6,1364.1,120.9,168427.2,345,357,3055,18,Daily,16,33.1,1,25108.615,
4812,26,Rural,High,878,6249.5,15706.4,2752.4,5487063.8,13,22,4274,42,Daily,9,22.9,10,570639.9614,
4813,56,Rural,Middle,245,19113.3,24405.3,2458.1,4682765.2,62,267,1228,43,Weekly,0,23.0,7,480040.3396,
4814,56,Urban,Middle,871,8528,33015.4,962.3,7427859.8,46,218,1554,18,Monthly,12,71.4,5,750520.889,
4815,20,Suburban,Low,333,3742.2,5953.7,669.9,1246143.5,93,72,2562,19,Weekly,13,44.9,10,140825.2782,
4816,16,Urban,Middle,943,10271.6,21986.5,2273.6,9686157.2,223,9,4211,41,Weekly,16,4.0,6,986248.4366,
4817,32,Rural,High,396,685,3099,85.2,271249.7,23,135,3418,16,Daily,9,64.0,7,40485.1496,
4818,37,Urban,Middle,821,10324.6,32646.3,3681,8476508.2,357,195,2448,11,Daily,19,52.6,1,852212.2324,
4819,49,Suburban,High,507,11889.4,27171.5,3267.9,6027937.7,67,302,4394,34,Daily,14,16.0,5,619180.2853,
4820,60,Urban,Low,929,7160.3,22846.2,1896.6,6651928.3,114,58,4764,25,Monthly,20,9.1,8,683249.0111,
4821,56,Rural,Middle,924,15253.9,28572.2,2412.2,14094601.9,206,284,4605,7,Weekly,16,27.8,3,1421170.963,
4822,44,Suburban,High,121,2722.9,2997.1,749.1,329473.9,66,287,3179,39,Weekly,12,15.8,2,44546.06512,
4823,19,Urban,Middle,259,17564.9,59982.9,4497.8,4549305.6,50,308,3883,24,Weekly,7,50.8,2,465392.0938,
4824,20,Urban,Middle,722,19109.3,73695.3,4843.4,13796946.2,141,251,1007,24,Monthly,6,13.4,4,1386952.243,
4825,26,Suburban,Middle,410,34.7,156.7,6.5,14218,258,91,539,44,Daily,16,38.2,7,13229.39792,
4826,66,Suburban,Middle,310,16856,68899.5,2322.3,5225361.9,34,204,211,21,Daily,4,46.2,2,526790.1114,
4827,36,Rural,Low,808,10127,47665.1,2068.8,8182649.9,296,8,4070,12,Monthly,3,48.5,6,831437.6016,
4828,50,Suburban,High,706,9233.5,45648.7,3387.8,6518850,253,108,3893,41,Monthly,16,55.4,7,668574.3331,
4829,27,Rural,Middle,68,4781.2,19027.9,617.6,325121.3,69,233,1393,14,Daily,3,36.7,9,45510.72397,
4830,41,Urban,High,114,8952,40030.7,2264.2,1020531.1,189,342,2779,22,Weekly,19,16.0,7,115152.6259,
4831,66,Rural,Low,220,19009,70237,5812,4181988.5,153,274,2576,27,Daily,19,25.1,1,426644.4083,
4832,34,Urban,High,220,4223.6,7111.6,2049.6,929201.9,203,120,1263,47,Monthly,20,28.0,8,106530.3855,
4833,60,Suburban,High,473,3589,6197.6,1570.3,1697613.3,77,305,3473,12,Monthly,10,49.8,3,178638.2821,
4834,22,Urban,Low,730,4845.5,6982.6,2261.1,3537220.2,191,11,1012,31,Daily,9,45.4,7,365195.4829,
4835,62,Suburban,Middle,749,11041.2,52687.3,4725.6,8269833,28,183,795,10,Weekly,2,36.1,6,834703.4762,
4836,22,Urban,High,943,18606.7,68677.4,6245.3,17546111.8,213,309,1203,43,Monthly,15,34.6,3,1762329.354,
4837,41,Urban,High,386,11481.9,47760.5,5101.6,4432010.7,56,179,3343,13,Monthly,12,5.3,2,451348.6353,
4838,55,Urban,Middle,298,4877.2,11337.7,1590.5,1453410,112,206,4180,34,Monthly,6,50.0,4,160079.3601,
4839,20,Urban,Middle,930,8814.6,25048.5,2142.8,8197616.9,243,92,3372,46,Daily,10,58.1,1,829984.3156,
4840,36,Rural,High,606,7814.1,9057.5,1945.2,4735343.8,154,227,420,42,Daily,18,64.1,10,486272.9135,
4841,29,Urban,Low,253,940.9,4286.9,306.9,238053.7,155,6,2257,34,Monthly,20,2.5,10,40587.76058,
4842,19,Rural,Middle,405,10217.7,45080.8,4330,4138180.9,282,356,61,49,Daily,1,63.1,7,425741.4584,
4843,38,Suburban,Middle,492,2528.9,10467.6,388.1,1244202.9,271,12,4100,39,Weekly,9,63.2,3,138246.6894,
4844,57,Suburban,Low,357,16846.5,20775.2,1949.2,6014185.6,50,250,4591,22,Daily,10,48.1,2,612951.3588,
4845,35,Rural,High,428,10983.8,18639.4,4567.4,4701052.9,68,198,3178,39,Monthly,12,20.8,5,484811.2049,
4846,30,Suburban,Middle,215,16893.7,39475.2,6065.5,3632142,132,127,1546,12,Weekly,19,64.4,7,374257.6213,
4847,65,Suburban,High,993,19121.3,39241.8,8194,18987484,158,37,1750,5,Daily,0,25.7,1,1903035.36,
4848,67,Urban,High,380,18864.3,82132.3,9256.2,7168446.9,333,8,730,28,Monthly,17,42.3,1,722075.7222,
4849,60,Urban,High,770,2017.6,3590,404.6,1553538.4,265,165,178,41,Monthly,6,32.3,10,168021.1649,
4850,44,Urban,Low,859,18896.9,59118.9,3358.3,16232431.3,170,120,528,14,Weekly,6,63.9,8,1633333.96,
4851,23,Rural,High,752,15917,52295.6,3762.6,11969574,270,232,1410,4,Daily,1,19.3,5,1203368.276,
4852,56,Rural,High,827,15555.4,42000.3,7018.4,12864303.8,220,225,2599,32,Daily,7,24.5,8,1302242.013,
4853,63,Suburban,Middle,214,1811.7,3555.9,191.3,387697.3,40,233,335,39,Daily,10,30.0,3,43859.57246,
4854,34,Urban,Middle,98,3598.5,17421,375,352652.9,289,287,2635,1,Daily,16,61.7,2,41305.80075,
4855,63,Rural,Low,528,19503.5,51754.5,3641.6,10297856.4,79,226,4853,32,Weekly,14,23.6,7,1049588.296,
4856,54,Rural,Low,916,4275.3,16713.1,1070.4,3916146.8,239,145,1074,24,Monthly,11,21.5,6,400230.9837,
4857,61,Urban,Middle,666,3389.4,5884.6,748.8,2257324.5,60,250,4736,26,Monthly,19,57.5,4,240779.2207,
4858,43,Rural,Middle,528,7253.4,31126.2,3118.7,3829799.9,320,272,4816,47,Monthly,7,28.5,7,402793.6845,
4859,61,Urban,Low,710,18268,34043.6,6866.7,12970273.2,318,286,210,24,Daily,4,48.2,9,1306469.285,
4860,42,Suburban,High,620,9529.1,35269.4,4146.4,5908046.5,335,39,1667,4,Daily,7,63.2,9,602245.4804,
4861,19,Suburban,Low,535,18412.5,55715.8,4667.6,9850670.7,237,44,1454,50,Daily,12,17.0,3,993964.1262,
4862,30,Suburban,High,554,6693.4,10617.3,2264.5,3708161.5,76,37,4144,42,Daily,13,34.0,1,383547.163,
4863,50,Urban,Middle,549,4538.3,4991.2,1389.5,2491530.9,306,256,440,39,Monthly,13,35.6,4,256146.7856,
4864,52,Rural,Middle,328,9909.1,46800.6,2872.6,3250187.5,39,211,550,3,Monthly,0,41.3,10,336170.4397,
4865,16,Suburban,Middle,902,12313.4,18504.1,2650.3,11106671.5,199,92,451,13,Weekly,0,66.2,1,1111635.777,
4866,18,Suburban,High,165,7836.1,29932.2,3006.6,1292950.7,105,19,3216,16,Weekly,8,70.6,7,143827.7037,
4867,62,Suburban,Low,116,6927.1,25012.1,2144.7,803549.4,70,100,654,40,Daily,6,57.9,2,86908.11485,
4868,39,Rural,High,150,4369,10340.9,574.3,655350.8,282,147,4342,26,Weekly,8,3.1,8,82423.54684,
4869,42,Rural,Low,518,5507.4,9591.3,551.9,2852825.6,58,69,667,35,Monthly,1,9.3,5,294728.5223,
4870,55,Urban,Low,32,13465.6,23070.8,1456,430900.1,329,130,2437,33,Monthly,7,9.4,10,60627.98547,
4871,51,Suburban,Low,657,7403.8,24738.3,965.3,4864278.2,179,25,2000,9,Monthly,0,38.7,1,490877.3746,
4872,49,Rural,Middle,806,1604.3,5114.1,398.5,1293100.7,308,115,4376,50,Monthly,3,4.1,2,142610.3321,
4873,44,Urban,Low,913,2771.7,12483.1,616.1,2530586.1,222,90,3622,21,Daily,11,37.3,4,264674.0575,
4874,39,Suburban,Middle,293,7453.9,26535.8,1212.4,2183981,144,286,4240,40,Daily,3,54.4,3,233592.6221,
4875,39,Rural,Low,919,18490.8,79087,5661.5,16993048.5,304,273,2510,21,Weekly,18,22.4,5,1709554.555,
4876,57,Rural,Low,689,7586.8,8570.5,3702.9,5227315.5,27,341,4916,27,Daily,6,34.3,4,538198.01,
4877,19,Urban,Middle,957,1222.2,4502.7,200.8,1169679,161,212,1393,47,Weekly,20,7.9,2,123973.0794,
4878,18,Suburban,Middle,177,8365.7,16186.3,1675.1,1480729.8,151,111,1555,19,Monthly,0,5.9,9,160511.1897,
4879,49,Suburban,High,61,13379.7,26911.3,3811.1,816159.5,173,348,3414,48,Weekly,10,38.9,7,98914.05885,
4880,64,Rural,Low,589,11876,46106.2,4231.8,6994956.2,211,76,3389,1,Daily,3,1.9,5,709980.456,
4881,38,Suburban,Middle,416,5583.3,23303.1,1898.9,2322640.8,356,296,1894,22,Daily,3,50.9,4,240648.1781,
4882,68,Urban,High,383,13764.9,34232.5,4246.2,5271955.8,22,88,4363,50,Monthly,11,11.1,10,549092.0038,
4883,67,Rural,High,598,12616.2,52487.2,4982.2,7544476.4,298,170,3026,33,Daily,16,64.5,5,768603.8332,
4884,38,Rural,Middle,703,3451.7,9578.5,1513.2,2426571.6,365,147,911,47,Monthly,10,61.4,2,250852.4828,
4885,60,Urban,Low,7,3251.3,14405.1,1624.3,22759,33,240,4097,15,Daily,4,17.1,8,19218.70072,
4886,20,Rural,High,918,10948.2,12038.8,3133.4,10050438.2,109,55,971,27,Monthly,1,17.7,2,1010490.939,
4887,46,Suburban,Low,85,13192.2,17598.1,6569.5,1121335,47,92,116,13,Weekly,8,3.6,8,120887.8346,
4888,68,Suburban,Low,774,19238.6,78982.3,7545.4,14890670.7,96,253,3847,0,Weekly,15,70.8,5,1501226.471,
4889,56,Rural,High,957,8444.4,29524.6,3064.8,8081284.4,125,157,436,40,Monthly,17,4.9,4,814687.8653,
4890,69,Urban,Middle,398,15301.1,49515.7,5445.3,6089851.9,335,251,3287,14,Weekly,11,35.1,7,623877.6876,
4891,21,Urban,Low,912,2339.2,8084.2,1086.1,2133395.8,295,264,1584,14,Daily,11,61.3,1,216560.8307,
4892,52,Suburban,Middle,771,17793.3,83997.9,8526.1,13718622.3,302,8,4312,24,Monthly,3,12.4,7,1387618.126,
4893,25,Urban,High,393,12665.8,45877.5,2170.9,4977667.2,328,325,4666,42,Weekly,17,55.7,10,519589.2619,
4894,55,Rural,Low,47,12584.3,45176.5,3742.2,591462.9,307,299,1595,4,Weekly,20,13.0,5,67654.95027,
4895,22,Rural,Middle,341,2857.4,11538,1361.8,974383,25,98,2125,7,Daily,20,22.6,6,107824.9144,
4896,54,Suburban,Middle,498,801.3,3578.9,202.6,399036.8,82,50,3190,21,Weekly,15,19.1,5,50935.93035,
4897,53,Suburban,Low,606,14032,28732.6,2709.2,8503372.8,58,213,3939,38,Weekly,4,4.3,7,866750.4011,
4898,36,Suburban,Middle,478,2350,8147.3,331.5,1123280.2,26,4,1342,37,Monthly,1,9.7,1,117300.5919,
4899,35,Urban,Middle,426,2548.1,8500.3,863.5,1085504.8,297,364,1662,38,Daily,12,48.9,2,115184.1702,
4900,18,Rural,High,426,3758.1,5785.3,1428.5,1600962.5,44,292,3278,50,Weekly,10,7.1,6,177492.531,
4901,66,Rural,High,736,1964,6051.5,350,1445468.8,85,241,3743,45,Monthly,2,70.3,7,162105.7254,
4902,37,Rural,Middle,791,12511.6,15992.3,4622.5,9896672.8,22,19,2644,42,Weekly,5,19.5,8,1005069.938,
4903,62,Suburban,Middle,515,8445.9,14694.5,3883.8,4349626.2,226,270,3075,50,Monthly,13,8.8,4,449313.3451,
4904,19,Rural,Low,129,5329.3,24790.9,1052.2,687474.7,37,304,668,13,Daily,5,27.4,3,73294.56864,
4905,43,Urban,High,835,8820.6,13027.8,1312.5,7365184.7,101,328,2357,18,Daily,12,20.6,9,751323.1262,
4906,27,Urban,Low,249,16884.4,55982.9,7330.7,4204205.3,142,201,1940,25,Daily,0,6.6,2,428705.3498,
4907,53,Rural,Middle,741,18542.3,42534.6,8651.4,13739857.1,4,104,3151,37,Weekly,16,47.6,10,1393805.929,
4908,66,Suburban,Low,839,9754.6,31422.2,1813.8,8184149.8,24,331,4139,32,Weekly,10,56.2,1,830839.3738,
4909,51,Rural,Middle,131,11339.4,21997.2,4405.9,1485460.2,191,364,452,45,Monthly,1,1.2,6,158631.908,
4910,62,Urban,High,740,5151.4,14308.2,1732.8,3812055.7,321,82,1007,11,Daily,1,41.6,3,385773.5112,
4911,56,Urban,High,689,10276.9,45930.8,2011,7080764.5,322,319,4825,28,Daily,15,46.8,7,726757.1969,
4912,20,Urban,Middle,323,14964.9,37485.1,6426.9,4833666.2,269,55,1222,11,Monthly,11,70.8,8,492845.2521,
4913,28,Rural,High,823,9847.8,23754.2,2837.9,8104759.1,27,288,3279,28,Monthly,8,47.9,2,819613.8736,
4914,38,Urban,Middle,900,6048.4,16841.7,2299.2,5443593.6,81,236,193,40,Weekly,4,22.2,7,555395.985,
4915,65,Suburban,Low,543,11644.9,16325.8,2568.5,6323162.6,121,164,1035,40,Daily,13,48.5,10,648256.4453,
4916,45,Rural,Middle,66,18933.7,48269.2,8071.7,1249621.2,365,365,1149,45,Weekly,2,20.7,5,135961.6652,
4917,52,Rural,Low,718,17760.8,18251,3653.7,12752252.4,69,85,439,19,Monthly,6,10.9,5,1281220.773,
4918,40,Urban,Middle,101,15387.2,46370.6,3783.9,1554102.7,313,219,731,33,Daily,17,53.6,5,163903.7074,
4919,63,Urban,High,832,5531.4,24292.7,1419.3,4602150.2,72,362,4397,45,Monthly,20,35.4,5,477288.7973,
4920,42,Suburban,Middle,31,4838.8,15524.2,883.4,150002,246,213,3655,29,Monthly,14,68.6,10,34829.17511,
4921,66,Rural,Middle,885,16772.4,57544.3,7543.3,14843537.2,246,203,4216,28,Daily,3,5.4,5,1499707.085,
4922,29,Urban,Middle,191,3634.5,4078.9,528.4,694196.4,253,313,785,38,Weekly,12,35.0,7,79392.41608,
4923,63,Suburban,High,578,12116.2,53772.3,3940.8,7003146.3,364,300,2602,46,Monthly,17,18.8,8,717267.227,
4924,62,Urban,Middle,415,8784.2,22312,3739.1,3645447,73,242,4303,39,Monthly,15,36.9,4,379572.1162,
4925,69,Rural,High,815,9365,45883.2,3112.6,7632515.3,274,162,4309,50,Monthly,0,4.0,7,783723.6605,
4926,51,Urban,Middle,747,9096.3,13479.5,2099.1,6794953,16,179,1358,1,Weekly,1,3.9,9,691151.6638,
4927,54,Rural,Low,790,18000,86016.4,7425.8,14220002.7,179,92,2124,25,Weekly,1,39.1,2,1429687.636,
4928,31,Urban,Middle,714,1751,6193.6,524.7,1250224,352,138,1173,0,Weekly,15,26.1,9,134858.1241,
4929,37,Rural,Low,500,15660.2,18938.8,2587.1,7830100,40,112,2619,27,Daily,7,2.6,6,796017.1461,
4930,36,Suburban,High,862,16701.9,81618.8,3787.1,14397040.6,39,169,212,50,Weekly,0,44.2,9,1453680.531,
4931,69,Rural,High,737,18858.1,19904.6,6351,13898430.1,56,321,4593,7,Monthly,14,32.5,7,1404889.121,
4932,36,Suburban,Middle,595,9057.5,35530.7,3292.5,5389196.5,233,101,4800,30,Monthly,16,70.4,5,556169.5399,
4933,23,Rural,High,46,10006.3,45609.9,3194.5,460289.9,54,296,28,38,Daily,16,60.1,5,53214.95279,
4934,64,Suburban,Middle,89,19226.3,32747.1,4014.5,1711138.7,172,193,2944,49,Weekly,2,52.8,1,180510.0333,
4935,31,Urban,High,698,9174.4,21774.9,3096.4,6403756.8,302,358,3963,18,Daily,20,35.0,3,651925.3401,
4936,46,Rural,Low,375,10075.9,32695.6,2347.5,3778475.2,189,207,788,12,Monthly,11,35.4,6,386122.4399,
4937,57,Urban,High,701,6651.8,24739.5,1263.6,4662886.4,43,286,2253,15,Weekly,4,67.7,2,472189.6893,
4938,25,Suburban,Low,246,642.2,2882,307.1,157989.3,4,216,3739,22,Daily,12,52.9,6,30213.23489,
4939,47,Rural,Middle,558,8666.8,35050.8,1958.2,4836052.4,261,228,1002,10,Weekly,20,7.4,5,489301.1803,
4940,49,Rural,Middle,257,13105.3,32151.5,3069.9,3368055.8,58,361,2674,23,Weekly,6,31.9,1,343652.1101,
4941,24,Urban,Middle,352,13802,59167.6,6331.1,4858310.6,37,43,1249,9,Monthly,0,30.7,3,491152.5361,
4942,32,Rural,Low,921,140.1,681.5,22,129039.3,235,181,1623,50,Monthly,16,9.0,1,20606.4724,
4943,26,Rural,Middle,573,16023,30571.1,5349.1,9181204.8,265,347,4406,4,Monthly,12,61.0,7,933907.5656,
4944,47,Urban,Middle,105,9853.4,12773.8,4074.2,1034605.8,15,286,2638,11,Daily,10,21.0,7,115868.4993,
4945,25,Rural,Low,337,10419.7,28200.7,2182.6,3511438.8,88,297,3512,35,Daily,16,27.5,1,361183.2042,
4946,37,Urban,High,526,19235.3,87050.9,8418,10117744.8,99,44,2703,25,Daily,12,70.6,8,1026205.378,
4947,32,Urban,Middle,301,5696.4,9120.8,2323.3,1714609.9,105,37,84,27,Weekly,3,49.4,7,179860.9563,
4948,19,Urban,High,77,15235.4,69217.5,4485.9,1173127.6,217,249,4866,15,Weekly,4,58.2,3,129685.9189,
4949,63,Urban,High,511,11499.8,57140.7,1696.1,5876386.1,191,83,4500,1,Monthly,13,8.5,2,598474.479,
4950,67,Urban,Middle,230,14019,17047.2,6841.9,3224361.1,215,257,3114,25,Weekly,15,39.3,9,339979.966,
4951,62,Suburban,Middle,679,8362.2,24927.8,2924.2,5677914,198,217,3672,3,Weekly,5,51.8,7,582065.3497,
4952,40,Suburban,Low,578,5591.4,12947,1715.6,3231805.3,105,10,4328,28,Monthly,1,58.7,6,338655.5473,
4953,36,Urban,Low,32,10927.1,28134.1,4962.8,349665.8,27,238,4603,15,Daily,12,63.8,5,50510.45055,
4954,52,Suburban,Middle,608,7505.1,21063.3,2015.4,4563084.7,182,26,1373,21,Monthly,17,7.4,5,465591.3811,
4955,53,Suburban,High,58,4466,17680,1453.5,259027.7,83,251,1463,42,Weekly,3,53.5,3,35391.82788,
4956,64,Rural,Low,104,16786.3,56489.3,7442.5,1745778.4,159,215,1574,5,Monthly,15,8.0,5,181607.7092,
4957,16,Urban,Low,312,9521.9,46131.6,2448.9,2970824.6,230,145,3033,27,Weekly,3,29.7,8,312844.382,
4958,40,Suburban,Middle,646,16947.8,39506.4,6930.9,10948305.7,235,320,4116,10,Monthly,15,32.7,2,1105565.089,
4959,66,Rural,Middle,729,9485.9,30032.5,1920.5,6915214.8,288,222,2092,41,Weekly,20,21.4,3,701681.6319,
4960,51,Rural,Middle,67,11140.4,47383.6,4243.9,746405.9,18,324,2652,46,Weekly,16,62.3,3,85830.95766,
4961,32,Urban,Middle,978,19905.7,49607.1,6054.8,19467727.7,284,18,2090,20,Monthly,2,42.6,6,1956987.638,
4962,56,Urban,Low,690,19030.6,54450.2,3158.4,13131092.7,71,339,3251,25,Weekly,5,11.0,1,1322801.567,
4963,39,Rural,Low,374,5441.1,20349.1,840.1,2034964.1,215,228,296,38,Weekly,18,27.5,5,211101.6223,
4964,17,Urban,Low,759,17374.4,77194.2,4918.3,13187185.7,117,236,1130,46,Weekly,1,6.6,9,1334567.261,
4965,55,Urban,High,806,7814.2,20807,3003.3,6298217.5,100,346,2984,21,Monthly,13,36.1,1,637078.9413,
4966,30,Rural,Low,235,1434.3,4486.1,489.5,337051.6,88,276,716,29,Daily,2,26.2,6,42384.6537,
4967,47,Rural,Low,643,11519.9,56453,5090.5,7407271.6,348,121,3983,29,Daily,6,23.8,7,757421.4914,
4968,54,Urban,Middle,112,19541.3,22860.9,4999.9,2188621.9,153,62,4731,32,Monthly,10,60.9,1,232182.0035,
4969,21,Suburban,Low,389,19486.5,54424.2,8524.5,7580260.4,295,331,3184,39,Monthly,14,61.3,6,772382.668,
4970,16,Urban,Low,408,2538,8994.6,291.4,1035521.5,177,187,4142,29,Daily,17,49.2,4,118556.768,
4971,62,Suburban,Low,54,15427,15947.1,3800,833059.1,132,25,1307,36,Monthly,3,66.3,4,91280.99168,
4972,38,Rural,Middle,802,16058.6,54392.9,2074.7,12879023.3,308,339,4426,29,Weekly,2,47.5,6,1303720.68,
4973,54,Suburban,Low,239,7381.2,9040.5,3452.2,1764108.8,122,96,4331,25,Monthly,15,44.9,10,195720.4682,
4974,32,Rural,Low,752,13175.3,58369.7,3822.5,9907838.9,211,321,861,5,Daily,7,7.7,10,1001119.903,
4975,49,Urban,High,295,9768.3,41303.8,2212.2,2881650.9,68,193,4811,3,Weekly,7,1.7,8,305918.152,
4976,56,Urban,High,112,4565.6,5154.6,1356,511345.3,57,254,2484,14,Daily,3,15.9,3,58027.65715,
4977,44,Rural,High,88,15227.7,18200.4,4768.4,1340035.2,13,67,1097,35,Daily,15,56.9,7,144551.0232,
4978,24,Rural,High,740,5262.4,21125.8,2307.5,3894195.7,193,314,570,2,Weekly,3,67.0,10,399489.737,
4979,28,Rural,Middle,476,6815.6,16890.2,2160.3,3244202.1,63,40,1314,15,Daily,5,17.3,4,330749.707,
4980,21,Urban,High,304,3808.5,12568.3,1038,1157774.2,327,224,947,15,Daily,5,13.0,3,120323.2817,
4981,21,Urban,Low,305,14388.2,29946.4,6971.7,4388411.2,153,356,4153,39,Daily,17,60.3,3,451972.6544,
4982,35,Suburban,High,290,9179.9,15531.2,4474.5,2662169.2,23,222,4595,26,Daily,11,27.9,6,283368.486,
4983,67,Rural,Middle,208,8873,19381.4,1023.7,1845590.5,30,103,730,5,Monthly,7,70.4,10,195588.9206,
4984,68,Suburban,High,868,12095.2,24031.4,4629.3,10498643.8,189,318,2843,20,Daily,13,69.2,8,1063551.163,
4985,18,Urban,High,903,3153.7,8809,784.3,2847787.8,310,248,4577,12,Monthly,6,24.7,1,294210.3171,
4986,32,Suburban,Middle,786,17964.1,71617.5,6648.2,14119779.7,109,162,325,8,Daily,1,40.7,4,1416121.427,
4987,64,Suburban,Middle,582,9307.5,29937.8,3302,5416981.3,353,264,4326,40,Daily,7,49.3,1,554359.6183,
4988,27,Urban,Middle,370,7336.9,25214.7,1702.5,2714642.6,60,25,3929,42,Monthly,10,46.4,8,289101.1541,
4989,63,Urban,Middle,220,2542.5,7323.3,1257.7,559360,66,154,3235,7,Weekly,16,70.3,5,67068.44251,
4990,62,Rural,Middle,231,3367.4,7741.4,817.8,777870.4,166,219,1383,27,Weekly,9,26.5,3,84343.0807,
4991,60,Suburban,Middle,802,18408,28974.8,6494.2,14763218.1,141,254,3281,44,Weekly,6,52.5,8,1494252.209,
4992,16,Urban,Low,819,9137.8,22097.5,3886.8,7483837.3,52,215,4073,18,Daily,5,42.3,9,766555.1409,
4993,32,Urban,High,873,14446.5,52885.5,2285.2,12611756.6,180,169,554,28,Weekly,8,38.0,5,1268481.165,
4994,18,Suburban,High,349,1619.5,6373,356.7,565213.1,32,80,2470,30,Daily,18,11.5,1,63442.27426,
4995,41,Urban,Middle,255,12872.9,37031.7,2311.8,3282578.3,214,72,3204,32,Daily,4,54.5,6,341412.3903,
4996,30,Rural,Middle,452,18431.2,65983.4,7607.1,8330888.2,265,63,202,48,Weekly,4,29.2,5,842920.563,
4997,51,Rural,Low,142,6006.3,11064.5,2525.5,852890.3,17,75,4785,5,Monthly,2,10.2,6,99168.73906,
4998,47,Suburban,Low,69,11587,51449.4,2345,799504.3,126,263,4879,43,Monthly,3,1.8,4,96698.07357,
4999,47,Rural,Middle,89,18805,83940.7,1911.6,1673643.2,82,98,1587,3,Monthly,11,11.5,7,177568.9649,
5000,19,Urban,Low,871,14389.3,32826.4,3875.6,12533043.6,40,85,452,15,Monthly,5,50.0,5,1258722.412,
5001,33,Urban,Low,136,1255.9,4007.3,470.8,170800.6,104,325,3074,2,Weekly,20,54.2,7,29599.19932,
5002,64,Urban,Middle,655,7581,25977.3,2645.8,4965525.9,219,306,1112,24,Weekly,9,4.3,10,509005.9656,
5003,34,Urban,Middle,851,1724.6,4983.6,479.9,1467632.4,182,273,1074,16,Weekly,7,12.0,2,152116.7336,
5004,58,Suburban,Middle,699,17227.7,80015.4,3803.5,12042189.4,156,149,3524,21,Weekly,16,71.9,3,1214589.209,
5005,67,Rural,Middle,523,12437,49236.6,3603.7,6504570.6,178,6,4767,17,Monthly,5,30.4,1,661939.0652,
5006,50,Rural,High,660,19128.1,70583.4,2028.4,12624526.9,18,109,479,31,Daily,4,64.5,3,1268867.319,
5007,55,Urban,High,951,404.9,1247.3,52.5,385087.5,141,199,3204,17,Weekly,9,29.9,8,54491.09943,
5008,29,Suburban,Middle,804,8467.5,11341.3,1397.7,6807883.3,161,331,3318,25,Weekly,11,38.6,5,693719.5568,
5009,48,Urban,Low,850,2096.2,3000.3,734,1781802.6,214,338,2933,49,Monthly,13,63.2,9,196967.5037,
5010,29,Urban,Middle,910,7016.3,15407.9,1315.7,6384788.9,222,38,3794,24,Monthly,2,71.3,1,649312.6674,
5011,49,Suburban,High,442,3246.1,5992.6,874.3,1434784,262,319,2443,27,Weekly,19,6.0,5,155497.7922,
5012,19,Suburban,Low,38,6582.6,31663.1,2294.5,250138.3,45,128,4254,39,Daily,3,45.9,2,38203.65198,
5013,39,Urban,High,857,16387,43249.5,7083,14043699.7,187,140,2512,22,Weekly,3,34.3,8,1417573.29,
5014,44,Rural,Middle,208,3222.4,14521.4,1030.7,670254.9,354,248,1173,7,Monthly,7,39.3,2,69747.87465,
5015,34,Urban,High,210,9478.6,40495.4,1619.4,1990497.3,241,259,3061,12,Monthly,3,15.3,9,214083.3979,
5016,21,Rural,High,513,18432.4,78343.1,8860.4,9455845.2,225,147,4654,43,Monthly,18,64.5,6,964184.2566,
5017,48,Rural,High,360,19975.6,37211.1,2716.8,7191215.3,334,343,1896,46,Monthly,14,21.4,10,735126.6406,
5018,64,Suburban,Low,577,5020.3,14003.1,1239.3,2896722.3,48,195,2294,9,Monthly,12,10.9,9,301753.0745,
5019,55,Suburban,High,1,18712,42510.1,8767.1,18712,111,215,2746,40,Monthly,4,51.3,2,12887.16993,
5020,34,Urban,Low,755,5235.2,25556.2,1784.8,3952545.6,83,241,1355,2,Weekly,14,70.6,9,405835.9213,
5021,68,Rural,Middle,981,8276.4,37301.7,3021.4,8119182.4,104,133,1194,9,Daily,17,18.1,4,817153.9683,
5022,16,Rural,Middle,381,17559.7,35114,3875,6690243,74,29,1498,48,Daily,4,34.3,3,677764.6561,
5023,20,Urban,High,828,15725.7,35446.9,2066.6,13020846.8,55,98,2889,14,Monthly,17,5.6,4,1311550.229,
5024,42,Urban,Low,537,17151.2,53436.8,4224.4,9210181.7,317,364,1028,23,Weekly,9,24.7,8,932195.4933,
5025,31,Urban,Middle,859,16007.1,33845.8,4175.7,13750125.5,2,182,515,9,Weekly,17,58.2,7,1382933.413,
5026,21,Suburban,Low,394,4708.9,20239.3,980,1855294.6,242,152,4582,20,Monthly,6,63.6,6,200677.4275,
5027,55,Urban,Low,50,11180.3,47817.4,2081.7,559015.7,258,103,897,45,Monthly,9,17.6,1,62631.26385,
5028,28,Urban,High,396,7711.2,30053.2,1867.7,3053620.1,332,288,4407,47,Monthly,3,39.9,2,319804.9349,
5029,63,Rural,High,860,9199.6,34565.2,3272.9,7911675.1,10,235,1671,37,Weekly,8,56.7,10,806792.3526,
5030,50,Urban,Low,753,3087.6,9846.9,1480.8,2324952.6,76,133,2771,38,Weekly,12,2.3,2,241757.8021,
5031,34,Rural,Low,32,6322.2,15100.2,2412,202310.2,258,230,4858,41,Daily,15,16.1,8,41112.39391,
5032,27,Rural,High,545,17154.4,74583,7064.9,9349129.4,121,35,3042,50,Daily,12,3.7,5,949625.3053,
5033,31,Suburban,Low,712,17952.2,79623.9,3993,12781961.1,321,358,693,49,Daily,2,10.0,5,1288784.204,
5034,58,Urban,High,234,12207,14624.4,1731.9,2856428.7,215,80,4845,27,Daily,14,13.6,6,301940.5858,
5035,25,Urban,Low,26,9970.4,25867.9,2159.6,259229.4,245,355,158,40,Daily,16,3.1,3,31275.08932,
5036,40,Rural,High,554,14259.7,15778.5,3722.7,7899854.6,337,242,3603,1,Monthly,2,32.1,2,797241.2156,
5037,35,Suburban,Low,434,12181,53083.6,4579.5,5286543.8,180,344,4488,40,Weekly,2,30.3,3,544486.6882,
5038,46,Suburban,High,61,19673.7,33610,9359.6,1200093.5,341,133,243,3,Daily,18,21.7,5,124578.1013,
5039,19,Urban,Low,553,3809.9,14079.3,1614.3,2106860.9,300,9,3745,42,Monthly,3,23.6,10,232036.478,
5040,59,Rural,Middle,441,8986.4,21832.5,1856.2,3963004.2,290,253,4839,48,Weekly,2,39.1,9,418094.0187,
5041,38,Urban,Middle,130,18365.6,78315.8,7862.7,2387531.6,73,33,2949,2,Daily,20,58.1,5,249072.682,
5042,17,Urban,Low,867,18295.6,55595.7,4842.8,15862279.8,209,347,290,31,Monthly,15,70.2,6,1593971.544,
5043,37,Urban,Middle,354,9912,22773.8,1686.8,3508842.1,241,187,130,46,Daily,18,59.0,10,365581.2973,
5044,66,Urban,Low,198,2704.8,6208.9,769.5,535556.7,362,11,1414,33,Daily,5,28.7,3,61400.52122,
5045,52,Rural,Low,799,16301,37618,5302.5,13024506.8,173,69,3405,15,Weekly,16,63.2,5,1315451.518,
5046,23,Suburban,Middle,663,11707.5,48636.5,4745.8,7762040.7,5,138,4373,3,Monthly,3,59.5,4,787855.325,
5047,22,Urban,Low,716,15465.6,59456.9,3711.1,11073361.5,217,131,2189,17,Weekly,16,65.8,7,1118895.769,
5048,29,Urban,High,694,9255.8,21074.2,1469,6423558.1,214,251,3928,27,Daily,1,5.7,8,659756.4502,
5049,18,Urban,Low,371,4085.6,12096.9,562.8,1515772.3,325,123,3780,41,Daily,18,26.1,1,163538.1126,
5050,65,Urban,Low,924,489.5,638.7,71,452342.6,310,273,392,5,Daily,20,4.3,3,49437.43916,
5051,31,Suburban,Middle,719,11187.2,48216.7,5369.9,8043578.1,38,243,2556,42,Weekly,8,23.8,9,821014.5249,
5052,34,Suburban,High,147,3229.3,6664.7,1552.3,474709,61,162,4072,41,Daily,2,20.9,1,58538.79806,
5053,66,Suburban,Low,716,3750.9,17092.4,1828.6,2685624.9,95,95,3173,0,Monthly,12,65.6,8,281074.373,
5054,33,Suburban,Low,498,8731.7,29576.1,1929.7,4348411.3,233,162,2084,15,Daily,17,68.1,2,440276.5832,
5055,67,Urban,Low,48,8847.1,28941.4,1562.8,424661.8,277,323,596,36,Weekly,19,50.4,10,54934.42709,
5056,31,Rural,Low,770,5495,9071.6,2705.5,4231148.4,36,284,2481,8,Daily,14,21.1,10,437752.9747,
5057,23,Suburban,Low,651,2647.1,3383.4,1311.1,1723278.3,1,361,2543,16,Monthly,1,1.5,5,182268.8556,
5058,48,Suburban,Low,172,18899.6,60676.5,2482.3,3250732.1,150,229,1559,35,Monthly,20,48.6,3,333697.7679,
5059,64,Urban,High,613,2641.5,7586.3,1059.3,1619237,215,116,4987,33,Weekly,11,36.5,7,179898.8426,
5060,27,Urban,High,699,7021.9,10383.6,1513,4908338.8,46,221,3053,30,Daily,6,15.7,2,500532.4511,
5061,68,Urban,Low,896,6104.3,26507.1,2830.7,5469462.8,65,169,3197,33,Weekly,10,13.5,8,562759.156,
5062,26,Urban,Low,315,17328.1,46248,2351.2,5458349.8,6,315,2352,36,Monthly,14,40.8,1,555102.6831,
5063,20,Rural,Middle,376,8207.1,16757.6,3737.8,3085887.8,81,330,4351,33,Weekly,6,10.2,6,325151.9047,
5064,42,Rural,High,806,2489.6,10339.7,251.6,2006641.4,189,145,1415,44,Daily,7,40.0,3,209039.164,
5065,27,Suburban,High,921,215.1,1000.8,66.4,198123.6,151,286,4682,36,Daily,11,66.0,1,33133.84847,
5066,32,Rural,Low,875,14441.8,32116.3,3382.6,12636551,148,182,2669,0,Monthly,5,57.2,10,1278957.165,
5067,21,Suburban,High,533,14292.9,58655.1,3872.4,7618103.4,28,308,1029,14,Monthly,13,67.8,1,764409.2537,
5068,48,Suburban,High,810,8361.5,30185.7,2287,6772811.4,165,275,848,30,Monthly,4,18.6,3,684131.9282,
5069,20,Rural,Middle,420,2534.9,12570.3,916.2,1064656.7,135,37,2997,50,Monthly,3,68.6,6,122387.6969,
5070,43,Suburban,Middle,905,7439,13508.9,812.6,6732258.7,254,363,1330,13,Monthly,3,34.7,7,682780.7411,
5071,29,Urban,High,396,11801.8,57152.5,4443.9,4673493.1,305,36,1025,43,Daily,8,45.8,4,477423.6798,
5072,20,Suburban,High,522,14081.8,31840.2,1533.2,7350709.7,212,68,3229,33,Daily,14,21.9,3,747570.0914,
5073,69,Urban,High,187,1574,4167.7,274.1,294340.9,280,360,817,0,Daily,17,71.6,3,31665.88779,
5074,48,Rural,Low,645,11130.6,27106.4,3814.4,7179228.2,80,121,1222,34,Weekly,6,32.1,4,726919.5775,
5075,65,Rural,Middle,33,5529.7,11467.5,744.2,182480.8,269,155,1423,10,Weekly,19,14.3,3,24455.26497,
5076,63,Suburban,Low,69,12349.2,46592,6129.6,852091.6,348,205,4178,16,Monthly,15,41.7,4,99045.81095,
5077,56,Urban,Middle,592,12966.3,43522.5,5364.9,7676062.1,15,44,3022,4,Daily,10,19.1,6,779615.3847,
5078,34,Suburban,Middle,191,18213,40483.2,6962.2,3478676.9,87,289,3510,16,Monthly,3,32.0,9,364410.4511,
5079,37,Rural,Middle,101,8213.5,12557.2,1700.8,829559.8,223,90,3533,17,Daily,7,15.8,10,100866.8003,
5080,20,Suburban,High,485,10756.4,24411.8,1284.6,5216872.1,325,212,3116,24,Daily,2,28.5,10,539257.7545,
5081,17,Suburban,Middle,285,5371.6,13562.9,2640.2,1530911.8,91,63,4270,34,Daily,20,7.6,7,170271.4044,
5082,45,Urban,Low,914,5738.3,14475.5,913.2,5244783.3,316,72,1568,46,Daily,4,21.2,7,537609.8533,
5083,62,Rural,Middle,733,930.2,2259.5,402.1,681847.8,266,336,4479,15,Daily,2,18.7,7,84409.89834,
5084,54,Suburban,Low,390,5728.5,6844.9,1025.4,2234122.1,307,290,3937,46,Daily,19,68.3,5,238849.1544,
5085,19,Urban,Middle,565,1285.9,3672.8,321,726553.6,320,27,407,48,Daily,8,43.1,7,83126.04465,
5086,48,Suburban,Middle,978,19278.7,83762.6,7276.5,18854545.8,106,362,1108,49,Weekly,2,2.9,8,1899093.545,
5087,28,Urban,High,160,12489,21499.4,5971.6,1998243.5,253,53,2903,22,Weekly,9,65.9,7,214536.4256,
5088,35,Urban,Low,892,3471.2,5493.7,374.6,3096345.8,199,242,3684,39,Monthly,16,46.7,3,322887.1366,
5089,69,Suburban,Middle,554,2344.2,6768.5,478.9,1298664.4,56,293,2511,20,Daily,20,24.9,10,145302.2794,
5090,22,Rural,Middle,47,7408.8,18391.6,3007.9,348211.3,239,100,4816,28,Monthly,20,27.0,9,56096.00303,
5091,30,Rural,Low,159,6159.9,19989.5,1043.2,979419.3,347,79,3345,45,Weekly,10,3.2,10,119082.167,
5092,38,Urban,Middle,446,5592.3,26777.6,808.5,2494167.2,341,326,3257,35,Daily,8,70.2,6,263059.8809,
5093,29,Rural,High,696,9369.2,37884.9,1110,6520990.3,363,90,1071,9,Weekly,10,62.1,8,661315.8684,
5094,38,Urban,Low,758,18258.3,68436.5,5495.7,13839827.9,218,25,4362,19,Weekly,6,5.6,6,1400224.018,
5095,34,Rural,High,523,11365.3,30274.4,4626.7,5944064.8,212,161,3217,6,Monthly,0,49.4,4,604327.6596,
5096,69,Suburban,Low,666,10429.4,22417.4,5055.1,6945992.2,189,195,1039,29,Daily,13,32.9,1,700093.3308,
5097,44,Rural,Low,732,16132.9,50997,3339.4,11809285.2,335,201,3368,28,Monthly,10,58.4,7,1197438.802,
5098,35,Urban,Low,155,90.5,410.8,13.4,14020.1,365,166,2496,0,Daily,13,45.3,8,13414.77296,
5099,44,Urban,Middle,339,3955.7,17828.4,1032.5,1340995.7,102,222,3626,20,Daily,17,30.3,4,145730.6081,
5100,39,Rural,Low,953,9928.8,27622.4,1213.1,9462105.3,143,283,3498,6,Daily,8,32.0,9,960421.2037,
5101,33,Suburban,Low,365,14109.1,28004.9,3281,5149831.8,285,13,346,43,Weekly,11,47.3,8,526050.5896,
5102,25,Urban,Low,795,9705.7,18454.2,3467.2,7716042.3,70,343,3355,3,Weekly,13,47.5,10,788038.887,
5103,56,Urban,High,699,3282.7,3729,549.1,2294595,336,355,3634,38,Monthly,11,40.6,2,241686.9747,
5104,23,Urban,Low,574,18600.4,81295.8,6561.3,10676604.6,65,246,376,14,Monthly,2,63.8,10,1078511.013,
5105,41,Urban,Middle,148,6580,13550.6,3216.2,973842.4,198,88,3451,33,Monthly,8,56.3,8,115108.0541,
5106,44,Urban,Low,899,15766.4,38407,7026.8,14174021.9,16,140,2469,1,Weekly,15,9.4,4,1424357.825,
5107,25,Suburban,Low,144,17829.4,75540.6,4327.8,2567426.8,310,310,931,36,Weekly,20,62.9,10,271784.7646,
5108,32,Rural,High,103,6935.5,10265.2,1862.9,714358.9,353,256,1851,2,Daily,3,15.3,9,83612.95491,
5109,17,Suburban,Middle,812,16907.8,48101.6,4526.7,13729119.4,263,276,763,47,Daily,20,68.5,3,1380693.938,
5110,21,Suburban,Middle,93,14218.4,21176.3,6312.4,1322308,60,146,4840,3,Monthly,12,58.3,3,144902.743,
5111,20,Urban,Middle,975,18086.6,50052.7,8998.6,17634409.6,10,7,2266,46,Daily,17,65.5,7,1778011.42,
5112,43,Suburban,Low,286,5033.7,5982.8,2166.3,1439638.5,309,246,4152,48,Daily,7,49.0,8,162707.2835,
5113,56,Urban,Low,424,18626.2,57191.7,6020.9,7897525.5,8,346,4782,42,Weekly,7,47.3,6,807787.7086,
5114,20,Suburban,Middle,119,1315.5,5502.4,182.8,156541.7,341,204,4209,35,Weekly,15,18.7,6,31540.2085,
5115,33,Urban,Middle,961,15875.5,58821.7,7648.7,15256344.9,90,240,3317,26,Weekly,12,45.5,10,1543772.256,
5116,41,Urban,High,29,8718.9,26476.6,3871.4,252849.4,37,94,2351,3,Monthly,1,30.8,8,37373.64379,
5117,35,Suburban,Middle,511,3566,15387.5,1556.8,1822236.4,84,310,3045,35,Weekly,20,11.9,10,200992.1376,
5118,56,Suburban,Low,30,1597.3,3052.6,410.1,47918,234,8,3386,18,Monthly,12,26.6,10,21712.63228,
5119,64,Rural,Low,872,7797.1,33708.1,2174.4,6799031.8,250,170,1099,33,Daily,17,48.0,2,686104.8396,
5120,42,Rural,Low,366,7792.6,16406.9,1152.2,2852086.2,240,119,2350,15,Daily,18,63.2,5,295227.8196,
5121,64,Rural,High,800,4606.8,11286.5,2188.9,3685478.5,104,246,2958,44,Daily,3,32.1,2,380611.9838,
5122,27,Suburban,Middle,138,4318.2,6536.5,2061,595905.1,211,128,1647,39,Daily,3,21.6,3,68101.07594,
5123,22,Suburban,Low,475,7996.3,11250.9,1613.5,3798238.1,225,222,2781,50,Weekly,20,12.4,7,395572.3566,
5124,18,Urban,High,563,8208.2,38811.9,3106,4621203.4,279,63,3655,21,Daily,1,29.6,1,472039.8426,
5125,25,Rural,High,392,8852.9,15580.3,1605.9,3470326,166,117,1499,31,Weekly,8,21.2,4,355231.3321,
5126,49,Urban,Low,435,17376.5,40542.6,4468.9,7558777.6,301,109,1,1,Daily,8,32.8,7,760781.271,
5127,40,Urban,High,804,12229,38112.9,2702,9832098,46,234,2104,16,Daily,20,8.2,5,993581.2383,
5128,50,Urban,High,234,418.5,1000.7,107.1,97919.4,2,205,457,22,Weekly,3,53.2,5,16775.83616,
5129,31,Urban,Low,55,10386.8,46538.4,2322.4,571273.7,176,88,4786,43,Monthly,15,1.3,3,71808.90318,
5130,17,Rural,High,931,15251.4,70200.1,3631.6,14199054.7,273,325,540,45,Weekly,7,50.7,8,1432267.226,
5131,39,Urban,Low,292,1137.7,2621.3,473.8,332214.8,118,240,3163,11,Monthly,6,22.8,3,41609.34784,
5132,25,Suburban,Low,752,8457.9,11571.4,1860.8,6360364.5,272,198,1820,12,Weekly,12,26.5,7,647337.0671,
5133,53,Suburban,High,312,9029.7,16620.3,3845.5,2817263.5,173,4,2386,9,Monthly,4,13.2,1,288238.5237,
5134,37,Suburban,Low,548,19080.9,55288.2,6242.7,10456316.1,304,106,3442,3,Monthly,7,69.7,3,1055666.945,
5135,41,Rural,Low,89,9518.9,20503,3923.5,847184.1,152,107,2806,6,Weekly,20,4.8,1,89499.51696,
5136,58,Urban,Middle,212,15000.5,42209.8,7013.6,3180107.3,351,252,4351,1,Monthly,1,21.1,4,330400.938,
5137,54,Rural,Low,957,6065,24471.2,942.3,5804216.4,193,186,3980,14,Weekly,15,11.4,3,590619.4093,
5138,42,Urban,Middle,318,15588.3,41816.6,3703.1,4957092.1,92,226,1082,35,Monthly,17,35.2,9,509583.8891,
5139,44,Rural,Middle,877,6460,11550.5,789.6,5665438.2,161,21,375,8,Daily,9,40.8,2,569993.5946,
5140,62,Rural,Middle,757,8606.2,20929.1,2261.4,6514871.8,106,154,1536,23,Daily,8,14.9,5,661256.7402,
5141,53,Urban,Middle,465,9594.9,38110,1870.6,4461605.6,229,224,386,5,Daily,14,47.5,10,456168.8278,
5142,35,Rural,High,87,18528,49956.1,6089.6,1611935.6,103,86,811,48,Weekly,2,40.2,3,170348.6335,
5143,42,Urban,High,409,1078.5,2155.1,445.8,441121.4,132,41,182,6,Monthly,14,60.8,3,45770.73122,
5144,56,Suburban,Low,240,3945.4,10690.6,1162.1,946889.8,257,334,2363,15,Daily,12,65.4,5,103665.2718,
5145,69,Suburban,Low,832,14117.8,39801.3,3295.8,11746007.5,289,172,1470,16,Weekly,0,50.3,2,1180767.883,
5146,35,Suburban,Low,700,11555.8,25255.3,1860.7,8089044.2,101,160,3742,29,Weekly,14,45.7,5,822445.6485,
5147,59,Rural,High,57,5038.1,25103.6,557.9,287172.4,301,160,1783,7,Monthly,8,44.0,3,34831.47043,
5148,34,Suburban,Middle,113,5791.1,23572.8,2149.4,654397.2,21,51,3299,2,Weekly,6,12.9,2,71782.4031,
5149,35,Urban,High,735,7352.5,27717.7,825.1,5404099.7,249,118,2876,24,Weekly,17,63.7,5,553423.4606,
5150,50,Suburban,High,70,9012.4,39830.2,4220.8,630870.5,192,280,2859,28,Monthly,7,26.6,3,73427.46213,
5151,62,Suburban,Low,739,16362.4,59979.1,5525.4,12091788.6,73,172,1822,20,Daily,14,50.1,8,1222109.179,
5152,17,Rural,Low,768,286.2,1191.6,69.1,219779.6,313,332,2992,5,Monthly,13,32.3,2,28646.01562,
5153,45,Urban,Low,692,17961.4,47599.6,2097.3,12429298.9,168,84,4397,22,Daily,5,65.1,7,1260646.057,
5154,68,Rural,Middle,184,8266.4,24811.5,2193.9,1521019.8,62,293,4819,49,Daily,13,29.9,8,173069.7084,
5155,49,Rural,Middle,703,4617.6,5485.7,2063.7,3246204.7,171,340,2698,10,Daily,3,40.8,7,335646.3216,
5156,37,Urban,High,964,10173.2,21593.4,4963.8,9806935.7,121,66,1088,5,Daily,20,14.3,2,984234.8738,
5157,18,Rural,Middle,744,13196.8,32623.2,1768,9818422.3,216,270,1492,26,Weekly,15,40.3,9,995290.6524,
5158,21,Urban,Low,276,904.6,3167.8,371.7,249668.7,174,344,2419,26,Daily,13,15.4,10,41165.61761,
5159,30,Suburban,Middle,233,14318.4,40905.4,2911.5,3336184.7,24,271,1353,12,Weekly,16,57.4,6,342485.1992,
5160,42,Urban,Middle,54,15217.6,52217,3831.4,821751.3,138,61,2056,8,Monthly,15,27.1,9,94968.43731,
5161,25,Urban,Middle,257,3332,12839.2,1063.1,856319.9,99,177,1427,7,Daily,1,31.1,3,91027.8886,
5162,24,Urban,Middle,90,3365.9,3941.1,1675.9,302935.5,324,354,642,44,Daily,0,46.5,9,42482.38297,
5163,48,Rural,Low,738,4083.7,8302.5,749.5,3013736.1,57,117,4923,26,Daily,14,7.1,3,316528.5195,
5164,47,Urban,Low,759,15934.6,26827.8,2425.2,12094367.4,247,136,4960,31,Daily,8,23.3,3,1224743.44,
5165,63,Urban,High,906,5447.3,9531.9,1841.2,4935291,172,259,647,28,Daily,12,67.3,8,505096.1343,
5166,21,Urban,High,663,15920.8,47961.3,7024.6,10555462.2,201,256,913,45,Monthly,16,62.2,6,1066511.746,
5167,56,Suburban,High,435,10815.1,42826.8,3885.7,4704556.3,331,331,3869,32,Daily,2,17.4,1,482386.6071,
5168,51,Urban,Middle,625,15345.8,32089.6,3668.1,9591096.8,107,271,4616,4,Monthly,5,37.4,2,968438.934,
5169,17,Rural,Middle,408,11077.9,47610.7,5437,4519793,48,32,2325,37,Monthly,8,42.4,10,469001.5012,
5170,44,Urban,Low,269,6722,30718.5,3347.7,1808223.5,333,254,905,8,Monthly,8,22.4,8,189192.1529,
5171,19,Urban,High,669,18215.2,43755.3,7436.5,12185952.6,286,267,2549,12,Weekly,19,25.7,7,1231030.842,
5172,16,Suburban,Low,954,14308.8,53306.2,6023.5,13650557.3,46,282,992,32,Weekly,16,70.4,8,1377864.906,
5173,34,Urban,High,366,9686.3,14221.3,3916.5,3545169.5,120,7,4591,29,Daily,8,10.8,8,374118.22,
5174,41,Rural,High,859,12752.2,50704.2,2589.5,10954135.7,60,348,3558,24,Monthly,1,65.7,6,1109752.74,
5175,40,Urban,High,351,12320.7,20453.6,1972.6,4324568.7,147,39,2370,5,Monthly,14,26.2,7,444596.2025,
5176,25,Rural,Middle,299,7168.7,26880.4,2306.5,2143454.2,104,4,1232,38,Daily,9,18.0,6,224654.9105,
5177,68,Suburban,High,906,8481.2,22794.1,4085,7683964.7,68,30,1326,9,Daily,9,19.5,1,770971.8765,
5178,30,Urban,High,159,6372,30036.3,2875.8,1013140.5,162,166,3363,35,Monthly,3,21.1,5,114785.1649,
5179,37,Suburban,Middle,487,19990.4,57129.3,2853.5,9735308.9,215,307,4012,49,Weekly,6,21.4,10,994214.0451,
5180,66,Urban,High,842,11605.5,13040.1,1425.1,9771821.3,118,36,3922,47,Monthly,1,19.0,1,989352.4331,
5181,63,Rural,Middle,984,1850.2,5407.5,831.7,1820582.9,237,351,2720,18,Daily,8,60.8,2,190099.9908,
5182,36,Suburban,Middle,737,10387,43438.2,3585.6,7655184.1,218,211,2111,10,Monthly,4,20.0,5,774417.4674,
5183,37,Urban,Low,526,1008.7,3619.7,223.7,530597.1,124,113,1790,16,Daily,9,62.2,2,59784.82266,
5184,51,Rural,Middle,355,5780.2,28122,1876.9,2051954.8,117,117,409,1,Weekly,8,69.8,4,208832.7547,
5185,49,Suburban,Middle,621,8924.8,39028.8,1683.8,5542277.6,263,316,1654,6,Monthly,7,20.8,3,559781.3716,
5186,45,Urban,Middle,930,10690.1,33205.6,5118.2,9941762.3,338,51,4187,40,Daily,2,41.1,9,1013638.759,
5187,40,Suburban,High,401,19523.9,35652.2,8412.4,7829070.3,170,15,3589,30,Monthly,18,33.4,10,802215.2352,
5188,60,Urban,Low,405,19644.6,19941.2,9525.6,7956068,196,201,3978,30,Weekly,17,61.1,5,811332.2288,
5189,43,Rural,High,96,1970.4,9698.4,344.5,189159,309,347,1069,45,Monthly,13,22.9,2,26060.2481,
5190,16,Rural,Middle,707,10767.3,51179.8,4710.3,7612461.4,150,124,2672,16,Daily,10,55.3,10,776220.2438,
5191,64,Suburban,Middle,570,16344,34266.5,5297.3,9316089.6,246,340,4551,14,Daily,1,34.8,6,945687.0589,
5192,60,Suburban,Low,975,4761.9,16918.3,1095.2,4642832.3,282,156,940,6,Monthly,20,45.8,6,472537.5931,
5193,19,Urban,Low,392,15013.8,58808.3,4382,5885392.5,191,208,2657,29,Monthly,1,41.9,5,599887.3707,
5194,22,Rural,Middle,352,17573.6,58204.7,8395.8,6185905.4,174,242,2003,38,Daily,14,5.4,3,627906.9412,
5195,64,Urban,Middle,806,13253.1,57940.6,4990.9,10682017.2,81,164,4972,13,Daily,17,42.8,8,1087407.375,
5196,24,Rural,High,666,6560.8,8603.2,1600.6,4369486.1,172,260,2754,30,Monthly,15,59.8,5,448661.0062,
5197,51,Suburban,Middle,576,18463.4,84672.8,9231,10634927.1,164,277,3483,8,Weekly,1,21.5,10,1081193.205,
5198,34,Urban,High,670,17671.6,45381.9,4211.1,11839949.7,297,347,3485,8,Daily,12,29.6,9,1198801.827,
5199,16,Urban,Low,777,14319.3,41852,6092.7,11126133.5,111,193,660,48,Weekly,19,15.6,4,1120930.044,
5200,25,Rural,High,633,7279.7,20229.9,3012,4608066.3,207,325,2943,1,Weekly,6,15.9,4,469072.8295,
5201,51,Rural,Middle,288,15840,49502.3,6164.5,4561922.4,338,238,305,43,Weekly,8,22.8,2,462802.2482,
5202,24,Rural,High,523,6329,21472.3,2327.7,3310076.7,70,50,856,21,Daily,18,54.5,3,335522.0873,
5203,60,Suburban,High,726,5066.5,19462.4,726.9,3678299,98,213,2941,15,Weekly,1,35.2,7,379964.6136,
5204,61,Urban,Low,162,10305.1,31943.4,5131.8,1669429.1,5,266,448,1,Monthly,0,50.1,6,171688.2527,
5205,57,Rural,High,617,19942.7,74567.7,3278.9,12304666.4,185,90,2922,14,Monthly,20,67.4,7,1243809.729,
5206,47,Suburban,Middle,914,16088.4,37859,5445.2,14704793.6,204,144,4868,5,Monthly,7,52.9,7,1486484.926,
5207,47,Rural,High,659,14598.6,69295.3,2914.7,9620448.9,12,166,2850,22,Daily,18,27.5,9,978657.6492,
5208,21,Urban,High,182,9045.7,11380.7,1515.3,1646323.7,239,67,2794,27,Weekly,20,37.3,3,175792.6351,
5209,63,Rural,High,850,6245.9,19875.4,2022.3,5308998.6,331,20,1230,42,Monthly,8,20.8,6,543412.9144,
5210,53,Urban,Middle,549,17119.5,23104.2,7439,9398581.5,280,111,2775,16,Weekly,0,5.7,2,947586.2244,
5211,32,Suburban,High,82,11359,31476.5,2848.6,931436.2,115,69,481,35,Daily,16,48.3,3,99802.11394,
5212,25,Suburban,Middle,524,16267,33027.3,2128.8,8523890.4,210,25,3068,18,Monthly,19,48.0,6,864876.1541,
5213,65,Rural,High,4,9760.2,46337.6,3411.2,39040.8,319,345,3427,4,Daily,16,61.8,1,10676.41778,
5214,42,Urban,Low,495,15081.6,15870.4,6131.8,7465397.1,133,310,1160,22,Weekly,6,12.3,8,756792.0542,
5215,69,Urban,Low,555,17356.1,44515.3,3791.2,9632659.8,223,12,1192,43,Weekly,2,63.8,4,971744.2707,
5216,65,Urban,Low,923,7833.9,32339.6,2947.4,7230677.4,345,65,4325,18,Daily,15,57.4,5,736721.2772,
5217,50,Rural,Middle,51,281.3,493.3,36.7,14344,181,182,1517,0,Weekly,20,8.6,5,7422.145689,
5218,67,Urban,Middle,261,5106,21763.5,1248.8,1332661.3,28,234,2024,26,Weekly,1,70.8,6,145906.2325,
5219,36,Urban,Middle,134,18299.2,81228.1,5300.4,2452086.3,193,323,488,42,Weekly,4,3.8,1,251345.7946,
5220,40,Urban,High,973,13754,52705.4,5677.4,13382612.6,301,133,1708,24,Weekly,4,57.4,8,1350930.792,
5221,43,Urban,Middle,599,14747,27079.6,3469.3,8833454.3,256,186,1299,5,Daily,8,31.4,5,889809.194,
5222,62,Rural,Middle,362,6512.5,13599.1,1833.1,2357532,111,79,4092,35,Daily,14,62.4,3,248451.9917,
5223,30,Rural,Middle,568,14028.4,23395.8,4928.8,7968157.9,194,132,3723,16,Weekly,20,52.7,8,812743.6201,
5224,19,Urban,Middle,217,12929.2,22448.4,4520.5,2805632.1,124,275,4987,11,Weekly,15,5.3,10,299286.7896,
5225,44,Urban,Low,878,3575.7,4097.6,1098.1,3139455.4,91,337,2719,24,Daily,17,18.0,3,322746.0778,
5226,24,Suburban,High,68,19374.1,85813.1,4483,1317440.7,136,311,1085,9,Monthly,18,68.6,3,137557.1857,
5227,42,Suburban,Low,864,7087,22068.9,2607.8,6123143.5,283,317,3204,45,Monthly,5,11.5,8,630121.9014,
5228,41,Urban,High,556,6592.4,15235.4,2866.8,3665400.3,229,200,2167,38,Weekly,16,5.9,10,382186.8358,
5229,34,Urban,High,143,7389.5,15948.9,1193.6,1056704.1,145,101,2859,23,Weekly,20,12.0,8,120663.5569,
5230,43,Suburban,Low,346,1843.5,5860,435.4,637842.4,242,152,1180,10,Monthly,13,52.1,3,69178.56433,
5231,32,Suburban,Middle,554,12503,28841.2,4594.9,6926673.5,31,216,3530,23,Monthly,15,3.8,4,705292.1463,
5232,58,Urban,Low,651,4780.1,21294.7,1923.1,3111844.2,261,147,2459,2,Daily,1,31.7,6,321086.1985,
5233,56,Rural,High,585,16068.2,29627.1,6629.5,9399909.9,60,280,3578,39,Weekly,17,7.5,1,950222.3442,
5234,57,Rural,High,779,7889.2,35731.7,2850.4,6145672.8,89,310,4326,19,Daily,17,49.8,9,634000.6012,
5235,65,Urban,Middle,194,9176.6,33553,2673.2,1780257.3,101,233,1601,22,Weekly,2,19.0,2,183338.4367,
5236,35,Urban,Low,667,12932,62416.4,4633.8,8625628.6,298,149,2275,4,Weekly,13,49.6,1,866218.9077,
5237,60,Suburban,High,246,15239.8,16160.7,2347.2,3748991.8,279,337,4525,35,Daily,17,13.4,5,390496.4462,
5238,55,Suburban,Low,314,4630,5724.4,847.8,1453818.4,121,275,144,12,Weekly,18,29.1,7,151580.754,
5239,54,Rural,Middle,730,19326.2,58047.8,9102.9,14108143.3,243,181,2208,35,Monthly,2,66.7,8,1426493.065,
5240,64,Urban,Middle,968,12450.2,57887.4,5837.5,12051801.1,365,151,288,5,Monthly,6,28.3,5,1210130.837,
5241,68,Suburban,High,384,122.7,481.4,47.8,47123,77,293,4179,1,Daily,2,9.1,8,20992.69148,
5242,38,Rural,Middle,765,8318.3,29018.7,1920,6363490.3,273,284,533,28,Monthly,5,27.3,3,641122.9403,
5243,62,Rural,High,789,8742,9847.1,3143.1,6897428.7,58,204,180,4,Weekly,11,33.3,7,695121.5048,
5244,47,Rural,High,277,16185.2,39114.1,6071.3,4483302.6,247,80,3032,14,Daily,15,33.6,8,463049.88,
5245,67,Suburban,Middle,72,6109.7,14562,1869.9,439901.6,96,327,3564,7,Monthly,19,51.4,5,55479.6708,
5246,62,Suburban,Middle,129,6631.2,21010,2648.6,855427.1,45,149,1067,33,Daily,4,9.9,5,95232.52426,
5247,48,Urban,Low,358,1419.2,2882.8,158.8,508065.3,291,277,2890,36,Daily,10,33.8,7,66239.35231,
5248,61,Urban,Low,698,5678.1,11745.8,1149.7,3963303.4,258,35,4465,25,Weekly,12,19.0,2,408568.9411,
5249,20,Rural,High,525,14342.1,49959.8,5991.8,7529583.8,303,216,929,8,Weekly,11,32.6,3,756639.3754,
5250,58,Rural,Low,841,12698.8,60678.3,6038,10679683.1,259,1,4514,7,Daily,15,13.3,9,1086328.814,
5251,63,Suburban,High,220,1637.1,5960.1,737.4,360154.9,246,206,963,13,Monthly,14,17.7,7,45848.85627,
5252,49,Suburban,Middle,6,2302.7,8456.8,890.2,13816.4,240,92,3349,47,Monthly,6,40.3,6,18274.98338,
5253,55,Urban,Middle,751,7544.8,37307.7,1253.9,5666107.3,128,91,3516,24,Daily,4,22.4,1,576909.846,
5254,26,Urban,Low,983,14877.7,24011.3,3682.1,14624796.5,202,70,3156,33,Daily,12,12.3,7,1477482.984,
5255,65,Urban,High,624,16660,18914.8,2000.6,10395862.7,276,132,2840,2,Monthly,14,45.0,5,1049991.609,
5256,18,Suburban,High,228,302.3,1203.9,107.6,68932.3,207,257,2126,31,Weekly,8,60.4,6,19151.38436,
5257,48,Rural,Low,954,6586.9,18148,1844,6283923.1,40,355,3898,35,Daily,16,59.3,2,639974.3296,
5258,26,Urban,High,17,8491,23055.5,2795.3,144346.9,365,92,1759,46,Weekly,3,60.2,8,29430.32428,
5259,31,Urban,High,585,18223.5,34646.8,8961.3,10660773.8,321,82,1479,4,Weekly,13,2.2,10,1077170.333,
5260,33,Suburban,Middle,12,10033.1,30374.8,2617.7,120397.4,346,308,4802,14,Weekly,9,49.7,6,27120.82013,
5261,45,Urban,High,598,5401.3,14954.6,1202.8,3229988.3,319,99,976,27,Daily,4,71.9,2,328968.2787,
5262,63,Rural,High,499,7807,18594.8,1251,3895713.4,56,53,960,17,Monthly,11,52.6,8,400865.3129,
5263,25,Suburban,High,692,8734.3,24202.6,1375.2,6044152.5,160,341,3427,44,Weekly,12,19.9,1,614433.1599,
5264,33,Urban,Low,634,13403.2,33981.7,4120.5,8497639.9,322,80,4967,10,Weekly,3,41.0,2,861705.7211,
5265,53,Urban,Low,716,831.3,3956.9,332.3,595242.9,96,312,3899,9,Monthly,12,34.9,5,72266.00679,
5266,34,Suburban,Low,502,7795.1,38359.9,2539.5,3913159.6,116,359,80,3,Monthly,4,33.6,6,395750.9548,
5267,51,Suburban,High,70,12934.6,56389.8,5811.7,905423.9,212,343,4665,19,Weekly,0,52.3,5,106749.0034,
5268,28,Urban,High,108,5673.6,28150.5,1284.2,612750.2,87,246,2859,4,Weekly,3,10.0,2,68265.2406,
5269,61,Rural,Low,201,11839.1,24422.6,4001.8,2379659.6,307,289,1656,0,Daily,0,9.5,3,242492.1626,
5270,18,Suburban,Low,52,7152,31266.4,2606.9,371904.3,268,279,2549,12,Daily,17,37.0,10,51366.71407,
5271,25,Rural,High,549,15176.8,39862.2,3221.7,8332079.7,44,262,1071,45,Monthly,12,70.2,4,841636.9526,
5272,53,Urban,High,629,1221.3,4866.5,315.7,768227.9,83,341,1660,21,Weekly,20,5.4,8,89078.58578,
5273,16,Rural,Middle,259,18360.1,33150.4,6175.9,4755255.5,211,261,2712,47,Monthly,14,27.3,1,484530.285,
5274,42,Urban,Low,482,3440.5,14614.8,372.9,1658337.8,346,333,2456,12,Monthly,8,37.1,6,177856.3746,
5275,61,Urban,High,264,3179.4,4240.8,1445.5,839350.1,9,232,824,14,Daily,8,1.1,7,93219.44148,
5276,23,Urban,Low,906,16814.5,35011.6,2428.4,15233893.9,157,248,3084,8,Monthly,9,21.9,9,1539331.148,
5277,66,Urban,Low,303,17387,74552,2069.5,5268250.6,348,255,1868,2,Daily,20,8.9,3,533347.2452,
5278,61,Rural,Low,937,1868.5,7452.9,347.6,1750818.7,189,83,3851,1,Daily,2,51.1,10,191072.0452,
5279,57,Urban,Middle,576,18175.3,54616.5,5469.4,10468967.8,320,265,4322,11,Monthly,3,32.2,3,1059629.723,
5280,32,Urban,High,554,5473.2,20202.6,1266.9,3032166.3,131,3,987,23,Daily,4,45.2,10,316182.9906,
5281,24,Rural,High,555,12376.2,21563.1,3416.6,6868817.4,215,223,190,17,Weekly,11,43.8,4,691926.7704,
5282,21,Suburban,Low,125,1381.2,5070.4,184.7,172648,115,250,1023,35,Weekly,5,26.4,1,23503.62144,
5283,58,Rural,High,905,7619.4,7862.5,1472.4,6895570.9,123,192,4563,24,Daily,5,3.5,7,706369.009,
5284,40,Rural,Middle,270,9020,39082.4,1254.4,2435395.9,358,46,4123,14,Weekly,7,20.0,10,261452.7836,
5285,54,Rural,Low,997,12000.5,36783.4,2302.7,11964531.5,333,295,3294,0,Monthly,18,35.2,3,1204225.281,
5286,64,Urban,Middle,859,10510.2,50191.5,4007.8,9028250.4,319,269,3113,7,Daily,19,15.4,5,912837.7694,
5287,43,Urban,Middle,745,9235.2,26899.1,3048.7,6880257,364,41,3663,48,Weekly,19,67.6,7,706364.2206,
5288,48,Urban,High,480,19193.2,52442.5,4483.3,9212739.8,192,139,2085,36,Daily,10,30.4,5,931558.6528,
5289,69,Suburban,High,132,3708.6,10384.9,758.4,489535.9,148,41,1156,6,Monthly,10,26.0,6,57683.20577,
5290,52,Urban,Middle,2,3168.3,7727.2,1581,6336.6,28,331,1711,34,Daily,14,8.6,4,9836.422515,
5291,24,Suburban,High,115,14271.2,23785.9,5810.5,1641193.4,124,175,4605,37,Weekly,20,20.6,1,175602.4031,
5292,33,Urban,Middle,481,1500.3,6553.7,643.4,721640.5,77,291,162,44,Monthly,3,42.1,7,83327.27763,
5293,36,Rural,Middle,981,9663,24701.9,1068.2,9479403.2,75,323,4399,15,Monthly,12,59.2,2,959543.0078,
5294,17,Urban,Low,1,9686.2,30186.5,1199.5,9686.2,358,280,2794,16,Monthly,9,55.9,7,13716.67859,
5295,58,Suburban,Middle,331,6207.4,6701.2,2390.1,2054651.5,186,94,4877,37,Monthly,13,49.6,1,217966.0067,
5296,53,Suburban,Middle,577,18609.6,23094.8,3288.9,10737722.1,39,352,53,29,Monthly,4,67.2,9,1084955.844,
5297,55,Urban,High,942,5658,19173.6,1529.2,5329876.8,234,340,373,36,Monthly,16,18.3,10,545241.7379,
5298,51,Rural,Low,955,5776,26089.5,1003.1,5516036.7,248,205,876,17,Monthly,19,17.7,4,558453.0572,
5299,65,Urban,High,971,4693.7,13957,801.8,4557540.3,329,56,2775,35,Weekly,6,4.3,9,471618.1085,
5300,58,Urban,Low,637,2924.3,4854,420,1862780.9,131,231,3729,11,Daily,14,51.0,3,197203.7071,
5301,52,Urban,High,768,7286.6,10671.3,2460.7,5596094.2,5,260,2865,27,Daily,18,57.9,2,568495.8326,
5302,30,Rural,Middle,391,13620.9,62644.8,5390.1,5325786.1,348,220,2684,47,Daily,15,19.4,5,546752.1324,
5303,43,Suburban,Low,834,14845.8,56511.4,1822.1,12381426.9,259,168,2708,10,Monthly,6,57.1,3,1246754.126,
5304,33,Rural,Low,143,16270.2,79151.2,3420.3,2326644.9,245,171,3288,42,Daily,4,51.3,6,248555.5023,
5305,49,Suburban,Low,328,3958.9,5262.9,1438.5,1298520,350,314,39,5,Daily,16,39.4,4,133181.9929,
5306,37,Suburban,Low,758,722.3,3330.1,185.6,547501.5,78,318,1654,25,Daily,3,40.3,4,62445.52433,
5307,26,Suburban,High,628,19494,85432.9,7444.1,12242213.4,336,137,797,15,Monthly,15,51.1,10,1235417.04,
5308,28,Rural,High,377,296.5,1355.8,119.7,111783.2,115,278,709,37,Monthly,18,71.9,5,20172.96397,
5309,19,Urban,Low,815,19214,19656.9,2169.6,15659385.5,4,260,4724,8,Daily,3,23.7,6,1581481.152,
5310,37,Urban,Low,90,16578,65775.1,4183.4,1492020,131,291,24,17,Weekly,5,6.2,10,158814.2496,
5311,22,Urban,Low,808,18242.4,58298.1,7144.7,14739838.6,227,289,4053,32,Weekly,13,50.7,10,1493114.395,
5312,58,Urban,High,42,7749.8,25518,1948,325493.4,128,135,2114,49,Daily,19,3.0,10,50543.14731,
5313,69,Urban,Low,947,3952.1,11369.3,404.4,3742608.4,9,105,2744,18,Daily,12,64.5,6,385809.2209,
5314,39,Rural,Low,35,12133.2,48177.4,2845.5,424662.3,324,227,2350,8,Weekly,13,70.1,7,54043.07282,
5315,19,Rural,Low,494,14827.6,74128.5,6658.5,7324839.8,118,190,4573,45,Daily,6,52.6,7,752757.2344,
5316,43,Rural,High,553,2625.9,10089.2,1262.5,1452129.7,344,195,4200,43,Daily,2,25.4,4,161109.2659,
5317,30,Rural,Middle,853,15954.5,59226.2,5172.5,13609149.3,188,64,2704,41,Monthly,2,17.0,6,1374717.722,
5318,16,Rural,Middle,124,4179.8,15121.4,930.2,518292.8,139,171,1456,8,Monthly,17,8.8,4,57617.75363,
5319,18,Rural,High,57,9838.6,37198.3,2818,560801.9,125,18,1073,43,Weekly,15,1.4,2,62397.0473,
5320,29,Rural,Middle,806,17131.1,40574.1,3331.7,13807653.8,223,259,1235,4,Daily,0,31.6,8,1391591.103,
5321,53,Urban,Low,456,3876.6,8842,648.4,1767709.5,328,315,4697,22,Monthly,13,46.9,1,188148.9372,
5322,65,Suburban,Low,235,4845.3,20046.6,1441.1,1138639.4,306,190,4484,50,Daily,17,27.7,5,132147.1364,
5323,16,Rural,High,608,1264.8,1533.4,499.2,768995.6,259,295,3366,41,Monthly,19,32.1,3,89021.66265,
5324,53,Suburban,High,392,2940.8,11872,555.8,1152799.9,67,320,4524,33,Weekly,15,49.7,6,133014.6626,
5325,53,Rural,Middle,492,2939.1,12506.7,1363.2,1446013.2,85,253,2064,37,Daily,18,30.0,8,159013.6154,
5326,36,Rural,Middle,970,4076.5,12581.7,682,3954220.3,62,81,4538,21,Weekly,1,55.9,1,405818.1229,
5327,63,Urban,Low,831,5731.1,26595.9,1853.2,4762582.3,14,60,3426,4,Monthly,8,46.6,10,491585.0651,
5328,44,Suburban,High,343,16301.5,47149.7,6692.6,5591420.5,122,105,1016,0,Monthly,12,48.7,4,564500.378,
5329,20,Urban,Middle,644,18316.1,31363.5,3395,11795581.1,279,365,2017,25,Monthly,17,45.0,4,1189872.525,
5330,64,Urban,Middle,176,8131.5,19886.5,1777.4,1431152.7,123,261,3423,17,Monthly,19,9.5,6,157114.4856,
5331,25,Suburban,Low,52,2572.9,11895.7,310.3,133790.6,77,255,2425,25,Daily,1,49.6,1,20231.23561,
5332,43,Urban,Low,550,4484,22307.5,2141.4,2466178.2,272,46,4487,14,Monthly,6,43.0,6,262890.6992,
5333,36,Rural,Low,478,14726.8,39576.9,4341.3,7039390.1,146,132,4125,1,Daily,12,41.8,10,721891.8526,
5334,65,Rural,Low,489,13551.7,22596,1703.8,6626799,269,14,4226,14,Weekly,7,43.5,9,679043.2099,
5335,22,Rural,Middle,855,19344.5,41500,8357.8,16539525.2,56,267,4496,10,Monthly,2,71.1,1,1663988.695,
5336,18,Rural,High,5,299.6,962.8,98.2,1498.1,218,22,4218,44,Daily,13,32.0,3,14744.49868,
5337,60,Rural,High,725,15017.7,49383.9,1833.9,10887809,173,106,919,19,Daily,7,8.5,5,1097491.384,
5338,62,Urban,Low,632,10120.8,35627.7,2837.5,6396354.5,40,5,3834,46,Daily,0,37.4,10,660423.6799,
5339,35,Urban,Low,838,18054.8,78383.5,4942.7,15129949.7,359,181,4051,41,Monthly,10,11.6,2,1526383.728,
5340,34,Rural,Middle,881,11527.6,44321.9,1826.3,10155790.8,159,149,4169,16,Daily,0,58.3,3,1027191.594,
5341,50,Rural,Low,209,8938.9,18265.4,2397,1868227.6,360,335,3543,4,Weekly,10,18.7,2,194993.4594,
5342,19,Urban,High,217,13320.4,34368.9,2838.9,2890516.7,32,280,110,32,Weekly,5,71.7,4,294053.0313,
5343,20,Suburban,Low,536,16672.1,72678.3,6335,8936263.6,248,13,3782,50,Weekly,10,13.6,8,913519.719,
5344,16,Urban,High,342,5657.1,19989.7,578.1,1934743.9,129,352,2224,43,Weekly,17,27.8,9,209796.3115,
5345,19,Urban,Low,717,2159.5,3597,307.8,1548336.8,291,26,3091,24,Weekly,8,11.4,8,170461.8024,
5346,27,Urban,Low,401,8666,19950.6,4051,3475078.9,36,40,2252,6,Daily,12,30.8,10,361556.8911,
5347,42,Urban,High,462,4298.3,17899.5,1174.9,1985792.5,348,282,3593,33,Monthly,9,35.4,10,218926.3566,
5348,57,Urban,Middle,738,8596.5,14514.2,1465.5,6344237.7,66,286,3080,14,Weekly,9,53.8,1,641262.641,
5349,38,Suburban,Middle,730,19821.1,74610.5,8271.1,14469368.7,285,64,1990,12,Monthly,2,1.1,9,1460628.654,
5350,40,Rural,Low,211,11486.7,37379.4,5061.5,2423693.8,157,111,3947,31,Monthly,3,17.4,5,257192.1615,
5351,36,Rural,Low,26,13875.1,22060,2559.8,360751.8,43,329,3646,38,Daily,9,20.2,2,48081.5039,
5352,67,Suburban,High,252,13561.8,50931.5,5227.3,3417570.9,275,88,2127,13,Monthly,20,43.6,9,355140.7342,
5353,39,Rural,High,3,16415.8,25762.9,5680.8,49247.4,121,124,1567,19,Weekly,18,20.7,2,11019.87793,
5354,40,Rural,Low,2,18883.1,48978,7515.9,37766.3,192,146,3587,15,Monthly,17,35.6,1,12844.6626,
5355,60,Rural,High,604,13179.8,29446.8,5471.7,7960583.4,354,214,2173,29,Daily,6,35.6,3,805182.5514,
5356,61,Suburban,Middle,2,9527.1,35822.4,3471.4,19054.3,31,128,4603,40,Monthly,20,58.5,6,20995.87758,
5357,47,Suburban,Middle,150,6363.4,26277.5,3070.3,954516.1,357,294,2422,18,Monthly,1,63.2,3,104489.8029,
5358,47,Rural,High,583,7211.9,12067.4,3214.3,4204527.9,19,149,4629,21,Monthly,8,70.4,6,435848.6731,
5359,20,Rural,High,4,6696.3,28445.7,1282.9,26785.1,285,327,4246,36,Weekly,7,60.7,3,15663.45597,
5360,51,Rural,High,497,6496.1,6683.5,3023.4,3228544.4,73,140,4313,9,Weekly,20,63.3,10,340592.1656,
5361,61,Urban,Middle,550,13895.6,43357.4,3388.3,7642554.6,76,292,4377,7,Monthly,2,69.9,2,774128.051,
5362,57,Urban,Low,871,11758.3,36064.5,4593,10241482.4,188,122,4400,28,Monthly,11,59.7,2,1035720.071,
5363,64,Urban,High,468,4047.9,14148.5,1777.8,1894408.3,179,11,3755,13,Daily,9,15.5,4,201931.2511,
5364,57,Suburban,High,70,19392.8,37986.7,5324.3,1357497.7,338,283,4757,10,Monthly,13,57.3,3,147950.6335,
5365,54,Rural,High,201,8560.2,8897.7,1032.4,1720606.8,306,252,1218,29,Daily,0,51.4,8,185105.8952,
5366,31,Suburban,Low,308,11326.1,31928.8,5435,3488428.7,137,194,1449,32,Daily,18,40.5,1,353996.2033,
5367,48,Suburban,High,252,14055,18069.4,1813,3541858.3,162,330,1587,41,Monthly,13,13.4,6,366158.4409,
5368,64,Suburban,High,287,12277.4,56092.7,2937.3,3523616.9,290,195,3984,33,Weekly,19,4.4,6,367604.6266,
5369,36,Rural,Middle,922,6227.9,10554.2,2108.6,5742146.7,47,81,4749,38,Daily,5,16.4,5,590515.0139,
5370,24,Urban,High,292,15956.2,43096.5,2345.8,4659197.1,24,107,3135,48,Weekly,15,63.3,10,485824.1777,
5371,21,Rural,Middle,154,2212,6052,962.8,340643.6,336,321,2220,36,Weekly,3,20.1,8,48862.17159,
5372,66,Rural,Low,924,11384.2,36560,2064.7,10519025.5,284,206,396,41,Weekly,8,32.7,1,1057723.882,
5373,60,Suburban,High,133,5473.6,22606.7,2706.2,727990.3,174,209,3737,36,Daily,7,71.8,5,87564.24691,
5374,50,Suburban,High,883,12319.1,35584.8,5747.8,10877756.2,307,127,743,4,Daily,5,37.2,4,1091967.961,
5375,54,Suburban,Middle,586,4367.7,4817.6,1493,2559466.2,262,34,1453,40,Monthly,9,55.5,8,270268.4764,
5376,37,Urban,Low,274,15446.3,63089.4,5622.5,4232278.3,230,64,2017,42,Daily,6,57.4,10,438995.5104,
5377,56,Urban,Low,783,4558.5,6056.8,1428.8,3569267.3,191,17,4146,46,Monthly,10,63.4,2,369381.6616,
5378,69,Urban,Middle,697,17808.9,63510.5,4567,12412830.3,118,249,3286,4,Daily,4,24.6,10,1257547.956,
5379,20,Rural,Low,509,17232.5,72612.8,4147.6,8771333.6,53,105,1825,16,Weekly,13,11.8,7,887600.9284,
5380,57,Suburban,Low,353,7254.2,15457.1,3312.7,2560748.5,192,345,2667,18,Daily,8,64.1,2,265133.8481,
5381,38,Rural,Low,5,7722.5,21595.5,2553.4,38612.7,60,108,4979,45,Weekly,19,44.3,8,24654.89201,
5382,32,Urban,Low,293,14033.1,14837.8,6024.6,4111684.9,11,222,3611,25,Daily,19,43.3,5,424330.4445,
5383,27,Suburban,Low,360,1816.6,7657.7,555.2,653964.1,260,176,2322,1,Weekly,19,41.5,2,70085.01372,
5384,38,Urban,Low,598,1627.6,6206,362.6,973292.3,270,228,4783,13,Monthly,19,3.5,1,108434.3145,
5385,31,Suburban,Low,214,2735.1,5266.6,373.9,585315.8,141,190,2631,27,Weekly,5,18.7,9,73298.55748,
5386,18,Suburban,Low,406,11253.9,28820.1,2582.5,4569076.1,143,213,1953,3,Weekly,6,48.7,2,460968.6698,
5387,45,Rural,High,436,2988.6,11300.5,1351,1303010.4,113,221,361,2,Daily,3,3.3,1,130549.0374,
5388,37,Rural,Middle,15,5559.6,13524.5,2139.2,83393.5,264,324,399,14,Monthly,16,44.1,7,16356.51702,
5389,24,Urban,Low,273,12941.8,21349.5,5362.2,3533100.2,344,162,3654,21,Daily,3,4.6,6,367172.0186,
5390,44,Rural,Middle,563,322.3,990.8,131.9,181465.8,11,298,794,47,Weekly,19,1.6,8,30609.68073,
5391,62,Rural,Low,765,3612.9,14069.7,534.7,2763891.3,99,249,562,41,Weekly,13,64.3,10,289175.0007,
5392,52,Rural,Low,45,18599.3,42466.7,3041.8,836969.1,23,190,3155,49,Weekly,17,65.7,3,97602.5923,
5393,38,Suburban,High,703,13274.9,19741,3012,9332266.4,239,12,2274,18,Weekly,7,21.6,3,941791.9615,
5394,28,Rural,Middle,634,6118,26418.5,1348.5,3878790.9,109,68,2064,33,Daily,4,62.4,6,399355.3026,
5395,47,Urban,Middle,412,915.6,1841.5,115.8,377233.6,263,41,219,9,Daily,13,6.3,6,44038.40636,
5396,61,Suburban,High,187,11725.1,35776.4,1892.3,2192596.6,325,260,2631,33,Daily,8,30.2,3,229140.4633,
5397,67,Suburban,High,726,4465.1,16812.8,1975.8,3241660.8,160,126,2499,15,Monthly,20,34.8,6,336331.2861,
5398,62,Rural,Middle,661,19203.9,43560.2,6445.2,12693782.5,220,226,2016,36,Weekly,19,30.0,1,1276237.35,
5399,63,Suburban,Low,170,13742.3,49397.5,3255.7,2336199.4,172,210,625,35,Monthly,2,25.7,1,237684.7818,
5400,38,Urban,Low,721,19482.7,55308.3,6051.2,14047053,94,333,1664,48,Weekly,16,44.4,5,1416368.751,
5401,60,Urban,Middle,965,16979.5,55722.4,3472.7,16385206.8,122,330,3341,44,Daily,17,49.0,4,1651689.59,
5402,32,Suburban,Low,594,9665.7,32499.1,3223.9,5741436.5,300,265,902,21,Weekly,3,69.1,2,577847.3704,
5403,55,Rural,High,401,13394.6,57551.1,1739.3,5371221.5,197,171,63,31,Weekly,8,10.0,3,541274.8931,
5404,36,Rural,High,708,16244,58889.5,7489.5,11500768.2,51,1,1991,43,Monthly,10,64.9,1,1159039.882,
5405,17,Suburban,High,246,11567.8,23797.6,2269.4,2845675.8,317,364,1927,16,Daily,8,57.6,6,294160.5976,
5406,52,Urban,Middle,903,1239.1,1534.6,529.9,1118939,307,349,949,8,Weekly,5,21.1,10,123467.4924,
5407,21,Suburban,Middle,857,9414.2,9489,3426.8,8067988.1,20,209,438,32,Daily,17,15.2,5,815040.1049,
5408,59,Rural,Middle,869,2620.2,12099,810.2,2276919.8,30,241,896,32,Monthly,0,9.3,10,240484.8567,
5409,33,Rural,Low,552,14299.8,68187.7,6748.3,7893482.4,300,72,4676,1,Weekly,3,31.1,6,803401.2113,
5410,45,Suburban,Middle,680,13615.8,18741.4,2215.6,9258725,86,273,2079,13,Weekly,5,40.1,6,936077.4108,
5411,37,Urban,Middle,43,19858.2,58546.3,2933.3,853904.1,230,89,0,36,Weekly,17,41.5,2,89028.91108,
5412,69,Suburban,High,841,12579.9,20208.1,2877.6,10579702.6,157,20,4801,32,Weekly,16,30.6,8,1077388.986,
5413,48,Urban,Low,723,16004.8,76742.8,6915.5,11571439.6,181,315,4009,0,Daily,15,49.7,6,1169016.946,
5414,45,Urban,Low,179,5373.1,10678.1,613,961780.3,112,141,3053,46,Monthly,20,51.3,2,108626.7747,
5415,32,Suburban,High,457,6807.1,20466.1,1332.6,3110836.7,139,333,2763,21,Monthly,17,37.6,1,317769.336,
5416,58,Suburban,Low,535,18341.3,30492.1,4950,9812603.4,10,175,2633,29,Weekly,11,40.2,9,998016.7556,
5417,47,Urban,Middle,607,15106.3,35213.4,5818.6,9169520,291,50,4247,26,Monthly,19,14.8,4,931482.9231,
5418,57,Urban,Low,672,13108.8,27098.9,2880.3,8809134.3,238,94,3432,32,Monthly,8,40.3,10,900528.8012,
5419,66,Urban,High,244,5088,14763.9,1420.8,1241475.3,132,168,2417,15,Daily,17,6.3,8,137885.4778,
5420,29,Urban,Low,927,13974.6,37439.7,3280.4,12954429,330,55,1682,9,Daily,4,41.5,2,1299877.321,
5421,25,Rural,High,17,17736.4,41205.1,2426.8,301518.9,185,51,562,26,Daily,2,46.6,9,41237.55967,
5422,62,Suburban,Middle,112,4623.6,6581.8,1828.5,517848.3,295,332,257,36,Daily,1,70.7,8,63324.37212,
5423,66,Urban,Middle,615,14125.4,41499.7,4019.4,8687131.9,208,270,964,1,Weekly,9,31.2,2,872065.7524,
5424,51,Suburban,High,826,7879.9,34678.3,3349,6508832.2,250,362,4741,29,Daily,5,36.2,9,672016.9845,
5425,49,Urban,Middle,598,2384.2,9348,900.9,1425728,350,145,4285,45,Weekly,12,33.1,8,162606.7142,
5426,24,Suburban,Middle,547,15271.6,59288.8,1880.3,8353553.7,323,77,4673,42,Monthly,4,19.4,2,849954.9042,
5427,57,Suburban,Low,30,3351.1,8258.3,1005.4,100531.9,89,129,4931,18,Monthly,6,7.7,6,27350.65377,
5428,43,Urban,Middle,192,5065.4,19419.1,2514.2,972556.1,358,111,1841,18,Daily,18,46.5,5,105651.0503,
5429,26,Urban,High,437,15661,44823.8,3494.7,6843862,362,1,3875,50,Weekly,5,6.1,2,697004.7104,
5430,29,Suburban,Middle,179,14845.2,23768.8,4411.8,2657297,36,26,4093,34,Weekly,13,31.5,8,285043.0785,
5431,54,Suburban,Low,616,5091.1,13624.8,1836.9,3136129.6,4,116,2654,10,Weekly,6,1.8,1,320255.0457,
5432,62,Suburban,High,677,18819.9,28812.4,3404.6,12741060.5,234,174,3984,31,Monthly,16,67.8,8,1291333.832,
5433,69,Rural,Middle,474,4313.6,6288.9,1643.5,2044623.5,330,13,4600,15,Daily,3,50.5,6,218987.4314,
5434,34,Urban,Middle,634,19872.5,21705.5,7231.8,12599170.1,269,34,2029,16,Monthly,12,16.8,9,1274395.83,
5435,69,Rural,Middle,134,14760.6,31461,3689.9,1977922.9,70,318,3815,28,Weekly,6,20.6,6,211966.3613,
5436,30,Rural,High,802,7856.2,18253.9,1679.5,6300695.4,7,232,1869,19,Monthly,9,23.9,1,636553.4516,
5437,43,Urban,Low,312,2615.7,9933.8,1223.2,816092.4,156,73,377,35,Daily,1,37.9,10,94278.77611,
5438,39,Urban,High,736,6417,20226.5,967.7,4722907.6,293,51,2392,46,Daily,7,45.9,5,486619.5708,
5439,23,Rural,High,25,3882.8,17215.7,1059.3,97070.8,286,211,2858,23,Daily,6,6.4,7,22402.41956,
5440,58,Urban,Low,371,12440.6,21222.2,5060.7,4615452.7,360,215,848,42,Weekly,17,47.9,4,470557.0441,
5441,24,Suburban,High,525,7143.5,14743,1137.6,3750355.6,74,41,779,47,Monthly,8,6.3,4,383671.5542,
5442,62,Suburban,High,319,5907.2,28143.7,2795.1,1884395.3,12,311,3411,3,Weekly,17,65.9,3,198099.9699,
5443,48,Rural,Middle,230,15145.1,42045.5,4702.6,3483371.3,337,94,865,4,Daily,4,36.3,8,357663.989,
5444,48,Rural,High,102,4619.7,19200.3,1394.8,471207.6,112,189,3639,18,Weekly,14,67.3,5,59330.51736,
5445,34,Urban,Middle,450,11741.9,34857.9,3166.9,5283862.9,30,135,1930,47,Daily,0,46.6,6,540513.7958,
5446,18,Urban,High,378,3900,11248.9,1743.2,1474190.9,36,206,538,50,Monthly,15,29.5,3,154014.9556,
5447,25,Rural,Middle,888,14298.8,22770.4,6854.5,12697355.9,344,2,4029,23,Daily,12,56.6,1,1279069.387,
5448,55,Rural,Middle,901,12506.2,55087.2,3151.9,11268066.8,230,204,1105,47,Monthly,15,5.8,8,1139598.697,
5449,62,Suburban,Middle,203,15965.1,20968.9,5060.3,3240913,277,241,1765,0,Monthly,1,42.7,8,333197.7923,
5450,57,Suburban,Low,267,1379.3,3091,311.9,368261.5,106,258,1755,34,Daily,16,19.3,7,50635.35748,
5451,16,Urban,High,984,4210,15551.2,1040.7,4142647.8,288,156,233,1,Monthly,3,60.8,7,421405.4047,
5452,44,Suburban,High,462,3097.7,9382.9,344.9,1431120.1,250,54,3263,9,Monthly,8,64.2,4,154406.318,
5453,65,Urban,High,365,3819.3,17284.4,1582.6,1394051.5,63,94,3735,5,Daily,19,42.6,10,156122.2477,
5454,49,Urban,Low,734,2069.3,2394.5,1009.2,1518830.6,44,314,3684,39,Daily,9,19.5,6,166754.8327,
5455,66,Urban,Middle,104,11246,40459,4586.2,1169585.8,149,61,4885,37,Daily,16,28.6,6,134972.4885,
5456,28,Suburban,High,111,11872.7,34547.9,3648.3,1317869,46,360,4624,19,Weekly,4,45.1,8,149546.3912,
5457,69,Rural,Low,428,16871.4,27285.2,7271.6,7220942.2,175,168,896,18,Daily,5,31.2,1,724619.5013,
5458,16,Rural,Low,995,8360.6,33216.7,3705,8318783.2,154,274,3595,47,Daily,16,56.2,6,847445.9494,
5459,49,Suburban,High,469,10652.4,28177.9,3385.4,4995961.7,261,25,275,35,Monthly,7,27.2,2,503899.7844,
5460,44,Rural,Middle,581,19826.2,61983.1,9414.7,11519003.7,133,356,402,47,Monthly,16,36.9,5,1160165.926,
5461,63,Urban,Low,870,10641.6,51814.6,1192.6,9258177.4,287,48,2301,28,Monthly,8,14.4,9,941781.6991,
5462,62,Rural,High,770,11475.8,33795.3,1193.9,8836355.2,156,189,3048,40,Weekly,18,50.5,1,893473.004,
5463,28,Suburban,Middle,680,19918.4,85519.4,2640.9,13544504.6,333,53,2584,23,Weekly,4,62.4,6,1367006.948,
5464,63,Rural,Low,805,19882.6,81087.6,2448.4,16005530.3,241,241,4258,8,Daily,0,27.0,9,1618037.727,
5465,64,Urban,Low,886,8486.4,30983.9,2290,7518922.6,331,27,2110,31,Monthly,16,68.8,5,763676.6329,
5466,68,Urban,High,561,12702.6,58269.9,6048.1,7126151.4,127,59,242,39,Monthly,17,3.7,5,719764.1462,
5467,44,Suburban,High,250,9621.2,19304.1,3560.7,2405310.5,193,186,2350,4,Monthly,5,16.6,3,247505.1302,
5468,54,Suburban,Middle,482,14417.1,61749.7,5244.7,6949043.1,269,141,962,20,Weekly,13,30.3,2,699502.6755,
5469,39,Suburban,High,331,18768.3,47130.1,4766.3,6212322.7,122,57,1139,16,Daily,20,31.1,7,631419.4943,
5470,41,Urban,High,932,6200.1,26350.2,1943.8,5778483.5,146,195,2367,23,Weekly,0,57.3,3,585475.2211,
5471,32,Rural,Middle,587,16379.3,48731,3630.8,9614657.7,152,106,1045,26,Monthly,16,64.0,3,967627.7454,
5472,22,Rural,High,201,13100.4,58045.9,4023.6,2633186.5,157,280,1486,47,Weekly,0,22.5,2,272988.9109,
5473,28,Suburban,Middle,454,5610.9,25694.4,2236.9,2547346,156,168,964,17,Daily,11,46.4,4,261692.8645,
5474,20,Rural,Middle,504,15948,54073,5158.8,8037802.2,102,335,2665,21,Daily,2,40.2,8,816711.8474,
5475,41,Rural,Middle,546,8548.4,25906,2287.1,4667420.4,340,246,2011,5,Monthly,12,13.6,4,472827.1053,
5476,64,Suburban,High,826,2416.7,9988.7,1058.5,1996226.9,252,340,4937,27,Weekly,3,24.1,4,214835.1446,
5477,18,Suburban,Middle,111,19868.4,41086.7,4271.3,2205391.6,267,214,3407,41,Monthly,8,2.4,10,240042.8689,
5478,22,Urban,High,933,8518.7,9041.7,2492.5,7947919.3,307,2,369,19,Monthly,15,22.6,10,805175.9581,
5479,64,Urban,Middle,864,10835.6,28480.1,5323.1,9361989,59,304,1394,15,Daily,13,8.5,6,944715.4856,
5480,54,Urban,High,828,16161.2,48986,7869.3,13381436.3,340,354,828,18,Monthly,4,64.8,9,1348269.093,
5481,68,Urban,Middle,908,19217.9,42069,1970.1,17449865.9,105,182,2075,7,Monthly,19,64.8,3,1751638.753,
5482,16,Rural,Low,749,17459,44231.5,5462.8,13076812.1,269,302,2896,17,Daily,14,49.3,7,1319733.454,
5483,64,Rural,Low,544,10505.8,16097.4,2466.4,5715162.6,47,183,4545,36,Weekly,9,71.5,4,586857.3867,
5484,32,Urban,Low,209,10918.5,23028.8,2363.7,2281959.1,88,95,4622,44,Weekly,11,42.2,7,247227.8117,
5485,58,Urban,Middle,644,5624.9,11027,1904,3622454.8,171,156,182,46,Weekly,5,15.2,4,371003.066,
5486,40,Suburban,High,618,9261.4,20411.7,2579.5,5723563.5,152,180,375,30,Daily,18,63.8,6,580577.27,
5487,18,Rural,Middle,33,18937.3,41590.4,7445,624931.2,176,97,1829,37,Monthly,13,15.8,3,70931.68067,
5488,30,Rural,Middle,555,14541.5,47054.6,1612,8070560,319,277,3990,1,Weekly,13,20.0,4,818037.7347,
5489,44,Urban,Middle,880,247.4,495.4,116.5,217730.5,145,238,209,31,Daily,6,47.8,5,29034.95643,
5490,68,Rural,Middle,107,2339,11142.5,764.9,250269.9,325,343,4127,14,Weekly,9,10.2,7,40697.66653,
5491,58,Suburban,High,265,18477,56264.3,6903.5,4896401.6,310,298,2091,10,Weekly,14,44.3,1,493399.5593,
5492,47,Suburban,Middle,226,16975.9,25733.2,5802.9,3836553.3,222,13,885,4,Weekly,14,22.5,8,392633.7655,
5493,41,Rural,Low,487,9728.4,20608.9,4821.9,4737744.3,15,301,3706,41,Monthly,17,45.5,6,490970.8992,
5494,31,Urban,Low,179,12343.4,48374.1,6104,2209467.9,138,346,4467,28,Daily,8,57.7,8,240608.605,
5495,40,Rural,Low,222,5800,6116.9,1995,1287605.3,250,182,994,19,Weekly,15,29.0,8,138717.3542,
5496,69,Suburban,Middle,370,15858.7,75348.9,5924.6,5867714.1,150,155,2489,19,Weekly,1,24.5,9,601280.2271,
5497,43,Urban,High,637,12070.3,33564,4193.6,7688791.1,351,251,2661,17,Daily,20,24.5,4,779894.1879,
5498,24,Rural,High,788,13899.6,42870.7,3117.3,10952857.9,269,281,3515,11,Daily,14,26.4,3,1105459.483,
5499,16,Urban,High,167,7504.4,37174.4,1328.6,1253242.8,81,177,4062,48,Daily,12,56.6,1,136963.1528,
5500,44,Urban,Middle,663,8614.5,25960.6,2249.3,5711384.2,65,360,4333,16,Daily,0,31.6,9,588035.0289,
5501,37,Suburban,High,553,4161.6,19938,1552.7,2301345.4,142,71,1354,3,Daily,1,51.7,2,235008.6374,
5502,31,Urban,Low,300,18961.6,88378.4,2320.7,5688471.1,300,84,2819,18,Monthly,15,53.5,9,584976.554,
5503,56,Rural,High,381,18931.7,90214.4,5787.8,7212968.1,247,189,4398,22,Daily,3,38.8,10,742280.6354,
5504,66,Urban,Middle,35,16356.8,69508.3,4307.7,572489.7,193,92,1926,26,Weekly,19,33.3,8,69529.28173,
5505,59,Urban,Middle,407,18711.7,40896.3,5819.2,7615681,283,69,228,49,Monthly,0,27.9,9,775746.8805,
5506,66,Rural,High,502,13309.9,31751.2,5910.8,6681573.7,254,308,3211,41,Weekly,5,47.5,2,680409.6197,
5507,69,Suburban,Middle,314,4700.7,11563.4,559.6,1476016.9,173,164,3910,45,Monthly,15,37.5,7,166352.6366,
5508,56,Suburban,High,816,15206.6,74766.7,6165.5,12408592.4,313,179,4149,44,Daily,15,21.7,7,1258264.117,
5509,22,Rural,High,743,6512.3,15909.6,2388.5,4838617.7,278,33,2639,13,Monthly,5,38.8,3,491719.1817,
5510,29,Rural,Low,727,8815.2,12647.7,1600.3,6408671.5,290,53,1294,3,Weekly,14,47.7,4,646212.9427,
5511,44,Suburban,Middle,826,5494.3,22599.6,2162.9,4538258.6,306,216,4225,3,Monthly,6,39.7,10,470614.2152,
5512,34,Urban,Low,101,8478.2,20892.4,2531.2,856298.4,310,202,1548,23,Monthly,6,2.1,9,98292.63032,
5513,34,Rural,Middle,569,13589.6,47342.5,3973.7,7732456.3,186,38,516,22,Daily,11,71.5,1,775612.8135,
5514,17,Urban,High,215,2221.1,10433.5,651.3,477537.6,356,261,3488,35,Weekly,0,54.7,3,61045.61899,
5515,56,Rural,Middle,935,2113.1,6977.5,1013.6,1975735.9,224,31,3055,10,Monthly,1,18.3,7,210209.1755,
5516,60,Suburban,High,668,13678.6,48569.8,6534.9,9137279.8,62,288,4607,32,Weekly,16,55.0,2,926258.9596,
5517,30,Urban,Middle,576,15593.8,55692.6,7258,8982044.7,84,5,3009,37,Monthly,16,55.5,3,909508.3188,
5518,18,Urban,Low,62,11033.8,38062.2,5017,684096.8,27,179,1980,4,Weekly,7,43.7,4,76740.19079,
5519,26,Rural,Low,851,3641,5967.9,418.8,3098494.3,320,54,224,26,Weekly,3,45.3,1,313369.6297,
5520,68,Urban,High,369,8620.8,24359.5,2243.5,3181086,131,219,2250,36,Weekly,12,12.4,9,332801.3548,
5521,61,Rural,Low,368,15165.9,15630.9,6945.2,5581061.8,127,284,2902,26,Daily,12,27.4,9,573748.4393,
5522,45,Suburban,High,574,13717.8,48081.7,5515.3,7874019.9,11,268,2981,30,Daily,10,42.8,3,797642.7275,
5523,55,Urban,High,94,2206.2,7283.7,623.6,207383.8,280,200,135,11,Weekly,11,6.5,5,25457.75137,
5524,33,Rural,High,469,19383.3,44049.4,7933.6,9090745.3,285,273,3875,46,Weekly,13,70.4,2,923105.0057,
5525,66,Urban,Middle,984,4475,13852.9,820.2,4403443.3,197,264,1052,5,Daily,20,8.2,8,450938.1206,
5526,63,Rural,High,853,4415.6,13124.1,1500.9,3766495,225,226,1374,11,Monthly,0,29.7,5,384395.8718,
5527,17,Rural,Low,26,9202.5,18438.8,2882.2,239266.2,264,18,3037,13,Weekly,8,65.9,2,32189.80958,
5528,47,Rural,Middle,435,6551.6,14237.6,2158.2,2849941.7,275,243,1351,21,Weekly,2,2.1,6,293766.6578,
5529,23,Suburban,Low,121,19679.9,79706.7,7649.9,2381265.5,68,117,3929,10,Daily,6,49.5,6,252530.6282,
5530,37,Urban,High,50,1539,6191.4,738.6,76951.5,233,10,1393,39,Monthly,14,28.6,5,18693.37493,
5531,21,Suburban,High,883,6135.7,17665.5,1261.5,5417840.3,99,39,370,38,Weekly,6,51.9,6,552128.4195,
5532,27,Rural,Low,764,7660.6,29646.9,3088.9,5852710.6,222,41,4733,37,Weekly,10,48.1,8,605437.3738,
5533,62,Rural,Middle,36,9874.2,27679.5,3535.5,355472.8,124,108,1659,12,Weekly,15,43.4,5,44425.30865,
5534,55,Suburban,Low,410,338,1488.9,127.8,138565.4,304,44,921,5,Weekly,11,62.4,1,16541.30531,
5535,51,Suburban,High,289,1656.4,3861.5,449.8,478705.1,102,197,3443,19,Daily,19,1.4,2,58021.37681,
5536,30,Urban,Middle,379,5163.6,24316.3,2467.3,1957010,320,299,1276,1,Monthly,7,11.4,9,206774.2031,
5537,43,Rural,High,100,11084.5,35128.3,3235.2,1108450.2,264,209,3942,10,Monthly,12,56.9,8,126929.5336,
5538,67,Suburban,High,324,15357.8,48265.6,2282.7,4975912.2,365,176,2486,7,Weekly,1,46.1,4,505921.4941,
5539,64,Rural,Low,329,13733,50582.1,5112.5,4518170.8,230,275,601,29,Monthly,7,66.7,1,455824.8069,
5540,60,Rural,High,648,11344.8,26812.6,1719.3,7351448.5,123,277,2065,26,Monthly,14,32.2,8,749716.2373,
5541,33,Urban,Low,706,7950.7,30986.3,1821.3,5613183.2,227,236,218,3,Monthly,11,40.0,1,561989.6737,
5542,17,Urban,Middle,221,17415.2,39736.2,3329.8,3848755.5,228,3,4607,6,Weekly,4,45.3,9,401573.8509,
5543,28,Urban,High,791,9200.9,23831.6,2903.5,7277874.8,153,360,1201,46,Monthly,1,13.5,10,744537.7231,
5544,60,Suburban,High,838,5992.1,22163.5,1432.1,5021349.3,309,312,208,23,Monthly,11,11.2,9,511490.0244,
5545,69,Rural,Middle,567,12590.4,31649.7,2064.1,7138761.9,305,344,1836,31,Weekly,5,19.0,5,724876.7113,
5546,30,Suburban,Low,939,13845.4,24920.2,5764.2,13000810.7,328,254,3206,18,Daily,7,28.4,3,1311256.729,
5547,35,Suburban,High,996,7975.4,35790.5,2292.1,7943518.5,149,36,210,41,Daily,3,35.6,1,799238.9624,
5548,44,Urban,Middle,110,572.6,2684.6,161.3,62984.3,307,6,3738,34,Daily,9,34.0,2,19000.27702,
5549,57,Rural,High,149,1891.7,6634,859.9,281861.6,9,330,3623,41,Daily,15,57.2,5,43116.20811,
5550,44,Rural,Low,406,16913.5,71791.2,5336.7,6866889.9,320,302,272,50,Monthly,7,10.5,2,693442.1742,
5551,18,Urban,Low,777,1140.4,5641.1,437.9,886085.3,224,20,1726,2,Weekly,15,27.2,6,96243.34025,
5552,34,Rural,Low,674,11844.5,40971.2,2738.8,7983174.9,23,291,3579,17,Daily,6,68.2,3,808343.9272,
5553,18,Urban,Low,699,3682.4,17068.3,1195,2573963.1,192,162,2781,36,Weekly,11,55.8,7,272386.8168,
5554,69,Suburban,Middle,410,4586.2,11176.7,1791.2,1880357,227,238,501,21,Daily,6,31.4,10,199736.195,
5555,29,Suburban,High,129,5473.9,20811.3,1196.5,706139,54,47,3825,32,Monthly,16,42.3,10,89941.97753,
5556,55,Urban,Middle,484,775.4,948.5,291.1,375315.3,92,292,3944,37,Weekly,14,34.4,9,57442.76709,
5557,19,Suburban,Low,108,3552.9,14765.6,1163.6,383716.8,15,16,1873,38,Daily,13,28.3,1,46569.23687,
5558,67,Suburban,Low,389,13013.5,56208,3561.5,5062249.4,308,108,1109,33,Monthly,4,10.4,3,513801.6464,
5559,26,Urban,Low,425,9979.4,25993.2,3843.9,4241226.1,179,177,2227,48,Monthly,1,12.9,10,443139.4671,
5560,46,Suburban,Low,447,15948.6,56710.4,3616.5,7129028,4,65,3064,22,Monthly,4,21.5,4,724443.6381,
5561,58,Rural,High,918,1234.2,5471.9,476.2,1133022.9,101,63,3151,34,Daily,4,26.9,6,127622.782,
5562,47,Suburban,Low,68,17779.1,80618,5697.2,1208977.2,130,308,1349,28,Weekly,5,18.9,3,128045.4419,
5563,42,Urban,High,944,19928,28419.9,3950.6,18812038.3,7,73,4850,1,Daily,13,42.0,4,1894702.295,
5564,45,Rural,Low,66,324.6,1399.2,119.2,21426.4,184,204,8,49,Monthly,5,43.5,10,17037.78975,
5565,58,Rural,High,656,19353.1,40583,8784.5,12695649.9,331,254,3499,13,Monthly,12,4.3,5,1282640.635,
5566,17,Suburban,High,976,4724.9,18470.7,1058.4,4611498.1,332,60,4287,47,Daily,6,47.1,4,478333.4386,
5567,64,Rural,Low,565,13853.9,31873.2,5887,7827474.6,35,101,1113,43,Weekly,17,34.2,3,791272.2871,
5568,24,Urban,Middle,640,5856.7,7176.4,1373.1,3748316.2,232,17,3491,49,Daily,3,39.8,7,392739.2423,
5569,43,Rural,Middle,504,10441,19206.1,4473.4,5262283.9,154,195,3476,7,Weekly,4,64.4,8,541276.3497,
5570,46,Suburban,Middle,504,10213.3,26908.8,1230.3,5147486.1,64,251,4587,0,Weekly,14,14.0,2,525383.9958,
5571,49,Suburban,Middle,982,7228.5,28660.4,743.7,7098385.6,247,38,676,27,Daily,1,29.7,10,722899.5063,
5572,30,Rural,Middle,321,14353.8,20135.7,2085.7,4607556.9,56,285,2772,2,Weekly,7,35.4,6,472283.2588,
5573,63,Urban,Low,719,11996.7,51006.9,5393.5,8625651.2,229,31,1383,6,Weekly,17,42.9,9,874395.3495,
5574,40,Urban,Low,832,10170.5,50728.3,3188.3,8461820.5,311,310,2242,33,Monthly,20,49.1,1,853951.8183,
5575,51,Suburban,Low,728,19657,81635.9,6637,14310265.3,253,358,498,47,Monthly,1,10.2,8,1444485.456,
5576,23,Suburban,Low,580,18800.8,54427.3,8213.7,10904456.1,293,181,1640,31,Monthly,1,54.2,6,1100723.579,
5577,24,Urban,Low,447,19109.2,62537.4,2298,8541795.7,52,282,1854,8,Monthly,17,16.7,4,860997.5201,
5578,52,Rural,Low,574,17627.7,18062,4492.3,10118280.3,15,141,4249,34,Weekly,6,68.5,6,1028768.228,
5579,63,Rural,High,210,5110.6,9388.6,1825.7,1073216.6,342,245,1069,18,Weekly,13,8.5,10,120883.6639,
5580,60,Rural,High,849,7006,32199.3,1834.7,5948111.7,340,275,4276,45,Monthly,4,71.1,9,616377.7027,
5581,54,Rural,Low,839,4628.8,5031.1,522.4,3883548,363,224,1595,14,Daily,8,66.9,5,397644.5728,
5582,47,Urban,Low,370,19723.7,91107.2,7108,7297760.1,180,27,3827,30,Monthly,13,64.1,5,745029.8015,
5583,67,Suburban,High,941,3061.7,4448.7,785.5,2881069.8,77,250,4321,15,Daily,3,3.2,3,300192.6987,
5584,32,Suburban,High,564,7336.6,11241.8,790,4137825.5,215,231,3103,50,Daily,0,15.3,9,433374.386,
5585,50,Rural,Low,628,3988.9,6786.7,671,2505028,223,13,346,46,Monthly,7,41.3,3,256583.3514,
5586,52,Urban,High,893,4476.8,18791.7,837.3,3997819.6,154,308,2222,45,Daily,14,52.2,5,411323.6425,
5587,34,Urban,Middle,458,4949.3,14416,1505.8,2266773.4,45,98,828,36,Daily,18,53.2,1,231204.9236,
5588,59,Rural,Middle,895,12797,20229.4,2233.7,11453330,352,192,1629,6,Monthly,9,4.3,10,1157169.101,
5589,44,Rural,Middle,577,1530.2,5734.1,374.2,882940.9,21,186,3201,34,Weekly,16,49.9,7,104458.2939,
5590,22,Rural,High,642,11454.9,54556.7,4585,7354027.9,81,19,1686,28,Daily,1,36.2,8,747912.2336,
5591,43,Suburban,Low,689,16387.5,53911.8,6933.4,11291009.5,53,339,4347,1,Monthly,4,23.3,8,1145749.949,
5592,24,Rural,Low,790,15332.8,21386.2,6411.6,12112920.1,157,259,1475,47,Weekly,14,50.0,10,1226541.473,
5593,43,Suburban,Low,992,3031.9,3695.9,1146.2,3007666.9,147,67,1444,33,Weekly,9,18.8,1,306279.1697,
5594,21,Urban,High,925,18295.5,76539,5794.6,16923325.8,182,26,2698,34,Weekly,17,46.8,10,1710336.455,
5595,44,Urban,High,163,15404.1,53981.1,4933.2,2510869.4,78,6,3428,30,Weekly,12,44.5,10,269010.3357,
5596,32,Suburban,Middle,977,116,544.1,55.8,113329.3,119,141,3906,11,Weekly,20,43.0,10,30205.42719,
5597,31,Suburban,High,332,14750.1,47038.1,6654.5,4897032.8,359,238,623,0,Daily,13,38.8,1,491008.694,
5598,38,Suburban,Middle,664,14751.1,18432.7,5309.1,9794703.4,343,230,157,46,Weekly,2,20.4,7,989145.1968,
5599,46,Suburban,Middle,350,9941.4,25994.1,2857.1,3479473.7,105,27,568,28,Daily,5,15.3,1,352225.3718,
5600,18,Rural,Low,748,929.2,3374.8,363.9,695033,2,105,4054,0,Monthly,19,28.2,5,80941.51372,
5601,36,Urban,High,670,11602.3,29464.6,1451.3,7773554.2,115,344,3616,0,Monthly,20,69.9,4,787687.1611,
5602,41,Rural,Low,468,15317.3,76561.4,7319.3,7168486,32,10,3904,14,Monthly,11,56.9,3,728075.6871,
5603,51,Suburban,Low,426,5424.8,14221.1,1730.7,2310953,358,272,4104,2,Weekly,4,28.3,1,238638.4602,
5604,57,Rural,High,327,13344.7,42502.1,4018.3,4363714.8,62,279,4604,13,Monthly,19,49.5,8,452603.9684,
5605,52,Rural,High,106,7085,13472.6,1532.7,751008.4,97,303,4639,9,Daily,8,20.9,3,87862.04087,
5606,68,Urban,Middle,818,11481.4,18468.4,1163.7,9391750.9,135,12,2636,2,Daily,6,16.2,10,953954.8631,
5607,37,Rural,Middle,255,7697.5,27566.3,958.3,1962854.7,98,156,2039,19,Weekly,18,42.4,4,205044.005,
5608,57,Urban,Middle,358,6082.2,20402.4,1248.1,2177424.6,215,77,2860,49,Weekly,4,19.2,4,230827.9229,
5609,27,Suburban,Middle,967,17119.7,17416.9,5420.4,16554779.3,84,18,4190,35,Monthly,3,39.8,1,1667188.458,
5610,57,Rural,Low,444,15079.2,32256.4,2012.1,6695176.7,157,58,1300,26,Weekly,20,6.7,1,673703.8482,
5611,28,Suburban,Low,113,6915.5,24718.3,3380.5,781454.7,107,130,2969,48,Weekly,17,60.3,4,90963.23131,
5612,26,Urban,High,30,8698.3,36959,2299.7,260948.6,357,174,3032,35,Monthly,4,28.1,6,40645.75224,
5613,69,Suburban,Middle,524,13837.2,31126.3,3134.5,7250667.3,131,87,4212,46,Weekly,6,2.1,6,743989.1997,
5614,31,Suburban,Middle,689,16223.5,58238.1,5030.5,11177967.3,22,320,1479,10,Daily,12,69.0,4,1125268.485,
5615,23,Urban,Middle,991,13690,28215.5,1724.9,13566772,84,343,4455,2,Weekly,15,39.7,6,1370569.819,
5616,55,Suburban,Low,850,10823.2,40711.8,4764.2,9199739,89,54,3954,23,Monthly,10,66.0,2,929863.1109,
5617,55,Suburban,High,46,19088.2,72378.4,5423.2,878055.9,226,78,2372,38,Daily,2,14.3,4,98930.67107,
5618,60,Suburban,Low,171,15485.1,23551.2,2653.1,2647957.4,106,204,1943,9,Monthly,3,22.3,4,272255.7521,
5619,17,Rural,High,130,2320.7,8494.5,382.2,301688.6,349,270,73,25,Monthly,16,28.2,10,41004.93165,
5620,45,Suburban,High,757,11167.2,26067.2,2729.1,8453570.8,359,172,3903,50,Weekly,8,14.9,5,862782.3469,
5621,45,Urban,Low,353,8197,13856.1,2699.7,2893554.2,101,38,1442,31,Monthly,18,33.2,1,295972.1192,
5622,27,Rural,Low,203,15900.8,47725.3,4241.7,3227855,296,186,3989,7,Daily,12,21.0,3,333600.0087,
5623,25,Rural,High,226,902.8,2536.2,305.8,204036,148,361,4902,46,Daily,11,9.9,3,35320.46588,
5624,59,Urban,Low,80,8220.4,33666.5,3141.8,657629.1,230,236,3894,12,Daily,16,6.8,4,76561.05873,
5625,26,Suburban,Low,310,6372.3,8526.6,2545.1,1975426.5,87,16,3813,2,Daily,12,19.3,3,206668.3651,
5626,30,Rural,High,35,2832.3,11779.6,737.5,99130.8,11,226,1286,14,Weekly,20,70.7,6,18907.1901,
5627,31,Rural,High,564,7582.3,10799.7,2932.8,4276414,136,338,550,20,Monthly,10,19.2,2,431354.7117,
5628,32,Rural,Middle,161,13459.3,24628.3,2107.7,2166943.7,93,74,2451,41,Weekly,9,61.7,5,229937.4834,
5629,41,Suburban,Low,981,7239.9,22179.8,2209.9,7102382,292,211,2151,28,Daily,20,33.6,6,721654.4369,
5630,17,Rural,High,596,11604.3,33103.7,1497,6916181.5,153,286,3511,46,Weekly,4,18.9,9,711193.0397,
5631,65,Urban,Low,840,11860.3,58773,2344.1,9962658.6,354,324,1887,26,Monthly,16,59.4,10,1012339.316,
5632,27,Suburban,Low,435,11746.4,39443,3914.8,5109662.9,96,327,2190,29,Monthly,20,54.6,1,518708.5673,
5633,66,Urban,High,538,10595.3,24472.5,4197.5,5700294.2,62,336,2761,13,Weekly,0,44.8,3,578329.687,
5634,41,Urban,Middle,225,2348.6,10804.9,324.4,528433.8,361,115,4302,40,Monthly,15,21.3,7,70710.97195,
5635,38,Rural,High,446,4376.9,9843.1,800.2,1952112.6,87,247,2593,14,Daily,7,55.1,8,209557.2018,
5636,33,Rural,High,317,16003.3,33528.6,7949.8,5073059.1,211,37,823,45,Weekly,19,2.4,5,516431.0526,
5637,47,Rural,Low,666,10052.3,29930.6,2362.9,6694822.6,83,55,1106,46,Monthly,16,20.9,9,683233.3874,
5638,64,Urban,Middle,805,14124.5,65716.9,3017.2,11370194.8,227,167,2219,45,Daily,7,62.2,10,1154149.772,
5639,53,Suburban,High,414,11402.5,43717.8,1529.1,4720627.8,12,177,3769,41,Weekly,13,17.6,8,489991.8047,
5640,62,Rural,Low,95,783.4,2906.4,296.1,74424.7,359,353,361,43,Monthly,16,45.7,1,12884.80132,
5641,18,Rural,High,225,15926.3,62181.2,4830.5,3583420.5,153,191,4137,13,Monthly,8,35.0,1,366616.9931,
5642,53,Urban,Low,779,1295.8,4715,211.2,1009459.9,5,99,1763,24,Daily,5,31.5,8,114200.5526,
5643,18,Suburban,High,949,18864,76195.4,6662,17901982.8,76,112,4595,26,Monthly,20,49.7,9,1810532.015,
5644,45,Urban,Middle,553,4315.4,7642.8,1339.1,2386407.7,4,118,4227,46,Weekly,1,3.7,9,259098.4369,
5645,16,Rural,High,645,10253,17522.7,3342.3,6613184.2,83,162,2957,43,Daily,18,36.3,6,676622.1624,
5646,45,Urban,Low,66,1281.1,3137,637.9,84554.2,362,57,2472,1,Weekly,12,32.2,7,18166.85458,
5647,60,Rural,High,397,17899.7,78827.4,1994.8,7106180.2,35,353,1076,50,Daily,9,54.3,5,721619.3965,
5648,47,Suburban,Middle,959,19599,75609.4,9132.9,18795446.5,242,62,1420,16,Monthly,9,31.3,10,1893575.349,
5649,43,Urban,Middle,210,2934.4,9583.4,1281.6,616221.3,144,39,463,14,Daily,14,65.2,4,65554.3081,
5650,36,Rural,Middle,474,5922.8,6383.5,1576.3,2807394.4,80,330,1378,26,Daily,4,71.5,8,292806.8547,
5651,61,Rural,Middle,665,327.3,636.1,148.1,217674.2,75,323,2240,9,Weekly,19,63.2,3,28851.02718,
5652,28,Rural,Low,684,15741.4,66335.3,5657.9,10767145.1,299,29,4089,42,Monthly,6,57.5,7,1095128.002,
5653,42,Rural,High,910,6236.2,12284.9,2842.1,5674916.5,284,227,2434,45,Weekly,12,51.9,6,580769.6685,
5654,51,Urban,Middle,837,11780.9,46194.7,3980.7,9860580.7,215,31,4752,8,Weekly,19,40.8,10,1005642.958,
5655,22,Rural,High,571,794,1380.4,148,453361.3,246,316,1795,2,Monthly,20,56.9,8,57091.86043,
5656,37,Urban,Low,696,14312.1,49025.5,4730,9961187.3,238,39,3896,23,Daily,10,43.8,6,1010967.536,
5657,25,Rural,High,490,10592.8,37210.8,1818,5190464.8,337,1,794,0,Weekly,20,69.3,2,520319.7589,
5658,54,Urban,High,180,14502.4,58123.5,2267.2,2610423.9,19,56,3067,37,Daily,1,64.2,5,275193.2254,
5659,68,Urban,Middle,834,15793.4,43485,5711.3,13171687.8,74,357,3287,5,Monthly,20,41.9,4,1327577.014,
5660,30,Rural,Middle,836,1794,6333.9,859.3,1499754.7,55,186,1299,4,Daily,14,31.2,3,154128.2155,
5661,30,Rural,Low,524,11566.1,34095.4,3879.2,6060616.2,83,91,4203,3,Monthly,14,15.0,6,618828.789,
5662,19,Rural,High,459,13002.4,62273,5439.1,5968093,164,199,4351,2,Monthly,18,18.4,5,609622.4074,
5663,47,Rural,Low,68,10339.2,31922.5,1730.2,703066.1,318,171,2437,44,Daily,4,16.5,3,80496.50548,
5664,38,Suburban,Low,939,3656.4,6721.8,1322.4,3433325.7,363,225,724,29,Monthly,16,64.3,6,353250.7348,
5665,21,Rural,Low,329,15914,58429.3,6257.2,5235702.6,167,182,1232,35,Weekly,7,66.1,4,532616.698,
5666,39,Rural,Middle,202,19949.2,63715.1,2327,4029736.8,116,130,3082,22,Weekly,15,23.7,7,417326.9835,
5667,35,Rural,Middle,475,19385.7,81716.9,2692,9208213.4,297,142,3217,6,Daily,14,50.8,1,928073.3467,
5668,52,Urban,High,518,15552.8,26558.7,6417.6,8056358.7,188,362,3106,50,Weekly,17,9.9,3,819303.5251,
5669,35,Rural,High,15,8368,17102.1,2309.4,125519.6,255,131,1590,31,Monthly,17,40.9,5,22986.58625,
5670,27,Urban,High,42,6752.6,31646.3,1770.8,283610.8,342,142,539,42,Weekly,14,22.3,2,35594.06724,
5671,48,Urban,Middle,543,1380.2,6514.8,646.2,749465.2,322,5,108,9,Weekly,9,68.5,9,83304.14237,
5672,43,Urban,Middle,982,8331.6,23070.3,4139,8181595.1,353,337,2071,50,Daily,4,10.7,10,835591.6093,
5673,23,Urban,Low,693,3129.4,3727.1,1269.8,2168682.1,19,167,1696,50,Monthly,15,10.6,1,225134.6695,
5674,16,Suburban,Middle,774,5094.2,11340.7,2124.5,3942872.8,311,120,4594,36,Weekly,20,55.8,4,410267.9925,
5675,52,Rural,Low,289,17838.8,35472.3,3270.4,5155418,302,43,3037,32,Monthly,11,23.1,4,527730.5658,
5676,37,Urban,Low,925,19370.8,51501.4,3426.5,17918015.3,4,92,2419,25,Daily,16,19.1,2,1798798.23,
5677,21,Rural,Middle,533,18971.7,43088.6,9339.3,10111913.1,190,230,1188,42,Weekly,11,15.9,10,1026258.4,
5678,36,Urban,Low,892,3875.2,16725.2,1465,3456660.7,281,240,49,44,Monthly,0,19.0,1,349335.677,
5679,47,Suburban,Low,694,18018.9,18237.7,6751.4,12505099.4,63,187,3694,30,Weekly,10,71.2,1,1261324.149,
5680,50,Urban,High,696,2838.7,10158.3,608.8,1975728.9,269,78,3596,29,Daily,7,33.2,10,217427.9962,
5681,30,Rural,Low,244,10158.1,37149.1,4617.8,2478583.1,254,271,70,22,Daily,4,18.8,10,259990.35,
5682,20,Rural,Middle,862,12876.8,46903.9,1516.6,11099828.1,115,46,1954,28,Monthly,7,5.5,5,1120510.76,
5683,61,Suburban,Middle,661,9254.7,28526.5,1942,6117365.2,342,7,491,7,Weekly,10,9.6,10,621626.7998,
5684,65,Rural,Low,768,19037.2,65572.1,3275.5,14620592.9,260,170,473,15,Weekly,10,47.6,1,1463569.989,
5685,63,Rural,High,612,6670.9,28297.9,2564.6,4082604.5,2,115,4081,8,Monthly,13,19.5,4,419421.4224,
5686,21,Urban,Middle,567,10552.3,43652.5,4074.7,5983142.5,67,263,4119,3,Daily,13,40.5,4,608570.3406,
5687,40,Rural,Middle,698,1518.2,1728.5,476.6,1059734.5,286,344,468,18,Daily,18,40.2,4,112579.4398,
5688,61,Urban,High,832,17046,19121.3,1740.5,14182246.5,132,346,1460,38,Weekly,10,26.7,5,1427806.302,
5689,55,Suburban,Low,598,8273.1,36035.9,3718.8,4947334.3,48,239,4309,43,Monthly,20,51.7,2,507999.7387,
5690,44,Rural,Middle,174,14013.6,46229.8,6757.9,2438372.8,43,275,4242,40,Weekly,1,3.4,3,258882.4834,
5691,22,Urban,Low,980,13648.1,65916.3,2469.3,13375128.4,93,309,1709,12,Daily,7,30.6,7,1347424.884,
5692,55,Rural,Low,534,13528.5,36883.6,5910.5,7224216.5,141,346,3500,11,Daily,10,31.8,10,739242.2463,
5693,28,Urban,Low,509,10143.7,17315,4963.5,5163141.4,47,16,1439,8,Daily,0,9.8,9,528094.5331,
5694,53,Suburban,Low,244,5557.6,16077.8,1282.6,1356054.6,231,62,1028,11,Weekly,4,2.1,5,143141.5598,
5695,33,Urban,Middle,60,12505.6,34342.7,2176.3,750338.4,224,194,843,23,Monthly,20,38.9,5,82859.45539,
5696,17,Rural,High,104,19236.2,59030.3,9445.3,2000566.1,284,321,871,47,Weekly,14,21.9,9,214900.7749,
5697,23,Urban,Middle,651,16680.6,70589,2066.7,10859100.3,37,292,2897,12,Monthly,18,67.2,8,1100696.913,
5698,26,Rural,High,303,2184.3,7912.2,459.5,661835.9,28,163,722,34,Weekly,15,51.1,8,76912.2914,
5699,48,Suburban,Low,671,473.5,824.4,187.9,317729.3,158,235,2830,31,Monthly,3,7.3,5,44050.84173,
5700,69,Urban,High,744,9984.4,39317.8,3464,7428421.4,222,280,3400,37,Monthly,11,47.5,4,756432.9702,
5701,53,Rural,Low,77,15518.8,52261,5801,1194949.8,9,241,3311,13,Daily,4,63.1,3,129300.2814,
5702,63,Rural,Middle,18,6284.9,20823.4,2408.6,113128.4,70,325,2874,1,Daily,18,68.9,10,24998.77325,
5703,42,Rural,Middle,534,14027.8,52085.4,5252.8,7490820.2,342,233,2003,20,Weekly,10,23.2,10,764288.4108,
5704,35,Urban,High,184,18639.1,60686.4,4415.5,3429595.5,66,129,2051,30,Monthly,6,32.1,4,353111.1191,
5705,27,Urban,Low,657,9185.1,25994.3,2063,6034610.9,95,123,1737,34,Daily,5,46.8,3,611419.8883,
5706,58,Urban,Low,550,4890.8,17418.5,1327.3,2689913.3,181,137,4135,15,Weekly,12,65.6,6,284260.0275,
5707,46,Suburban,High,281,18356,71494.9,7765.9,5158030.3,70,356,2624,39,Daily,14,49.0,3,526302.8721,
5708,42,Rural,Low,288,9450.6,17985,4491.9,2721760.3,234,15,1286,25,Monthly,2,28.3,3,279162.2217,
5709,47,Rural,Low,655,8162.7,24391.8,2302.7,5346573.6,261,330,576,37,Daily,2,7.4,1,539258.9606,
5710,25,Suburban,Low,525,7073.7,20037.6,950,3713691.4,20,229,787,2,Weekly,3,11.2,9,380175.9349,
5711,18,Suburban,Middle,698,8466.1,9817.4,4024.1,5909344,358,144,1567,36,Weekly,9,39.9,5,600185.5689,
5712,60,Urban,Middle,474,13476.4,58457.4,1781.2,6387823.3,358,230,1888,35,Weekly,18,17.9,10,653979.5521,
5713,42,Urban,Middle,946,8680.1,21782.8,1420.4,8211332.4,186,176,163,37,Weekly,5,32.9,1,825757.876,
5714,50,Urban,Low,267,6491.2,8378.6,2902,1733159.9,305,292,401,1,Daily,0,29.9,4,177656.6091,
5715,46,Urban,Middle,781,14875.3,42120.9,4768.9,11617622.5,64,246,2532,21,Weekly,0,41.5,3,1170901.426,
5716,30,Urban,Low,609,4067.4,6694.6,980.5,2477045.9,178,53,352,2,Weekly,6,24.7,7,253810.5222,
5717,31,Urban,Low,946,4046.7,15448.7,1911.5,3828135.8,235,335,672,39,Daily,15,33.7,6,392784.1498,
5718,28,Suburban,High,357,13931.7,45794.9,6745.8,4973633.5,353,147,2884,46,Daily,3,42.3,8,513476.8439,
5719,64,Suburban,Low,806,17335.5,36065.7,4027.1,13972383.6,250,41,3153,41,Monthly,15,43.2,8,1415522.673,
5720,50,Suburban,Middle,1,4831.8,23201.8,2161.6,4831.8,295,293,264,46,Weekly,6,34.2,8,12964.88802,
5721,67,Rural,Middle,807,3830.6,8300.8,1422.7,3091284.7,40,240,1065,25,Daily,17,51.7,5,318210.2928,
5722,26,Rural,Low,27,13409.4,43178.1,2813.2,362054.2,287,195,3454,26,Weekly,14,28.7,3,46852.99196,
5723,36,Urban,Middle,548,12419.8,52241.2,5919,6806073.6,259,136,206,37,Daily,8,56.9,4,687557.4352,
5724,66,Suburban,Low,160,8950.6,27349.1,1120.9,1432091.9,240,88,4205,43,Daily,10,70.9,7,162881.6579,
5725,69,Rural,High,937,1926.3,9329.7,437.6,1804900.2,72,270,3501,7,Weekly,6,54.9,8,194258.4258,
5726,26,Rural,Low,399,1844.8,8071.7,476.9,736071.5,30,254,407,22,Monthly,20,56.4,9,84716.64365,
5727,45,Suburban,Low,543,15549.1,72833,5850.5,8443140.9,351,189,4935,5,Weekly,6,62.9,5,859032.9354,
5728,63,Rural,High,127,9040.9,22519.1,1043.1,1148189.8,29,291,1659,24,Monthly,2,8.3,10,130080.1869,
5729,68,Rural,Middle,774,17160.8,54801.5,7823.8,13282429.9,312,71,2756,15,Monthly,6,40.8,4,1336889.96,
5730,50,Suburban,High,857,11498.9,50143,4181.5,9854579.3,87,233,278,25,Weekly,2,48.7,7,993158.8369,
5731,37,Rural,High,948,12378.6,57114.7,2599.6,11734889.5,108,8,1889,14,Monthly,11,66.0,10,1188475.57,
5732,53,Suburban,Low,210,18684.5,89264.6,6788.8,3923754.8,319,268,50,46,Weekly,2,60.2,4,400493.5664,
5733,46,Rural,Low,150,3300.7,14907.8,1039,495100.8,30,336,4526,31,Daily,6,28.6,3,63046.77752,
5734,29,Suburban,High,31,10865.1,42623.8,2548,336816.7,309,115,3864,39,Monthly,5,23.2,4,47633.60682,
5735,39,Rural,Middle,612,1172.2,1285.7,130.6,717380.7,46,324,2598,18,Weekly,14,22.0,8,85689.88618,
5736,65,Rural,High,841,7184.9,16236.6,2302.3,6042510.7,359,301,323,13,Monthly,9,18.8,8,612775.7999,
5737,64,Suburban,Middle,302,2970.5,4502.5,394.7,897087.7,137,297,4013,47,Weekly,4,23.0,6,106678.1917,
5738,47,Rural,High,963,3764.8,6095.4,1596.6,3625541.8,263,237,4060,43,Weekly,8,53.1,8,380597.9043,
5739,51,Suburban,High,865,18696.5,40452.4,2531.7,16172512.7,63,317,2422,34,Monthly,16,9.2,4,1627682.495,
5740,47,Suburban,Middle,731,12217.5,15870.1,3317,8931024.5,44,76,4969,25,Daily,20,53.2,3,908264.7707,
5741,30,Rural,High,765,17844.2,35191.1,4886.1,13650844.4,251,99,1804,36,Daily,18,14.8,7,1377497.826,
5742,58,Urban,Low,683,8876,42852.4,2862.3,6062286.5,335,323,4643,12,Monthly,16,45.3,6,622545.3318,
5743,50,Rural,High,257,11956.9,26876.4,1384.6,3072920.9,207,2,1444,46,Weekly,8,43.3,6,319523.8178,
5744,18,Urban,Low,940,651.6,1067.8,118.3,612475.1,59,122,4471,7,Daily,20,43.1,2,71572.27598,
5745,31,Urban,Middle,57,9395.3,36390.1,1689.3,535534.9,206,185,2156,13,Weekly,16,23.1,2,59219.83109,
5746,20,Rural,Middle,9,11285.5,48685.8,3832.4,101569.4,331,16,1778,25,Monthly,0,11.6,10,26184.04699,
5747,36,Urban,Low,5,345.4,779.2,71,1726.9,84,279,2538,46,Weekly,7,57.2,5,12661.81309,
5748,25,Suburban,High,847,15791.9,33383.9,2490,13375729.7,13,351,3294,29,Daily,18,18.2,3,1348401.256,
5749,34,Suburban,Low,114,5915.5,11636,635,674367.6,237,41,2596,50,Daily,8,6.6,3,80550.78507,
5750,40,Urban,Low,777,9055.2,23299.5,3950,7035903.3,158,55,1728,39,Monthly,7,12.3,9,719546.2563,
5751,19,Suburban,Middle,685,10717.2,14456.8,5236.7,7341315.8,104,208,3668,41,Monthly,5,9.1,9,754468.7903,
5752,44,Rural,Low,732,19844,72956.9,7566.6,14525823.4,359,132,2280,12,Monthly,14,51.8,1,1457427.495,
5753,34,Suburban,High,205,1992.7,8546.5,528.2,408501.7,340,356,1574,35,Weekly,14,53.9,6,53070.90474,
5754,58,Urban,Low,24,11110,40604.2,1653.2,266640.9,365,284,2601,10,Daily,5,25.0,2,34752.09232,
5755,17,Rural,Middle,493,10616.6,28503.4,3079.3,5233972.4,43,178,962,1,Monthly,20,55.3,5,530076.2755,
5756,25,Suburban,High,970,1387.5,2991.3,392.6,1345879.7,179,242,1329,29,Daily,14,60.5,2,140747.0746,
5757,58,Rural,Middle,682,12682.4,33453.5,3398.3,8649415.8,358,242,3524,50,Daily,17,34.9,6,881750.861,
5758,40,Urban,Low,406,5744.2,15482.7,1443.6,2332153.4,264,284,4202,23,Daily,5,59.7,9,252303.694,
5759,35,Suburban,Low,103,2084.3,7637.1,622.6,214685.1,243,123,1248,17,Daily,17,36.8,7,30307.17473,
5760,63,Rural,Middle,60,3581.1,16874.8,462.9,214863.1,37,282,1553,22,Monthly,17,58.5,1,25655.29103,
5761,34,Rural,Middle,86,16473.8,21125.1,1899.7,1416749.3,362,167,59,5,Monthly,18,32.3,6,147506.7739,
5762,38,Suburban,High,767,2091.5,10067,262.7,1604145.2,353,13,3213,45,Weekly,19,5.2,2,172154.0921,
5763,39,Rural,Middle,677,9343.9,43363.1,1681.9,6325805.7,346,71,117,49,Monthly,12,16.6,2,638422.5159,
5764,26,Rural,Middle,372,3913.5,5756.5,826.6,1455825.6,364,54,285,10,Daily,10,22.6,3,148262.1211,
5765,61,Urban,Low,679,3254.8,5644.9,546.1,2209991.6,250,13,1692,6,Weekly,14,32.3,8,231913.2911,
5766,49,Urban,Low,596,4122.2,9260,827.6,2456818.1,120,59,18,46,Weekly,5,34.7,7,255951.6361,
5767,43,Urban,Middle,970,9860.7,31935.6,1719.1,9564908.9,192,260,1005,32,Monthly,10,70.3,4,964669.4796,
5768,20,Urban,Middle,202,4763.4,7325.6,763.6,962204.9,295,80,3693,9,Monthly,3,34.7,3,105599.4368,
5769,20,Urban,Low,602,1943.7,3501.2,422.2,1170102.4,62,60,4211,20,Daily,14,27.4,1,127042.404,
5770,66,Urban,High,89,16030,73909.6,4151.9,1426670.3,210,47,3336,8,Monthly,15,26.6,10,158069.5785,
5771,36,Suburban,High,437,10801,15523.3,4295.6,4720050,295,333,120,29,Weekly,13,63.9,4,479010.6649,
5772,27,Urban,High,120,3145.5,8164.2,1516.8,377460.5,52,202,2669,47,Daily,4,28.3,8,53523.28823,
5773,65,Rural,High,156,9433.9,38226.2,4411.2,1471685.7,210,261,2533,47,Daily,14,56.7,1,155886.0936,
5774,19,Suburban,Low,973,1376.6,6269.3,399.7,1339399.1,313,36,4766,24,Weekly,9,18.7,2,145825.6463,
5775,69,Rural,Middle,399,11612.8,27222.4,3304.3,4633504.4,279,19,4190,24,Weekly,5,31.5,10,483779.6676,
5776,64,Urban,High,700,6812.7,11293.7,1023.8,4768885.3,202,256,3470,48,Weekly,15,41.7,2,489969.8519,
5777,57,Urban,Low,188,2079.5,8210.1,1016.3,390952.6,139,286,2593,23,Weekly,15,41.1,9,53130.60971,
5778,35,Rural,Middle,774,3681,15056.3,1487.3,2849125.4,340,41,4920,11,Monthly,18,42.1,1,294476.8516,
5779,53,Rural,High,52,6920.6,34050.3,3038.3,359871,19,284,4710,6,Weekly,2,53.6,6,51440.74308,
5780,40,Rural,Middle,652,16130.1,25133.4,3123.8,10516815.4,321,287,4405,33,Monthly,19,37.2,4,1066709.286,
5781,29,Suburban,High,531,3483.4,13368.1,907.2,1849672.9,95,228,4772,2,Weekly,17,14.0,9,203321.4274,
5782,26,Urban,Middle,480,2202.2,5878,310.6,1057050.1,130,171,4263,5,Weekly,18,42.3,6,120074.4184,
5783,47,Rural,High,587,10323.6,48092.8,4917.4,6059965.4,105,245,2579,26,Weekly,1,22.2,9,622292.7162,
5784,26,Urban,High,230,11178.4,29413.9,2395.9,2571021,197,12,1132,18,Monthly,8,22.3,2,262963.7606,
5785,33,Rural,Middle,481,1813.9,5049.7,613.8,872497.4,260,215,198,7,Weekly,0,10.1,2,88897.04436,
5786,42,Urban,Middle,130,5696.8,8586.2,916.6,740589.8,39,140,401,35,Monthly,3,65.6,6,83759.01738,
5787,69,Suburban,Middle,55,5262.7,12018.6,2216.2,289445.9,305,298,4279,38,Daily,20,5.6,10,48821.99102,
5788,33,Urban,Low,271,3732.6,9717.2,651.5,1011526.5,131,346,3801,35,Daily,3,3.7,2,112966.0469,
5789,38,Rural,Low,960,6319.6,6762.2,2678,6066821.9,154,185,16,17,Weekly,5,52.5,4,611516.4558,
5790,26,Urban,Middle,100,751.8,2067.7,196,75179.9,41,212,4649,6,Weekly,5,51.0,4,19133.08603,
5791,36,Suburban,Low,69,13034.5,30569.4,4315.8,899379.1,321,272,3014,0,Weekly,18,25.9,5,99414.04767,
5792,59,Suburban,High,911,19769.9,83337,4109.8,18010340.7,122,99,1044,4,Weekly,7,53.6,7,1810204.369,
5793,20,Urban,Middle,299,12684.6,18119.3,5747.5,3792693.9,244,132,1174,41,Daily,7,35.6,10,394472.8358,
5794,38,Rural,Low,970,7227.9,29206.9,2919.7,7011080.7,245,115,1839,13,Monthly,19,52.7,1,705983.372,
5795,56,Suburban,Middle,529,13361.5,51522.7,3229.6,7068247.7,144,269,1338,0,Weekly,12,39.7,5,712587.9439,
5796,40,Suburban,High,354,11434.6,22493.3,3820.8,4047849.6,186,60,639,11,Daily,8,53.0,7,412428.5113,
5797,56,Urban,High,628,16936.7,22578.1,2567.5,10636242,35,284,457,18,Monthly,20,55.9,3,1068411.219,
5798,69,Suburban,Low,152,12441.3,54335.2,2042.7,1891073.4,211,109,1005,1,Weekly,18,21.1,10,200043.6433,
5799,25,Suburban,High,330,12685.2,25341.5,3976.4,4186111.5,33,348,1075,13,Daily,6,28.4,3,423764.1787,
5800,37,Rural,Middle,116,4441.1,7026.8,1582.1,515163.8,159,22,805,2,Weekly,19,36.8,8,60270.22631,
5801,34,Rural,Low,542,8318.4,20264.8,2686.6,4508566.6,317,341,4480,50,Weekly,7,14.5,4,468547.3532,
5802,16,Rural,Middle,323,6894.9,17951,2232.3,2227045.3,364,27,4682,34,Daily,10,69.9,2,235204.9138,
5803,22,Urban,Middle,563,238.4,549.3,94.6,134213.3,192,214,862,12,Weekly,2,66.6,6,20663.92866,
5804,19,Suburban,Middle,572,6272.5,30772.3,2891.4,3587859.6,163,44,3883,48,Weekly,16,56.2,5,375177.6572,
5805,16,Urban,High,229,9726.4,43995.2,2480.6,2227341.4,252,80,3159,2,Daily,4,15.1,7,234828.1773,
5806,30,Suburban,Middle,771,12001,53907.2,3777.6,9252751.1,39,280,1454,13,Weekly,5,33.2,2,930950.2001,
5807,55,Suburban,High,360,18692,48507.1,8546.2,6729132,131,174,2628,33,Monthly,14,66.8,5,685142.806,
5808,27,Suburban,Middle,5,4789.9,23238,1368.5,23949.4,96,273,1193,44,Weekly,8,44.5,5,12315.87258,
5809,37,Rural,High,28,3057.1,11421.3,850,85597.6,141,261,4761,8,Daily,18,28.4,3,20547.56958,
5810,37,Urban,High,766,17390.2,75264.5,7071,13320908,270,38,2864,9,Weekly,5,7.5,8,1345517.137,
5811,65,Urban,High,364,18837.5,56578.5,8494.2,6856861.4,169,59,2153,7,Weekly,7,8.1,7,696536.179,
5812,62,Suburban,Middle,462,9764.2,16037.4,3857.5,4511062.9,275,182,326,28,Weekly,11,49.2,9,461654.2338,
5813,32,Urban,Middle,231,2313.2,10519.3,324,534344.4,365,105,1893,38,Monthly,15,23.1,10,69137.0871,
5814,44,Rural,High,395,9712.9,28611.4,2777,3836600.3,99,96,4360,32,Weekly,19,36.3,6,399704.8525,
5815,61,Urban,Middle,968,2197.8,10712.4,406.1,2127443.4,61,90,321,22,Daily,2,54.4,5,219970.9151,
5816,29,Suburban,High,869,17664.9,35673.2,4008.9,15350780.5,323,71,2363,7,Daily,15,14.0,5,1543959.31,
5817,65,Rural,Middle,712,14165.9,70397.8,4072.7,10086135.5,217,100,4203,39,Daily,14,6.5,6,1024972.278,
5818,35,Rural,High,844,4830.3,9127.9,911.1,4076797.7,77,311,1828,37,Daily,10,27.7,1,414631.0306,
5819,65,Suburban,High,271,17734.9,43852.6,5433.5,4806170.6,208,327,3580,22,Weekly,5,12.5,7,495029.6192,
5820,63,Urban,Low,851,12761.7,43084.2,4559.9,10860168.9,348,171,2588,49,Monthly,1,37.2,2,1095956.88,
5821,48,Suburban,Middle,304,19065.7,71940.6,8578.8,5795983.2,45,347,3041,35,Daily,6,40.2,3,591745.5915,
5822,58,Urban,Middle,383,19609.8,76108.1,3619.7,7510550.4,347,166,1550,42,Weekly,15,8.9,5,762589.1885,
5823,30,Urban,Low,558,75.6,219.6,17,42186.5,202,240,237,19,Monthly,0,57.3,8,13089.37144,
5824,27,Rural,High,28,2413.1,3154.6,633,67566.3,210,216,1032,47,Monthly,12,2.7,9,21796.43374,
5825,55,Suburban,High,519,10943,32656,2077.2,5679405.3,328,344,2383,11,Daily,3,25.4,9,580453.0632,
5826,69,Rural,Low,744,19117.5,44711.1,4450.9,14223419.2,135,61,3393,35,Weekly,0,4.3,1,1433142.587,
5827,35,Suburban,Low,199,19884.7,72193.9,9014.5,3957061.3,22,186,2048,8,Weekly,4,51.2,2,401709.7645,
5828,45,Suburban,High,606,11352.5,19629.6,1764.9,6879605.7,358,364,120,32,Weekly,15,63.4,5,693914.8026,
5829,53,Rural,Middle,82,3484.3,8974.3,966.9,285711.9,60,182,3080,5,Weekly,18,25.7,3,37758.2381,
5830,18,Suburban,Low,88,3269.4,15903.8,733.6,287704.6,298,219,4408,31,Daily,11,24.3,6,45564.41085,
5831,43,Suburban,Low,390,15279.5,20710.9,1999.6,5959011.5,59,34,183,0,Monthly,8,50.3,3,598482.6911,
5832,41,Urban,Low,698,11842.8,40376.2,1639.6,8266298.3,231,45,3731,23,Monthly,5,62.9,3,837367.329,
5833,45,Suburban,Low,755,10980,14961.3,4545.2,8289892.6,285,138,4984,28,Daily,8,64.0,10,850996.895,
5834,28,Suburban,Low,580,9320.6,15173.8,4109.8,5405971.7,183,186,1793,7,Monthly,1,42.5,5,549479.595,
5835,28,Rural,Low,823,14505.4,49604.8,5752.3,11937978.1,101,350,4864,12,Monthly,0,43.2,10,1212392.972,
5836,17,Rural,High,451,17162.5,47642.8,5418.1,7740288.9,114,28,329,24,Daily,9,45.0,7,783293.3811,
5837,52,Suburban,High,433,6066.1,19375.2,2481.4,2626635.2,42,106,2518,28,Daily,2,37.1,7,275645.1486,
5838,64,Urban,Low,374,4426.1,20003.9,711.8,1655378.7,29,286,4917,23,Monthly,17,38.7,8,184945.4473,
5839,53,Urban,High,435,13407.3,57235.2,5524.9,5832167.4,277,284,1042,26,Daily,11,7.7,2,589454.284,
5840,17,Rural,Middle,187,18295.5,83279.8,4928.6,3421258.7,97,157,1303,50,Weekly,14,70.8,5,352725.8412,
5841,51,Suburban,Middle,751,6969.7,24150,2788.7,5234220.1,191,287,4222,25,Weekly,13,5.4,2,536227.0539,
5842,69,Suburban,Low,390,5456.2,16142.7,1042.7,2127933.6,319,107,1352,19,Monthly,9,35.1,6,222567.424,
5843,41,Urban,Middle,218,4530,12850.7,1961.6,987546.9,38,233,2747,3,Daily,5,56.8,5,107598.4816,
5844,26,Urban,Middle,108,5097.3,20181.3,1668.1,550505.5,207,196,4111,21,Weekly,19,42.4,10,74092.20724,
5845,23,Urban,High,819,2707.3,8352.6,278.7,2217293.1,194,339,2700,6,Daily,19,7.8,1,227005.3708,
5846,59,Rural,High,550,11939.6,16990.9,3673.9,6566778.2,140,202,5,17,Monthly,11,40.4,8,666220.7801,
5847,55,Suburban,High,907,5623.7,8816.6,1260.3,5100707.8,289,109,3758,9,Monthly,8,65.3,7,523612.2543,
5848,58,Rural,High,948,12302.7,29875.1,1513.2,11662995.4,257,31,2062,30,Daily,3,45.2,10,1182993.691,
5849,37,Suburban,Middle,349,1669.8,2122.8,465.8,582766,225,226,1663,25,Daily,3,56.3,10,72080.84158,
5850,35,Rural,Low,788,2318,4536.1,520.6,1826569.2,28,41,1569,46,Daily,1,33.8,1,189984.4876,
5851,23,Suburban,High,522,10727.5,38893.6,1949.8,5599743.1,190,64,385,44,Weekly,6,23.2,1,564296.402,
5852,44,Urban,Middle,26,10235.5,10744.4,2452.9,266123.1,245,231,4857,25,Monthly,10,15.2,1,39294.22758,
5853,55,Urban,High,48,5437.5,18576.5,934.4,260999.2,334,170,2921,24,Monthly,15,61.3,4,37353.35672,
5854,41,Urban,Middle,859,16544.3,67656.9,3638.5,14211593,315,300,2285,17,Weekly,9,51.2,7,1432424.124,
5855,45,Rural,High,370,3749.1,6300.7,547.9,1387156.9,49,139,2973,23,Weekly,14,13.6,8,152684.6833,
5856,32,Urban,Low,14,7219.6,12445.7,965.4,101074.6,301,292,3890,43,Weekly,1,40.2,9,30621.03173,
5857,35,Suburban,High,612,11114.7,12397.6,5157.3,6802183.6,204,364,1266,14,Monthly,11,51.4,8,690166.8709,
5858,67,Rural,Low,187,17345.5,52900.5,7998.1,3243617.8,115,236,214,7,Daily,14,41.3,4,329218.3959,
5859,31,Suburban,High,524,8376.8,30310.3,3612.1,4389461,20,288,3826,42,Daily,10,68.4,3,452733.7296,
5860,61,Rural,High,884,7978,22559,1532.8,7052581.3,85,360,2994,24,Monthly,9,14.1,7,718299.3268,
5861,58,Suburban,High,891,11595,29657.5,4526.2,10331103.3,253,67,1837,34,Monthly,2,51.7,6,1043821.488,
5862,22,Suburban,Middle,279,6340.7,17866,2129.8,1769066.8,52,188,3623,23,Daily,7,44.8,10,195710.9783,
5863,31,Rural,Middle,341,14186.4,58534.6,1709.4,4837553.3,148,348,2791,45,Weekly,20,66.2,10,503355.0471,
5864,60,Rural,Low,328,4981.4,5649.2,2290.6,1633909.6,186,281,144,39,Weekly,19,62.2,1,168205.2489,
5865,62,Urban,Low,679,16465.7,68090.1,8219.6,11180202.1,173,28,2532,37,Monthly,19,47.0,5,1130582.026,
5866,63,Urban,Middle,634,5454.3,19992.2,2091.7,3458054.6,353,211,836,20,Monthly,4,32.0,6,355247.2637,
5867,42,Suburban,Low,905,19854.1,39027.3,3824,17967957.1,114,234,4600,0,Monthly,10,12.7,4,1809103.577,
5868,68,Suburban,Low,984,6336.1,19635.3,2038.7,6234707.5,2,19,3668,25,Monthly,11,58.0,10,643264.2226,
5869,38,Suburban,Middle,607,17577.7,21043.4,2526.8,10669684.8,34,312,1345,9,Daily,19,59.5,1,1070909.99,
5870,39,Rural,Middle,25,7953.1,20028.8,1745.8,198828.6,282,113,1781,25,Daily,10,26.7,4,27694.17155,
5871,24,Rural,Middle,529,4928.6,8359.8,1906.9,2607248.6,161,344,3990,1,Monthly,5,17.1,4,271687.4139,
5872,50,Urban,Middle,426,4531,4935.2,998.8,1930207.4,170,358,4558,39,Daily,7,67.2,2,207852.3802,
5873,66,Suburban,High,29,17005.3,41295,2701.8,493154.4,94,126,2198,13,Weekly,12,34.3,10,63394.34683,
5874,35,Urban,Middle,956,6182,24137.2,636.7,5909965.4,248,208,3206,32,Weekly,14,53.3,8,606219.4581,
5875,52,Rural,Low,323,6777.9,31748.2,2230,2189253.5,321,82,2986,38,Monthly,1,45.1,9,236538.8289,
5876,57,Rural,High,853,3947.9,14406.1,1924.5,3367551.2,8,252,1213,0,Weekly,5,50.7,5,342620.3985,
5877,32,Rural,High,313,19226.9,50141.4,5646,6018013.8,321,41,3105,29,Monthly,19,2.3,4,612612.8339,
5878,62,Urban,Low,584,4902.4,24502.3,907.2,2863019.9,110,269,3429,36,Daily,1,45.5,4,299712.2436,
5879,46,Rural,High,270,4956.4,10565.9,1414.1,1338227.4,32,205,368,17,Monthly,14,40.0,5,139597.2775,
5880,23,Suburban,Low,762,18878.5,33009.6,6434.4,14385431.3,51,99,171,29,Weekly,0,54.5,8,1448683.374,
5881,30,Urban,High,295,18019,51439.3,7577.8,5315595.6,168,83,3141,26,Monthly,10,67.6,2,540036.2318,
5882,46,Rural,High,656,4985.7,15055.1,1401.3,3270637.9,66,24,719,48,Daily,7,59.9,4,336042.2893,
5883,68,Urban,Low,786,17295.9,41843.8,2926.1,13594549.2,31,353,2486,48,Daily,8,32.4,4,1371012.789,
5884,45,Urban,Low,223,5004,18925,876.7,1115884.4,324,73,4778,29,Monthly,14,43.3,1,123776.4462,
5885,61,Rural,Low,75,1698.4,2947.6,781.1,127382.9,12,183,4206,44,Weekly,4,17.9,5,28879.32471,
5886,35,Rural,Low,102,16409,49905.7,3191.5,1673720.4,287,3,3327,35,Monthly,8,1.2,5,181560.6845,
5887,54,Urban,Middle,532,15433.4,46308.2,6037.7,8210594.1,23,259,1445,20,Monthly,3,11.3,8,831655.5233,
5888,68,Urban,Middle,629,5900.4,25343.1,1224.8,3711348.9,161,30,155,15,Weekly,9,6.1,5,376327.5381,
5889,27,Rural,Low,686,1811.9,8530.1,703.4,1242948.5,264,146,3256,16,Monthly,3,54.2,9,141357.0714,
5890,64,Suburban,Middle,885,4136.7,15111.7,543.3,3660991.3,190,322,4808,17,Daily,4,14.3,2,379376.0242,
5891,32,Urban,Low,173,15423.4,34262.9,2821.8,2668251.8,241,212,3673,33,Daily,18,8.9,9,284780.737,
5892,57,Urban,Low,4,19295.3,72520.3,5083.9,77181.2,80,27,1881,20,Weekly,20,21.2,6,19194.45137,
5893,45,Suburban,High,852,5187.5,10403.4,1588,4419708.6,271,356,1526,11,Daily,12,67.3,7,451332.4495,
5894,44,Rural,Low,479,16367,79644.7,3947.4,7839789.9,104,105,3396,30,Daily,20,20.5,4,796965.9435,
5895,34,Rural,Low,660,4566.4,19587.2,1504.2,3013806.7,78,110,4030,9,Weekly,10,47.6,7,315993.3729,
5896,61,Suburban,Low,395,13595.2,37043.7,3128.9,5370108.7,12,19,3448,40,Monthly,11,60.2,6,553470.8684,
5897,26,Rural,Low,626,1681.4,6956.7,624.4,1052577.2,283,16,1817,3,Monthly,13,59.9,4,112576.1667,
5898,49,Rural,High,833,11710.1,30851.6,3565.5,9754479.9,111,282,502,14,Weekly,12,68.0,4,980759.6912,
5899,65,Urban,Low,914,5391.1,7000,2059.6,4927470.8,260,270,1898,41,Weekly,3,26.7,10,508979.3876,
5900,22,Urban,High,167,18517.7,70868.5,5044.1,3092449.3,310,47,456,40,Monthly,12,35.6,10,323767.6015,
5901,59,Urban,Low,300,5802.1,15192.6,2614.4,1740636.1,351,146,2454,27,Daily,4,17.9,1,181968.4002,
5902,49,Suburban,High,993,7974.8,37651.4,2016.5,7919005.7,196,156,4787,6,Monthly,20,5.6,5,806557.1624,
5903,35,Rural,Middle,118,16815.2,37434.7,3754,1984190.7,340,30,1608,10,Daily,8,70.5,4,204478.3843,
5904,65,Rural,High,512,8771.1,38359,2831.6,4490807.8,184,105,3529,28,Daily,0,62.5,4,461318.7597,
5905,53,Urban,High,612,4775.9,17774.6,1450.3,2922826.9,146,149,965,33,Weekly,11,23.4,5,301341.4486,
5906,39,Urban,Low,786,10955.4,48349.5,3365.9,8610953,175,48,256,29,Daily,16,57.1,9,871139.945,
5907,25,Suburban,High,175,16801.4,36417.5,7030.6,2940249.2,200,183,1157,26,Weekly,0,59.9,8,305099.3543,
5908,47,Rural,High,159,8669.2,24667.2,2908,1378406.1,188,158,951,24,Daily,18,18.4,7,146812.0401,
5909,67,Suburban,Low,384,2666.4,11445.7,1210.8,1023913.3,106,42,1771,47,Monthly,4,67.3,3,112139.3481,
5910,30,Rural,Middle,227,7667.9,27414.9,2665.7,1740615,73,165,4482,37,Daily,11,23.8,5,191380.3555,
5911,52,Suburban,Middle,935,19090,46573.5,2074.7,17849110.6,272,297,620,39,Monthly,11,41.3,7,1795362.497,
5912,35,Urban,Middle,38,1449.7,4418.7,649.7,55089.1,214,174,4521,22,Weekly,10,57.6,2,18247.17842,
5913,18,Suburban,High,463,8174.8,40746.5,3563.5,3784941.2,186,352,3208,28,Weekly,15,42.9,2,388845.1981,
5914,52,Suburban,Low,431,12964.1,51433.6,1549.7,5587525.2,140,94,848,49,Daily,16,19.4,5,569074.4751,
5915,55,Urban,Middle,710,1579.6,5462.3,237.1,1121494.2,167,214,3642,10,Monthly,2,67.2,9,129040.0087,
5916,23,Rural,Middle,648,6905.6,29774.5,2227.3,4474829.7,143,188,4389,3,Daily,10,1.2,10,466509.0182,
5917,55,Rural,Middle,104,18812.2,52074.3,2203.7,1956464.8,72,88,3113,35,Weekly,16,38.3,3,207554.7626,
5918,59,Urban,Middle,982,622.4,2987.7,164.6,611204.2,344,257,1783,30,Monthly,0,4.2,1,66625.62582,
5919,38,Suburban,Low,193,15037.3,48241,7370.5,2902202.8,147,248,781,9,Weekly,14,47.5,7,299643.8294,
5920,55,Suburban,Middle,250,16829.1,38832.9,2846,4207271.4,101,54,3965,15,Weekly,8,4.0,9,438883.5545,
5921,26,Suburban,High,13,5548.4,7457.6,1012.2,72129.8,338,291,288,29,Daily,17,5.0,6,14671.83993,
5922,61,Rural,High,567,4302.1,10767.3,1594.1,2439313.5,85,144,1939,34,Daily,0,36.0,6,256444.7227,
5923,23,Suburban,Low,856,18297.3,59915.4,2151.6,15662462.8,305,5,2626,43,Daily,5,49.8,4,1577452.749,
5924,44,Rural,Middle,597,15282.4,58271.7,6545.1,9123589.2,295,365,3411,16,Daily,1,30.9,8,927830.305,
5925,45,Suburban,Middle,621,2276.5,10245.2,408.9,1413694.3,334,37,322,4,Weekly,4,65.9,2,142421.6721,
5926,25,Urban,High,555,4251.8,20306,1329.2,2359761.8,143,119,2373,2,Weekly,2,66.8,6,246275.2095,
5927,54,Urban,Low,388,12430.9,17525.3,2480,4823185.1,311,363,2780,15,Monthly,4,32.9,10,499223.9364,
5928,43,Rural,High,71,8394.1,28570.5,3051.7,595984.3,195,153,2782,50,Daily,7,43.8,7,74958.53909,
5929,64,Rural,Low,956,10088.4,36987.9,3378.5,9644554.1,184,323,4262,3,Monthly,5,70.5,2,972961.1644,
5930,51,Urban,Low,780,19031.3,32129.7,9107.9,14844440,301,246,3440,8,Daily,10,59.3,5,1495353.747,
5931,28,Urban,Low,571,8410.5,26765.6,2340.1,4802399.4,67,294,4180,3,Monthly,10,10.5,4,490974.775,
5932,47,Suburban,High,973,17634.8,41253.8,7934.8,17158682.9,222,212,4210,20,Monthly,10,6.1,1,1727270.468,
5933,51,Urban,Low,438,13218.3,17311.6,4366.4,5789609.7,262,130,3883,9,Daily,7,41.4,6,591742.4086,
5934,52,Rural,High,44,2441.2,3084.3,1137.1,107411.6,326,192,864,30,Daily,5,60.8,9,23288.67014,
5935,41,Urban,High,272,14892.7,60119.6,3227.7,4050813.2,22,197,4553,16,Weekly,15,54.8,5,419655.3459,
5936,37,Rural,Middle,902,10409,36034,3329.9,9388899.4,341,256,371,15,Weekly,19,45.5,4,943781.766,
5937,19,Rural,High,14,4509.7,17409.6,1154.5,63135.7,166,148,4354,38,Daily,19,60.3,2,20143.54611,
5938,46,Suburban,High,371,5798.1,21691.3,732.6,2151091.7,102,342,1997,46,Daily,2,10.2,8,229962.4535,
5939,33,Suburban,Middle,112,11151.1,17142,3676.6,1248920.4,314,267,2863,49,Daily,7,34.4,9,143779.0697,
5940,53,Suburban,Middle,379,12038,19336.2,5028.2,4562414.4,110,338,4320,5,Daily,12,57.0,6,469984.9257,
5941,39,Suburban,Middle,314,19363.8,38920.1,6244.5,6080247.7,342,291,3929,29,Monthly,9,12.4,6,624440.4563,
5942,38,Urban,Low,415,17095.9,44387.7,3619.8,7094780,316,172,2531,14,Monthly,7,27.5,6,720252.3153,
5943,37,Suburban,Low,740,4124.7,19620.1,847.8,3052298.2,179,301,3355,42,Monthly,9,33.6,2,317665.7918,
5944,17,Urban,Middle,485,15482.1,57215.2,3021.1,7508819.2,167,149,4443,30,Monthly,12,6.3,5,767341.8873,
5945,46,Suburban,Low,169,175.8,355.1,86.4,29702.3,134,148,4794,29,Weekly,2,2.6,7,22397.52193,
5946,26,Suburban,Middle,888,2604.9,3188.2,676.5,2313125.6,30,265,1397,36,Daily,3,37.0,8,245402.0927,
5947,43,Rural,Low,803,4002,14955.1,907.4,3213615.1,363,95,412,15,Monthly,15,65.4,8,331104.0832,
5948,61,Urban,High,246,11948,41833.3,3194.7,2939211.7,86,186,1441,43,Monthly,2,8.3,5,305547.3971,
5949,47,Rural,Low,266,3901.8,14448.4,570.9,1037866.4,9,257,2880,35,Daily,20,10.2,5,117227.4586,
5950,20,Suburban,Low,849,7311.8,14950.6,1304.5,6207723.4,136,211,4377,1,Monthly,8,5.1,6,635490.2978,
5951,53,Urban,High,243,4863.2,14919.5,1476.3,1181749.8,290,3,1266,27,Monthly,18,26.7,4,125068.9836,
5952,25,Suburban,Middle,670,6755,16528.1,2834,4525822.1,136,167,4758,47,Weekly,11,29.0,8,474500.2678,
5953,55,Rural,Low,300,18849.6,80502.8,8493.1,5654881.3,140,350,4294,39,Monthly,5,70.8,7,583221.2217,
5954,61,Urban,Low,951,19947.6,25484.7,8904.5,18970123.2,43,205,2837,16,Daily,3,59.4,2,1904948.635,
5955,39,Rural,High,327,13717.6,28831.2,6555.6,4485650.3,105,178,1454,40,Monthly,13,27.0,6,460091.0544,
5956,50,Suburban,High,530,11450.4,39066.8,1721.1,6068730.2,312,344,4322,37,Weekly,0,28.0,6,624953.2285,
5957,59,Suburban,High,595,14171.9,25805.5,1649.4,8432264.1,31,27,1006,35,Weekly,7,30.6,4,852130.3727,
5958,63,Suburban,High,847,15435.3,56969.5,2196.3,13073722.4,170,29,1219,31,Daily,18,42.9,6,1316960.535,
5959,38,Urban,Middle,743,14782.9,22870.4,5030.6,10983668.5,161,127,4828,24,Weekly,15,63.2,10,1119263.634,
5960,32,Rural,Low,342,1647,1797.3,531.1,563284.8,275,105,2916,12,Monthly,7,17.3,9,71217.8125,
5961,16,Rural,Low,765,6212.8,27671.5,2289.3,4752765.6,253,334,227,13,Daily,4,18.4,10,485665.7776,
5962,46,Suburban,Low,679,6875.2,16045.2,1708,4668256.3,219,69,2385,43,Monthly,7,71.3,9,483811.1118,
5963,46,Rural,Low,554,7391.4,12028.7,1896.9,4094833.9,113,107,4705,24,Daily,16,35.7,1,420278.0506,
5964,57,Urban,Middle,249,6892.8,11654.6,2193.5,1716315.3,220,180,1550,34,Weekly,5,49.6,7,183259.7646,
5965,57,Suburban,Low,760,15744,71534,2072.3,11965421,183,102,3057,28,Weekly,2,58.4,4,1208663.591,
5966,68,Suburban,Middle,950,14954.6,54101.7,6280.2,14206886.4,260,262,1917,14,Monthly,20,35.7,2,1425892.442,
5967,49,Suburban,Middle,380,102,492,47.8,38744.8,12,152,113,14,Weekly,19,2.2,8,12203.96601,
5968,24,Urban,High,798,5934.7,24926.6,1513,4735864,340,40,2151,46,Monthly,10,54.2,10,490919.057,
5969,37,Suburban,High,532,12477,50783.7,4938.8,6637783.3,360,289,427,46,Weekly,12,42.4,3,670066.8926,
5970,28,Suburban,Low,894,2414.1,7240.6,771.4,2158214.1,246,137,4598,39,Weekly,18,63.3,2,229727.4315,
5971,40,Suburban,Middle,864,1433.3,6138.9,278.6,1238331.4,250,177,3378,16,Monthly,19,57.8,9,139298.4866,
5972,63,Suburban,High,381,16569.7,43919.8,2106.3,6313047.5,58,67,1216,24,Weekly,2,29.0,5,639566.529,
5973,33,Rural,Middle,42,9059.2,39026.9,1797,380484.7,304,151,1944,22,Daily,18,4.0,8,51069.60377,
5974,66,Suburban,High,345,17115.2,68990.7,5852.8,5904740.7,1,278,956,45,Weekly,19,40.0,8,602913.4508,
5975,27,Urban,Middle,599,16472.8,61176,1912.4,9867218.6,361,328,144,31,Daily,6,70.7,4,993846.9613,
5976,55,Suburban,Low,261,17868.5,41434.6,7763.4,4663672.4,203,212,608,30,Daily,10,13.2,3,472130.1923,
5977,32,Suburban,Low,306,975,3434.8,475.9,298352.6,44,334,2105,22,Daily,8,37.0,6,42129.23399,
5978,30,Rural,Middle,809,3730.7,11293.5,497.7,3018168.7,319,350,4773,37,Daily,14,9.5,7,321672.4449,
5979,57,Suburban,High,862,5929.9,16877.5,1178.1,5111575.4,95,116,4218,16,Daily,11,67.7,7,526696.3559,
5980,30,Rural,High,240,2733.2,13559.6,1012,655978.9,294,136,2282,28,Weekly,11,59.7,5,77192.87413,
5981,30,Urban,Low,679,9714.5,29314.5,4103.7,6596173.8,9,147,2538,1,Weekly,5,39.1,7,671137.1951,
5982,54,Rural,Low,313,15981.5,18026.3,3810,5002224.5,262,365,1953,10,Monthly,16,46.3,2,504738.8567,
5983,28,Suburban,Low,731,19024.1,66696.1,5823.2,13906634.9,326,166,1826,15,Monthly,17,46.9,9,1403900.73,
5984,32,Urban,High,441,17792.6,69605.4,8125.9,7846530.8,253,228,4027,50,Monthly,8,68.7,3,799295.2307,
5985,47,Suburban,High,933,9152.2,41557.5,2322.4,8538965.5,308,134,2342,16,Monthly,10,69.9,1,859844.9279,
5986,24,Rural,Low,903,12733.5,44958.5,1688.7,11498311.8,323,180,499,20,Daily,18,48.2,3,1155674.132,
5987,55,Urban,Middle,133,4621.6,4981.3,2301.4,614674.9,96,290,2733,20,Weekly,9,21.9,5,72247.79691,
5988,35,Urban,High,719,8066.1,11929.7,1388.3,5799561.8,355,330,4439,5,Daily,10,46.4,1,589051.9251,
5989,41,Rural,Low,51,17424.9,28663.3,2082.5,888671.9,130,351,4877,45,Monthly,5,40.5,6,108167.6516,
5990,42,Rural,Middle,618,593.7,1095.3,156.9,366880.9,36,43,46,44,Daily,8,57.0,1,42015.05111,
5991,36,Urban,High,392,10659.9,44761.9,1583.9,4178664.3,105,291,4709,22,Monthly,15,62.3,10,438751.8932,
5992,33,Urban,Middle,696,17457.2,39087.5,8580.1,12150237.6,199,139,4880,31,Monthly,2,46.3,6,1231673.525,
5993,28,Rural,Middle,713,2449,5508.9,617.9,1746120.9,291,253,1187,38,Monthly,15,37.7,10,190351.8086,
5994,31,Suburban,High,523,19651.1,79043.6,8456.3,10277524.6,30,346,4265,44,Monthly,17,61.8,1,1041134.121,
5995,24,Urban,Low,766,257.7,682.9,44,197402.3,93,185,593,37,Weekly,18,32.7,8,32112.99588,
5996,27,Rural,Middle,508,17723.5,22306.1,2756.5,9003557.8,236,65,1670,28,Monthly,15,34.9,2,906268.7706,
5997,59,Suburban,Low,662,7079.9,23650.5,2546.8,4686903.6,361,304,2870,30,Weekly,3,2.2,2,477680.3685,
5998,53,Urban,High,354,2662.5,4047.7,1234.7,942519.6,195,180,511,24,Weekly,4,6.1,2,97469.3517,
5999,34,Urban,Middle,867,3155.6,10371.3,460.1,2735896.5,256,295,1143,1,Monthly,9,31.5,1,274691.2801,
6000,22,Rural,Middle,973,14026.6,57769.1,4708.7,13647845.4,356,214,2076,21,Weekly,18,1.5,2,1370716.62,
6001,50,Suburban,Middle,395,17415.7,82166.5,2333.3,6879196.1,359,153,3010,36,Monthly,18,15.4,8,704325.3213,
6002,63,Urban,Middle,956,12824.9,16264.7,5448.9,12260620.1,31,360,2209,43,Monthly,2,49.3,8,1241589.449,
6003,33,Suburban,Middle,96,18575.2,41160.2,8613.7,1783220.4,25,357,3745,14,Monthly,7,45.6,6,191139.7298,
6004,31,Suburban,High,106,16851.2,60830.2,5923.5,1786222,303,288,3038,5,Monthly,18,41.2,4,188368.3851,
6005,54,Urban,Middle,655,190.5,431,71.5,124807.5,1,123,558,32,Weekly,16,59.6,10,26741.22343,
6006,19,Suburban,High,678,13391.9,37552.3,1636.1,9079707.5,358,94,1759,10,Daily,0,26.7,4,915659.8824,
6007,40,Urban,Low,513,6099.6,6589.8,788,3129119.1,118,82,3705,11,Daily,20,47.9,8,327631.0372,
6008,47,Suburban,High,558,9095.5,34326.2,1563.2,5075264,165,108,3225,23,Monthly,12,46.8,8,523967.3669,
6009,55,Urban,Middle,242,1889.7,8566.1,395.9,457301.3,113,240,1404,2,Monthly,10,47.8,8,54776.17451,
6010,28,Rural,Low,856,5649.2,27722.9,2281.9,4835682.9,195,67,2697,29,Monthly,11,48.8,10,499823.6024,
6011,60,Urban,High,939,12657.4,54706.9,3470.3,11885291.5,140,268,1816,18,Daily,1,58.0,4,1197708.874,
6012,32,Urban,High,488,4375.5,4931.6,574.5,2135223.9,20,243,3303,44,Daily,9,44.2,2,226283.7904,
6013,64,Urban,High,790,12954.3,46731.4,5713.6,10233863.8,286,276,2160,42,Monthly,8,63.2,3,1034409.352,
6014,52,Suburban,Middle,515,18461.4,55063.7,9185.1,9507627.7,231,306,3930,6,Weekly,15,31.4,3,961331.8009,
6015,21,Rural,Middle,654,108.8,516.8,30.7,71126.9,79,136,650,11,Weekly,3,70.1,6,14180.85407,
6016,34,Suburban,High,898,15717.6,72435.2,4789.2,14114365.9,128,159,4497,49,Daily,15,3.4,1,1425116.736,
6017,28,Suburban,High,61,12830,63536.4,1685.9,782627.8,85,152,3335,28,Weekly,3,10.5,1,86599.86171,
6018,41,Urban,Low,416,942.2,4190.6,238.6,391950.6,64,42,3854,47,Weekly,6,6.9,3,54247.4794,
6019,29,Suburban,Middle,294,15805.4,50380.9,3931.2,4646799.7,274,334,1612,7,Monthly,14,32.1,3,469860.0358,
6020,46,Urban,Middle,737,4498.2,17361.2,2187.5,3315155.3,288,335,4067,20,Weekly,10,42.7,2,342277.3173,
6021,69,Rural,Low,302,5323.8,25866.6,1938.8,1607773.3,253,26,4476,12,Monthly,9,32.4,4,173087.2667,
6022,19,Suburban,High,170,1879.4,6225.4,775.9,319494.3,94,166,2125,48,Monthly,9,15.9,5,45144.56831,
6023,54,Suburban,High,646,10692.3,46617.3,1618.1,6907195.1,289,294,2030,26,Monthly,5,17.5,3,699201.063,
6024,23,Suburban,Low,41,9969.5,47542.9,2659.6,408749.2,150,97,3287,3,Monthly,19,58.3,7,54677.43706,
6025,40,Urban,High,231,6950,22811,1227.5,1605454.2,365,267,4726,31,Weekly,4,4.8,10,182807.1598,
6026,28,Urban,High,409,3383.4,5537.3,1502.5,1383805.9,157,123,2276,23,Daily,19,71.4,10,154295.1054,
6027,47,Suburban,Low,738,16760.7,27190.1,2697.6,12369390.4,216,23,3886,40,Weekly,0,52.2,5,1252507.9,
6028,53,Suburban,Low,651,17528.8,25614.3,4830,11411251.9,260,318,3999,8,Daily,14,66.4,4,1153708.826,
6029,53,Rural,Low,622,10816.2,31424.2,1313.7,6727668,100,198,3753,9,Daily,13,14.0,2,681110.3246,
6030,43,Rural,High,997,4892.1,14287.6,1730.4,4877388.2,122,41,1119,10,Monthly,3,40.7,9,497611.6916,
6031,68,Rural,Low,297,1931.2,6700.4,565.4,573578.3,132,121,2532,32,Weekly,11,38.6,3,67130.84064,
6032,45,Rural,High,455,17372.2,50926.4,5197.5,7904350,5,349,676,48,Daily,14,45.1,9,805453.5,
6033,18,Rural,Middle,57,1930.1,9442.4,271.5,110015.4,233,4,3054,6,Daily,16,56.2,1,16862.46947,
6034,43,Urban,Middle,942,273.5,592.1,83.6,257607.8,167,255,1263,10,Weekly,15,51.7,3,31743.86624,
6035,18,Rural,Low,635,9393.3,42225.2,3057.6,5964718.6,57,131,3994,44,Daily,14,28.9,10,617025.7265,
6036,60,Rural,High,240,14628.1,20498.7,7096.6,3510745.9,31,307,3344,27,Weekly,7,62.7,4,363376.7205,
6037,69,Suburban,High,598,9156.2,31201.2,1037.3,5475386.5,7,183,3117,37,Monthly,11,2.0,3,560339.0836,
6038,49,Urban,High,176,1037.7,3728.8,486.8,182634.9,12,107,2638,29,Daily,17,19.0,6,31742.61304,
6039,31,Rural,Low,63,13803.7,56442.2,4028.3,869632,10,177,3060,7,Monthly,13,37.9,7,99715.62156,
6040,37,Rural,High,551,12850.2,38706,2365,7080476.2,157,72,4769,26,Daily,1,62.0,9,727344.9967,
6041,47,Rural,High,138,13633.8,24389.5,4992.9,1881461.5,213,70,2306,21,Monthly,11,29.3,9,203525.4815,
6042,53,Suburban,High,981,4231.9,10478.2,1298.4,4151531,141,69,3735,41,Daily,1,56.1,7,433005.5942,
6043,23,Suburban,Middle,454,15916,33242.9,3035.2,7225869.1,127,264,1081,31,Weekly,17,19.8,10,737640.0652,
6044,23,Suburban,High,753,9588.6,25663.1,3363,7220195.1,198,123,1227,13,Monthly,3,69.8,7,731233.9958,
6045,21,Rural,Middle,449,10731.7,33481.5,3104.7,4818530,137,227,1480,25,Weekly,8,2.1,10,496127.3228,
6046,29,Suburban,High,226,10921.1,38227.1,4102,2468178.1,179,183,1901,43,Daily,7,13.6,3,255597.2944,
6047,47,Rural,High,443,5743.3,25158.3,2157.3,2544264.5,88,227,3001,10,Monthly,6,2.6,8,267577.0655,
6048,50,Urban,High,206,5010.2,23247.4,1448.6,1032097.2,267,72,421,6,Monthly,12,2.2,2,104707.005,
6049,25,Rural,Middle,676,105.3,300.1,27,71165.9,164,8,3120,44,Daily,11,65.3,4,21345.60507,
6050,18,Suburban,High,27,7938.2,10753.8,994.6,214332.5,249,72,1834,29,Daily,11,20.6,3,30334.69369,
6051,27,Urban,Low,457,9707.2,40656.3,2888.3,4436194.4,1,212,2490,1,Daily,12,17.6,9,456416.5864,
6052,64,Rural,High,695,14858.6,43218.3,2930.8,10326759.6,277,263,4116,34,Weekly,18,20.0,6,1050274.247,
6053,46,Urban,Middle,710,1341.9,4274.9,162.8,952729.8,172,46,396,25,Monthly,3,58.0,7,103389.659,
6054,44,Urban,Middle,991,18480.5,62523,4290.3,18314223.4,356,150,1112,24,Monthly,1,23.1,6,1840101.991,
6055,20,Urban,Low,849,5286.5,19409.3,713.6,4488263.8,262,81,2975,0,Weekly,12,43.1,8,462631.5291,
6056,67,Rural,Low,949,7340.7,33476.8,2436.4,6966368.5,142,261,1812,28,Monthly,10,61.9,1,701938.2671,
6057,40,Suburban,Low,107,976.8,4696.9,294.5,104513.9,93,175,2526,23,Weekly,6,23.6,7,24792.17257,
6058,56,Rural,Middle,444,13066.2,62203.9,5448.2,5801391.4,129,143,3207,37,Weekly,8,11.4,6,595967.5919,
6059,46,Suburban,High,701,14181.4,60098.6,2936.3,9941138.1,136,192,6,0,Daily,6,5.8,1,994987.3957,
6060,36,Rural,High,36,18576.5,84652.7,4618.3,668755.3,111,159,4835,24,Weekly,2,41.0,1,78747.63133,
6061,35,Rural,Low,597,6743.2,8082.5,2532.6,4025697.4,44,237,98,33,Monthly,2,44.0,1,405105.6186,
6062,54,Rural,Low,155,5154.8,22662.8,2562.9,798994.1,211,83,1490,41,Monthly,0,62.8,6,92533.0662,
6063,37,Suburban,High,169,14524.5,18722.9,6705.5,2454635.3,343,300,2746,43,Daily,0,34.6,3,256326.8134,
6064,19,Rural,Low,796,14138.9,56340.5,4359.5,11254604,359,175,4225,4,Monthly,19,62.6,6,1139848.089,
6065,28,Urban,High,272,18743.1,31440.7,6957,5098125.9,361,140,4113,40,Weekly,13,37.5,9,528562.2489,
6066,60,Rural,High,547,4114.3,10040.8,1286.8,2250532.7,331,64,4814,11,Monthly,1,42.9,4,237647.5793,
6067,57,Urban,High,420,14108.8,24503.2,3864.7,5925695.8,247,279,3215,7,Weekly,10,39.2,1,598856.6132,
6068,65,Suburban,High,184,1346.7,3735.5,459.1,247793.3,232,50,2315,41,Monthly,9,22.3,2,34030.11153,
6069,64,Suburban,Middle,611,9612.6,25444.3,2447.4,5873273.2,292,215,2411,13,Monthly,14,60.9,5,597842.9511,
6070,35,Rural,High,237,2396.6,2857.4,508.3,567999.3,170,125,1493,19,Daily,10,63.8,7,68387.76375,
6071,67,Rural,Low,915,13066.4,56472.8,4994.9,11955745.3,234,36,987,46,Weekly,7,61.2,5,1205997.763,
6072,28,Rural,Low,509,12033.3,53148.1,5400.4,6124960.2,8,139,4597,39,Daily,0,8.6,6,630583.3662,
6073,32,Urban,Low,441,986.2,4092.6,212.2,434901.1,302,86,2051,8,Daily,5,48.3,1,47705.90983,
6074,69,Suburban,Low,981,6399.2,28095,2449.3,6277576.2,100,56,4555,4,Daily,19,32.5,5,641842.3984,
6075,51,Urban,Middle,122,7906.7,31654.7,2163.3,964620.1,253,249,3034,0,Daily,7,7.9,6,107124.691,
6076,48,Urban,High,417,4968.7,23601.1,1097.3,2071958.2,308,222,2217,10,Weekly,18,5.4,1,211896.4481,
6077,16,Rural,High,535,783,2588.3,272.8,418912.6,282,325,2856,3,Weekly,20,50.5,2,49155.84298,
6078,30,Rural,Low,375,6383.2,21259.9,3036.9,2393718.6,291,293,3471,37,Monthly,16,29.2,6,254063.8282,
6079,28,Urban,Low,575,15854.6,70388.6,3815.8,9116378.8,188,249,607,16,Monthly,13,28.1,7,920372.2702,
6080,32,Urban,Low,326,7208.6,17283.7,2910.8,2349997.3,123,214,2595,3,Daily,3,16.1,2,242083.1525,
6081,39,Rural,High,480,6474.2,7771.1,1462.4,3107597.5,132,298,1296,31,Weekly,1,43.8,1,316964.8224,
6082,23,Rural,Middle,150,18835.6,75331.7,7940.1,2825346.8,236,158,2513,4,Monthly,15,11.5,6,293263.4324,
6083,65,Urban,Middle,707,842.2,1699.9,340.2,595434,221,94,2394,21,Daily,19,1.3,10,76036.08767,
6084,42,Rural,Middle,995,15348.1,44462.5,6235.2,15271350.6,62,278,2950,13,Daily,1,2.0,5,1537927.759,
6085,60,Rural,Middle,592,9667,18964.4,4824.7,5722888.3,320,166,1909,20,Monthly,10,27.1,3,578733.9761,
6086,38,Urban,Low,490,18889.8,81384.1,2950.7,9256004.7,178,56,2472,17,Weekly,13,52.0,9,939004.288,
6087,61,Urban,High,827,7875.5,38063.5,2012.5,6513022.1,220,334,869,2,Monthly,17,43.8,1,653430.8256,
6088,23,Suburban,Low,153,14163.8,17281.1,4990.2,2167056.2,171,352,2677,10,Monthly,9,18.8,9,229897.9513,
6089,23,Urban,Middle,17,1408,2722.4,473.4,23936.1,82,82,251,46,Weekly,11,8.2,1,6110.556084,
6090,41,Rural,Low,551,18576.2,32661.5,7658.1,10235464.6,14,34,3896,38,Monthly,10,26.7,7,1041403.042,
6091,62,Urban,Middle,845,6897.4,25470.8,819.2,5828309.7,270,63,98,35,Daily,8,64.6,1,585263.7561,
6092,28,Urban,High,348,10484.9,28463.4,4005.4,3648728.3,54,2,1312,26,Monthly,15,25.6,6,373603.2585,
6093,54,Urban,Middle,459,2778.2,7848.7,1097.7,1275215.5,131,190,4858,37,Weekly,7,9.5,9,147943.3743,
6094,52,Suburban,Low,202,18911.7,30794.2,2353.4,3820163.8,98,43,4695,24,Weekly,4,64.3,7,399830.819,
6095,64,Suburban,High,423,13462.7,35796.4,4247.1,5694713,201,95,3863,41,Monthly,14,24.0,6,585775.9412,
6096,43,Rural,Middle,280,1088.4,2408.6,215.5,304754.8,360,274,584,38,Monthly,14,55.8,5,39533.01511,
6097,40,Suburban,Middle,422,3112.6,10722.1,1309.3,1313510.2,261,148,1039,34,Monthly,16,20.4,3,137339.1212,
6098,31,Urban,High,600,8002.7,14956.6,959.1,4801609,221,7,4204,14,Daily,1,62.7,2,491799.2637,
6099,17,Suburban,Low,993,4343.3,15024.4,688.3,4312849.8,5,214,4182,47,Weekly,12,6.8,2,444116.2762,
6100,69,Urban,High,465,6099.5,15315.6,864.8,2836251.3,117,308,2414,20,Daily,10,19.0,9,299266.7584,
6101,33,Suburban,Low,953,19949.8,47583.9,2515.4,19012205.4,301,293,656,2,Daily,0,52.7,3,1905627.049,
6102,32,Suburban,Middle,812,13176.4,29280.9,4480.4,10699226.6,192,98,1369,23,Daily,8,29.0,7,1079610.813,
6103,45,Suburban,Middle,804,18445.1,68160.9,8252.7,14829884.4,116,302,3517,43,Weekly,3,40.1,4,1496154.237,
6104,54,Urban,High,355,8721.6,28342.4,2654.8,3096171.4,236,359,3340,4,Weekly,15,20.7,7,322793.2334,
6105,28,Suburban,Middle,582,14208.5,62615.4,2617.7,8269371.9,51,42,4998,36,Daily,15,26.6,6,844139.3644,
6106,47,Urban,High,378,9199.2,18089.7,2185,3477301,13,316,2577,32,Weekly,2,44.1,10,363929.4557,
6107,65,Urban,Middle,124,6571.2,7625.7,1604.3,814829.9,218,242,3116,23,Weekly,17,57.3,4,91760.0296,
6108,44,Rural,Middle,80,10388.3,17951.9,2915.5,831061.7,329,104,407,5,Weekly,6,64.3,3,85932.38087,
6109,61,Suburban,Low,557,8551.9,20297.4,2293.8,4763434.9,68,247,1974,46,Monthly,9,26.5,4,486495.667,
6110,45,Rural,High,988,19611,33703.9,7225.9,19375675.5,231,336,1311,44,Weekly,9,45.8,2,1944565.592,
6111,33,Rural,High,233,9928.4,13244.9,2342.7,2313309.4,325,78,3078,6,Weekly,6,36.4,2,237737.0559,
6112,28,Urban,Middle,480,16224.2,45125.1,5924.8,7787592.7,92,124,275,49,Weekly,0,47.6,4,787505.4959,
6113,58,Suburban,Low,154,13339.7,49460.1,4251.5,2054317.1,104,32,2937,18,Daily,16,45.2,3,214775.4621,
6114,36,Urban,Low,907,9597.7,38451.3,1146,8705157.9,78,167,4461,20,Monthly,19,45.0,5,884268.6293,
6115,45,Urban,High,692,9488.3,24621.2,4439.3,6565875.9,102,282,2915,5,Monthly,4,32.0,1,662468.2658,
6116,36,Suburban,High,409,6844.4,19932.1,1171.6,2799352.8,261,30,4784,39,Daily,10,21.8,7,298400.5368,
6117,63,Urban,Middle,31,2148.6,8641.3,602.9,66605.6,304,254,4697,2,Weekly,1,30.9,4,17821.81322,
6118,32,Suburban,High,597,15231.8,36721.2,7296.6,9093367.8,226,169,3027,48,Weekly,9,60.4,6,924179.3745,
6119,55,Suburban,Middle,557,18362.7,76004.5,3653,10228032.2,348,359,734,13,Monthly,13,25.3,2,1026782.822,
6120,34,Urban,Low,503,4366.9,21264.7,475.4,2196559.5,175,32,135,19,Weekly,5,62.2,4,225529.204,
6121,67,Urban,High,371,18514.2,83719.8,5480.6,6868773.1,88,184,1753,13,Monthly,1,12.8,5,696001.4406,
6122,30,Rural,Low,323,4653.8,13097.5,882.2,1503164.9,118,53,1785,1,Daily,6,40.3,6,158329.5128,
6123,24,Urban,Low,332,10606.3,35192.4,3529.9,3521285.4,280,337,2929,24,Monthly,9,8.7,1,361359.1766,
6124,67,Suburban,Middle,243,6879,26592.2,2936.3,1671597.9,141,149,4515,3,Monthly,17,32.4,4,180015.4932,
6125,25,Rural,Low,552,2299,5511.2,700,1269064.9,113,76,23,40,Monthly,0,69.9,2,132135.2342,
6126,59,Suburban,Middle,430,1066.2,4475,381.7,458482.8,249,69,1264,47,Monthly,11,45.5,10,60888.2196,
6127,46,Rural,Middle,182,7313.3,20094.5,2680,1331016.4,89,274,3719,32,Monthly,3,2.3,1,144612.1343,
6128,68,Urban,Low,809,956.4,4196.1,409.5,773730.7,365,229,2560,1,Daily,0,59.4,9,91468.23126,
6129,38,Urban,Low,473,2093.1,4225.8,785.3,990030,309,37,2377,22,Weekly,13,36.5,1,105577.5439,
6130,67,Urban,Middle,376,2854.5,2984.4,1400.1,1073302.8,220,135,3694,43,Weekly,8,48.7,2,120573.8597,
6131,45,Suburban,Middle,81,48.3,170.5,13.6,3911.9,51,61,3542,47,Monthly,9,46.6,9,20569.65128,
6132,48,Rural,Low,550,3073.5,8629.1,369.1,1690431.5,175,131,457,20,Weekly,11,14.4,8,179496.5585,
6133,67,Suburban,Middle,868,11549.8,14313.6,2975.4,10025227.1,209,1,2789,14,Monthly,13,29.8,10,1018046.693,
6134,24,Rural,Middle,420,16392.3,48364.6,7146.2,6884752.2,117,60,4172,50,Weekly,11,16.3,10,711680.3535,
6135,69,Urban,High,467,3876.7,6490.6,594,1810402.5,313,327,3133,23,Weekly,19,13.7,10,197256.2502,
6136,62,Suburban,High,428,1626.6,5724.2,641.5,696203.4,313,347,3618,19,Weekly,1,40.5,4,82448.48946,
6137,16,Urban,High,57,14593,40571.2,4586.1,831800.4,291,31,2222,37,Weekly,2,15.5,2,90945.04756,
6138,59,Suburban,High,322,173.2,291.7,79.7,55761.6,86,264,1951,24,Daily,12,15.3,8,17932.83521,
6139,50,Urban,High,977,14685.9,38884.7,5763.9,14348124.7,135,7,2494,21,Monthly,5,45.5,3,1442830.431,
6140,26,Suburban,Middle,542,2631,5080.1,958.2,1426020.2,309,135,1670,50,Monthly,16,29.6,10,160509.9976,
6141,49,Suburban,Middle,495,4573.4,16521,2079.8,2263842.1,266,20,1157,46,Daily,15,15.4,1,232624.0927,
6142,31,Rural,High,266,2410.2,5255.6,1116.6,641112.5,220,327,2984,3,Daily,4,28.2,2,70336.57362,
6143,24,Urban,Low,227,4954.3,21244.3,1258.2,1124623.8,295,142,4047,15,Daily,17,42.1,4,124661.2887,
6144,47,Rural,High,829,15965.5,16870,7522,13235430.2,186,143,523,42,Daily,3,43.5,1,1328411.331,
6145,30,Rural,Low,959,2659.6,6951.2,324.1,2550514.8,163,210,3524,6,Daily,14,64.8,6,268300.9505,
6146,27,Urban,Middle,804,19883.4,68961.9,8053.3,15986230.3,127,125,1977,23,Monthly,12,67.0,4,1607841.446,
6147,48,Suburban,Low,54,6548.7,7140.9,1536.4,353629,315,321,898,33,Daily,13,15.4,6,46082.54664,
6148,60,Rural,Middle,609,18440.1,34360.8,5439.1,11230047,117,354,99,38,Monthly,8,35.8,5,1129570.554,
6149,29,Urban,Low,961,3808.8,8797,1654.1,3660219.6,137,3,3626,28,Monthly,7,32.6,4,378361.8326,
6150,23,Suburban,Middle,978,3766.1,4095.1,1336.3,3683217.9,256,131,2823,43,Weekly,13,55.5,7,385146.7304,
6151,23,Rural,Middle,4,11311.1,36045.7,3201,45244.2,356,75,1676,25,Weekly,20,14.7,7,16184.50434,
6152,42,Rural,High,439,1021.5,3599.2,169.1,448436.6,264,324,4279,13,Weekly,6,17.1,4,57106.75073,
6153,27,Rural,Middle,310,16022,30603.5,7621.8,4966834.9,222,160,1170,46,Daily,2,12.2,4,507384.3847,
6154,16,Suburban,High,879,8797.9,27924,2049.8,7733361.9,314,272,4374,19,Daily,3,53.0,4,786321.7174,
6155,58,Rural,High,603,13986.9,69885.8,1964.7,8434123.3,351,17,2346,6,Weekly,16,17.2,8,856261.0683,
6156,55,Suburban,High,89,3500.9,15921,1140.1,311579.9,150,356,2327,17,Daily,8,30.8,5,41492.29144,
6157,57,Rural,Low,320,12850.7,15866.1,3373.5,4112231.5,236,32,4482,42,Weekly,10,19.4,5,427823.265,
6158,66,Urban,Low,375,11885.5,17965.2,3995.9,4457052.1,351,155,224,9,Monthly,20,70.7,9,455140.579,
6159,26,Rural,Middle,604,15115.7,45008.6,2923.6,9129863.7,168,112,4493,45,Monthly,0,47.0,10,935520.1624,
6160,54,Urban,High,501,5955.1,11795.8,1497.6,2983481,69,98,4050,29,Monthly,11,21.3,6,313239.0589,
6161,58,Urban,High,662,18664,24708.8,9126.7,12355554.7,209,261,1440,2,Monthly,6,9.2,4,1241862.304,
6162,46,Urban,Middle,234,19226.4,38803.1,9125.1,4498979.6,52,345,4950,49,Weekly,8,32.1,7,470059.9702,
6163,32,Suburban,High,921,17363.8,21612.9,7740,15992051.5,267,92,154,43,Monthly,2,13.9,8,1609690.268,
6164,48,Urban,Middle,337,11445,35704.3,4711.3,3856949.8,150,146,4747,0,Monthly,10,12.9,7,401807.3601,
6165,47,Rural,High,571,8411.6,24906.6,1367.9,4803002.2,303,3,1069,29,Daily,20,21.9,6,491223.4005,
6166,44,Suburban,Low,185,1169.3,1198.9,335.3,216314.7,345,284,4806,44,Monthly,9,69.6,2,35579.63116,
6167,36,Urban,Middle,438,18945.1,55510.3,7410.6,8297946.7,13,290,4323,1,Monthly,18,29.4,5,842162.8413,
6168,36,Suburban,Middle,556,19036.1,58616.4,3896.8,10584076.6,100,342,301,14,Weekly,0,15.9,6,1064340.411,
6169,55,Suburban,Low,180,383.6,1312.9,43.4,69044.8,173,286,3215,10,Daily,13,24.3,2,15801.89079,
6170,38,Suburban,Middle,76,7144.2,34866.5,1909.2,542957.8,237,48,2617,31,Daily,7,34.9,9,69548.20308,
6171,21,Rural,Low,656,17601.9,86791,4753.5,11546864.1,75,65,426,5,Daily,6,6.1,10,1165800.135,
6172,37,Urban,High,613,1626.2,5053.9,205,996880.3,325,221,4570,5,Daily,9,22.7,4,111120.0226,
6173,65,Suburban,Low,893,3939.4,17257.3,899.1,3517850.2,250,147,1437,27,Weekly,11,11.2,5,360302.6809,
6174,53,Suburban,Low,272,19573.8,26241.8,9139.4,5324062.6,78,180,1067,24,Weekly,18,7.4,5,540521.9233,
6175,52,Suburban,Middle,977,16947.3,52953.9,3391.5,16557515.4,278,297,5000,22,Weekly,20,65.5,7,1673430.688,
6176,60,Urban,High,55,18242.1,67780.5,5977.3,1003318.2,242,349,2907,11,Monthly,6,21.2,9,115381.2104,
6177,66,Suburban,Low,701,2851.7,9293.3,841.7,1999018.4,314,353,2442,47,Daily,8,15.8,9,217981.8043,
6178,69,Suburban,High,863,4234.2,8141.9,1883.6,3654119.8,216,81,3941,47,Daily,18,50.7,6,382855.3843,
6179,23,Rural,Low,847,12112.3,15148,4377.6,10259099.1,220,358,4373,9,Weekly,6,5.1,9,1042912.276,
6180,56,Urban,Middle,77,10039.7,25568,1640.2,773060.5,21,193,1939,16,Daily,15,70.1,4,84287.89004,
6181,64,Rural,Low,296,5977.1,21461.1,939.3,1769216.5,305,297,2972,1,Monthly,6,70.9,5,185922.5175,
6182,50,Urban,Low,219,17678.1,87804.4,5709.9,3871501.2,353,123,4953,44,Daily,11,55.3,5,405370.3474,
6183,66,Urban,High,277,18028.8,35086.4,2138,4993966.1,92,289,4030,16,Monthly,2,71.1,5,512198.4887,
6184,26,Urban,Low,578,5840.8,27283.1,1503.5,3375961.2,295,228,3787,8,Daily,4,19.2,1,346700.0036,
6185,39,Rural,Middle,648,3123.5,3976.4,810.9,2024031.4,100,82,737,46,Daily,5,19.1,7,214439.5521,
6186,64,Rural,Middle,746,2990.4,14126.3,533.9,2230806.7,266,84,2095,6,Weekly,16,62.7,6,232808.3574,
6187,36,Rural,Low,711,9693.7,41968.4,2136.5,6892192,168,243,740,12,Monthly,16,44.1,3,692402.142,
6188,66,Rural,Low,266,2667,2890.5,618.7,709432.8,58,215,1883,9,Daily,3,52.3,8,82631.74582,
6189,17,Suburban,High,953,9472.1,20769.8,991.8,9026883.7,89,174,944,21,Daily,9,2.0,6,912468.1661,
6190,55,Suburban,High,900,9244.1,11128.2,3904.3,8319655.9,173,346,3781,27,Weekly,7,33.9,9,851059.5206,
6191,34,Suburban,Middle,43,17683.4,88098.9,8540.7,760384.6,145,327,1727,49,Monthly,13,20.8,7,89646.50063,
6192,54,Urban,High,361,5931.2,16081.8,1279.4,2141180.1,121,105,1335,41,Monthly,10,11.9,8,228165.2728,
6193,43,Suburban,Low,228,11217.4,40929,1624.2,2557576.9,245,57,2629,49,Weekly,5,37.8,9,272743.4088,
6194,32,Urban,Middle,227,14872.6,28804.6,7160,3376071.6,324,276,4002,13,Daily,12,20.7,6,351703.7947,
6195,21,Rural,High,63,11922.3,56451.6,4723.9,751107.2,266,169,1556,18,Monthly,14,39.6,8,87196.79058,
6196,34,Urban,Middle,171,19081.8,40008.8,8710,3262990.6,62,239,3630,0,Weekly,11,6.6,2,333661.2711,
6197,53,Urban,Low,963,12049.5,24591.4,2944.3,11603694.3,89,75,4328,26,Weekly,20,57.6,1,1171581.603,
6198,43,Suburban,High,762,18038.2,40737.5,5296.5,13745127.4,72,294,4840,3,Weekly,9,68.4,9,1391649.283,
6199,17,Rural,Low,850,4908.7,13989.5,2317.4,4172375.6,170,283,4880,23,Weekly,11,45.7,10,437512.334,
6200,53,Rural,Low,762,11219.4,12051.2,3184.3,8549219.3,173,196,4860,13,Weekly,3,11.1,6,870133.9035,
6201,52,Suburban,Middle,307,10870.7,36866.3,4009.5,3337300.4,76,218,710,36,Daily,7,54.2,10,346607.2393,
6202,66,Rural,Middle,750,19789.1,22295.7,7557.9,14841860.8,365,153,1817,22,Monthly,19,63.4,10,1497899.078,
6203,67,Rural,Middle,568,4098.1,12936.9,1782,2327710.1,158,270,1033,4,Weekly,2,27.0,3,236575.4918,
6204,19,Rural,High,683,2828.5,8008.9,1386.1,1931836.8,330,37,1360,19,Daily,6,37.5,3,198411.279,
6205,37,Suburban,High,920,12237.3,24109.8,2863,11258338.8,213,178,2690,21,Daily,2,5.5,8,1141262.066,
6206,41,Rural,Middle,992,4481.6,10393.2,891.8,4445753.1,9,348,3386,45,Weekly,0,39.9,3,456521.2525,
6207,64,Urban,High,34,12786.7,48879,1676.1,434748.3,3,200,2127,39,Monthly,18,4.4,10,61258.19867,
6208,58,Urban,High,827,19450.1,20196.7,8608.9,16085197,309,170,2095,43,Weekly,13,26.0,6,1622480.596,
6209,51,Rural,Middle,642,18930.7,42908,4109.3,12153480.4,170,310,90,48,Weekly,2,20.8,6,1224284.544,
6210,28,Suburban,Low,130,4629.7,17228.2,554.9,601867.4,147,125,1668,34,Monthly,1,14.0,5,70921.65431,
6211,67,Suburban,High,394,3426.2,5513.1,1528.5,1349929.9,6,163,4791,35,Weekly,3,61.6,7,154011.7131,
6212,47,Suburban,High,151,11219.2,36367.4,3410.2,1694095.9,171,287,4005,4,Daily,4,43.8,4,181166.5257,
6213,32,Rural,Low,655,11739.7,19672.6,5110.6,7689489.1,80,354,4049,32,Daily,5,49.1,10,789685.8055,
6214,56,Rural,Low,630,13248.4,21449.8,4263.2,8346478.7,292,250,2123,23,Monthly,8,36.0,6,846928.2713,
6215,51,Urban,Low,716,14832.4,60651.5,3344.6,10620001,224,228,3156,33,Monthly,9,54.1,1,1072120.17,
6216,61,Suburban,Middle,384,12023.1,24841,1826.5,4616884.5,352,145,262,36,Weekly,4,27.3,3,467395.5811,
6217,34,Urban,Low,747,2243.9,5616.8,616.8,1676225.1,295,113,4496,24,Daily,17,32.3,7,184247.9859,
6218,50,Urban,Middle,17,15805.3,61957.8,1748.4,268689.4,43,341,1257,50,Daily,6,6.9,9,41535.84012,
6219,61,Suburban,Low,594,1599.5,2748.1,545.4,950131.8,245,346,215,36,Weekly,9,23.7,1,99117.87402,
6220,55,Rural,Low,14,409.7,1281,111,5735.2,50,92,1197,24,Monthly,10,8.5,4,7062.628376,
6221,43,Rural,Middle,81,15395.5,71916.5,2411.1,1247032.9,295,181,902,21,Daily,16,35.2,7,134785.4654,
6222,16,Urban,Middle,207,10971.7,35277.3,3424.2,2271134.6,130,128,1552,44,Daily,7,67.7,10,244339.6221,
6223,57,Urban,Low,204,13974.8,16705.3,5874.5,2850867.9,252,278,2934,4,Weekly,6,58.6,9,297991.7292,
6224,33,Urban,Low,379,7661.1,25732.1,3753.3,2903564.1,165,169,1832,7,Monthly,13,32.0,8,301368.7177,
6225,63,Urban,Low,784,231.7,315.3,72.1,181683.3,101,259,2367,40,Weekly,10,22.4,2,26473.89278,
6226,55,Suburban,High,544,6627,14105.6,1006.1,3605086.3,275,348,1874,46,Daily,7,24.4,2,369872.4611,
6227,48,Urban,Low,23,12166.6,53517.3,5162.1,279832.3,69,63,2092,26,Weekly,0,34.6,9,41873.7504,
6228,27,Urban,Middle,614,4521.8,4722,1710.7,2776387.9,44,322,3436,34,Weekly,5,18.2,2,289635.947,
6229,23,Rural,High,162,13759.2,17997.8,6626.3,2228991.8,150,302,4973,0,Monthly,13,25.0,10,240709.982,
6230,39,Rural,Middle,610,15890.1,38985.6,4990.8,9692946.5,135,212,903,19,Weekly,4,36.0,7,979573.8979,
6231,31,Rural,High,144,9090.8,45432,2207.6,1309074.8,318,242,4442,6,Daily,15,60.7,10,150219.7834,
6232,65,Suburban,High,930,17515.7,37964.4,8497.5,16289571.9,345,136,2859,44,Daily,12,7.8,9,1647830.81,
6233,19,Suburban,Middle,104,17097.8,27854,5392.3,1778169.4,218,39,2374,2,Monthly,15,29.7,8,189371.5055,
6234,53,Rural,High,382,17562.4,56159,1868,6708828.6,148,350,1141,41,Weekly,13,14.5,5,681535.1739,
6235,59,Rural,Middle,455,13224.1,40690.9,3828,6016979.3,126,303,1103,49,Monthly,1,46.2,2,608401.5421,
6236,42,Urban,Low,417,6102.7,17078.4,616.1,2544839.3,249,68,4696,47,Weekly,17,41.5,6,272444.2372,
6237,24,Urban,High,324,9630.2,46096.1,3804.7,3120189.1,54,57,4652,8,Monthly,1,42.0,7,327114.6362,
6238,62,Suburban,Middle,171,14213.1,30140.3,4638.8,2430441.4,332,153,4851,46,Weekly,2,38.8,10,265322.0487,
6239,31,Suburban,High,576,4219.2,9169.5,607.2,2430240.4,223,201,392,13,Monthly,8,53.1,7,249881.3506,
6240,27,Urban,Middle,756,14779.5,23071.2,6284.3,11173288.2,209,87,3359,18,Weekly,17,11.9,5,1128683.795,
6241,46,Rural,Low,583,10966.3,41552.9,3449.7,6393347.9,144,318,1812,26,Daily,19,14.2,10,653238.273,
6242,39,Urban,Low,274,1929.4,4409.6,281,528652.5,313,39,3420,5,Weekly,12,51.3,9,66869.33269,
6243,29,Suburban,High,452,11150.2,46952.9,1828.7,5039869.5,320,248,4728,6,Weekly,9,10.4,6,519297.1429,
6244,60,Suburban,High,881,1344.9,6572.3,576.7,1184817.3,138,114,4630,36,Weekly,1,52.6,10,140792.8153,
6245,40,Urban,Middle,125,296,347.7,71.7,37000.3,355,204,3783,25,Monthly,20,12.7,9,21158.28752,
6246,49,Urban,Middle,383,17793.7,88478.7,7623.5,6814970.7,225,206,525,12,Daily,18,71.4,8,691438.7397,
6247,18,Urban,High,317,9803.4,19767.8,1252.9,3107685.1,102,135,2518,36,Monthly,8,4.2,10,328876.6486,
6248,39,Suburban,Middle,843,10870.4,29137.4,2147.4,9163713.7,99,351,4058,45,Daily,7,56.1,9,936054.9735,
6249,69,Rural,Middle,107,5606,23045.9,2275.1,599837.3,307,262,4852,32,Monthly,12,17.5,1,72264.39122,
6250,57,Urban,Middle,660,10859.5,39760,3873.4,7167248.2,283,123,290,32,Weekly,5,24.0,2,720877.6883,
6251,24,Suburban,High,907,3385.7,13927.9,754.1,3070816.4,91,83,3703,40,Weekly,8,65.7,8,324111.0474,
6252,41,Suburban,Low,463,14915.5,42737.7,7076.1,6905857.7,297,213,3605,8,Monthly,13,22.8,6,702926.7132,
6253,35,Suburban,Low,430,16468.7,76814.7,3037.3,7081562.4,204,275,1710,14,Weekly,1,27.8,1,712899.2199,
6254,55,Urban,Middle,704,17119,71210.8,7530.8,12051745.6,238,175,3167,4,Monthly,6,13.9,10,1221207.73,
6255,25,Urban,High,337,2142,4791.4,810.3,721849.9,97,275,492,28,Monthly,11,6.5,1,76122.60113,
6256,34,Rural,Middle,738,11159.5,53497.8,1656.6,8235718.7,121,236,1438,6,Daily,10,8.7,1,827353.3385,
6257,18,Suburban,Low,754,16176.9,78364.6,5209.7,12197406.6,117,34,3752,30,Weekly,18,43.1,3,1233157.194,
6258,39,Urban,Middle,496,2573,6844.9,1214.4,1276231.6,66,171,867,33,Weekly,18,4.3,9,141003.2259,
6259,20,Suburban,Low,972,1999.5,7213.7,694.9,1943468.3,131,141,3815,10,Weekly,14,17.0,6,206888.4005,
6260,18,Suburban,High,362,16340.7,69596.1,5090.5,5915322.7,267,25,4557,41,Monthly,19,28.9,2,604925.7016,
6261,42,Rural,Middle,796,15936.8,68037.2,3928.9,12685655.7,316,97,495,18,Daily,12,8.7,8,1277800.976,
6262,31,Urban,High,432,8979.4,9486.7,3731.1,3879090.3,92,312,25,4,Weekly,14,54.1,10,396103.5215,
6263,64,Urban,Middle,675,2203.1,7746.3,1024.9,1487110.2,77,21,765,22,Monthly,20,70.0,3,154780.7103,
6264,30,Suburban,Middle,520,10327.3,50550,4144.6,5370197,238,290,3026,46,Weekly,4,64.5,1,547227.4885,
6265,50,Suburban,Middle,859,7902.1,15214.6,3082.6,6787917.6,252,110,3449,1,Daily,0,68.7,10,695711.4456,
6266,27,Rural,Middle,406,10375.8,43396,1836.5,4212559.8,227,281,3430,42,Monthly,15,39.7,6,436085.9674,
6267,56,Rural,Middle,377,8803.5,27616.5,3817.2,3318921.4,360,82,2443,3,Monthly,10,11.5,4,339958.7995,
6268,68,Rural,High,152,11374.6,21451.1,1322.6,1728939.7,320,107,3950,16,Monthly,14,48.3,6,187949.2889,
6269,59,Rural,High,322,14545.3,17514.8,5861,4683594,141,267,1902,30,Monthly,12,5.2,8,482565.1114,
6270,41,Rural,Low,607,15499.4,62612.9,2857.3,9408165.8,54,275,4945,29,Daily,14,34.8,4,955485.9854,
6271,62,Rural,Middle,214,12983.2,29418.3,3828.8,2778395,140,177,3329,1,Monthly,17,57.0,4,288325.4832,
6272,49,Suburban,Low,576,3986.8,9976.4,1507.4,2296410,146,286,333,23,Monthly,14,61.7,6,236293.9919,
6273,38,Rural,High,65,7948.5,23375.9,3208.3,516651.8,274,109,1427,9,Monthly,1,22.0,2,56485.52369,
6274,46,Suburban,Low,893,1433.8,4342.6,652.7,1280355.1,145,38,1465,27,Daily,8,16.8,3,136037.7991,
6275,65,Suburban,High,270,9039,16493.8,1925.6,2440518.6,167,271,2195,42,Weekly,16,50.0,2,253812.2145,
6276,35,Urban,Middle,537,19407.1,71467.9,3682.1,10421604.6,86,331,3617,31,Weekly,17,10.9,9,1060471.999,
6277,27,Suburban,Low,996,12838.2,48402.1,6399.8,12786844.1,141,216,571,32,Daily,9,71.6,4,1285656.123,
6278,38,Suburban,Low,100,3100.7,4865.6,567.5,310070.4,45,316,801,17,Daily,8,24.6,3,35842.02295,
6279,19,Rural,Low,105,5378.9,16844.7,1969.7,564781.1,128,132,1188,23,Monthly,19,54.2,2,62034.55971,
6280,38,Suburban,Low,131,1300.8,4471,625.8,170408.4,358,339,194,36,Daily,19,52.5,1,20912.92641,
6281,63,Rural,Middle,389,3656.5,6380.5,1676.9,1422360.5,117,221,4578,29,Weekly,20,23.0,2,155578.7981,
6282,63,Rural,High,321,9762,44688.7,2707,3133587.4,147,270,126,4,Weekly,19,28.4,4,317051.2135,
6283,16,Rural,High,438,6903.7,20236.8,2451,3023811.4,147,337,4320,22,Weekly,8,60.8,4,316053.2972,
6284,69,Urban,Middle,19,4087.2,5967.8,1273.7,77656.9,21,264,2834,29,Daily,3,17.2,7,21839.72271,
6285,40,Rural,High,225,2940.5,6873.7,701.8,661613,24,77,3294,3,Daily,14,5.3,3,75722.55176,
6286,17,Suburban,Low,618,13124.9,38165,2070.7,8111164.5,158,215,2611,40,Monthly,19,11.5,7,825428.5141,
6287,45,Rural,Middle,566,11166.5,11619.6,4705.1,6320220,48,93,4651,50,Monthly,9,49.6,4,648622.5766,
6288,18,Rural,High,990,16854.4,19005.7,2295.2,16685836,110,139,1621,23,Monthly,9,17.9,9,1682378.685,
6289,36,Rural,Middle,460,3673.2,4489,1263,1689683.6,59,80,4250,2,Monthly,15,41.3,7,183519.9987,
6290,40,Urban,Middle,394,16961.2,53471,5728.6,6682724.4,17,50,4699,14,Monthly,0,28.9,2,678703.1137,
6291,35,Suburban,High,226,11562.4,27106.4,2704.8,2613112.4,304,236,3732,45,Daily,18,62.6,9,282224.0486,
6292,64,Urban,High,912,5331.8,24379.2,822,4862603.1,55,343,3027,0,Weekly,3,35.6,9,499285.9313,
6293,67,Suburban,Middle,360,5478.3,17733,2300.1,1972197.8,137,332,2396,9,Monthly,7,10.9,2,203632.4703,
6294,37,Urban,Middle,430,7813.7,31564.1,2225.1,3359892.7,77,294,2452,44,Monthly,16,60.1,8,351746.2407,
6295,36,Suburban,High,925,9207.9,34516.3,3592.1,8517347.3,270,152,809,25,Weekly,2,6.9,7,861141.4018,
6296,48,Urban,Middle,15,1659.3,5112.7,176.9,24889.1,180,95,224,11,Weekly,2,59.8,1,3896.864493,
6297,67,Rural,High,560,16841.6,67010.6,2186.1,9431275.5,85,166,4399,0,Weekly,11,3.9,1,952445.897,
6298,53,Urban,Middle,651,2439.6,7755.1,415.6,1588183.5,300,321,3117,1,Weekly,7,1.3,8,170878.3726,
6299,30,Urban,Middle,546,9674.4,24590.5,1408,5282201.8,139,90,219,10,Daily,20,54.6,10,537807.7026,
6300,61,Rural,Middle,932,7665.5,21028.2,1354.4,7144278.6,307,17,2125,11,Weekly,4,40.8,5,723378.886,
6301,67,Rural,High,414,10250.6,44631.2,3839.8,4243756.2,170,356,2025,27,Monthly,14,16.3,9,439004.478,
6302,30,Suburban,Low,355,17750.8,57744.9,2108.8,6301525.3,242,229,3891,32,Weekly,7,69.6,3,642886.2018,
6303,61,Suburban,High,457,19781.9,49636.4,2277.8,9040317.3,64,283,277,41,Monthly,12,46.2,3,909626.8837,
6304,40,Suburban,Middle,722,415.2,713.8,46.8,299792.3,240,345,528,2,Daily,5,17.9,8,39203.96771,
6305,36,Urban,Low,531,7870.9,23466.4,2983.5,4179424.7,95,222,480,40,Monthly,9,30.5,5,425739.1289,
6306,39,Suburban,Low,999,16354,32865.3,5142.6,16337680.5,146,233,3173,48,Daily,0,65.8,1,1645797.168,
6307,20,Urban,Middle,196,6538.8,31532.1,1622.3,1281603.1,49,281,2841,18,Monthly,8,15.4,9,143102.5322,
6308,21,Urban,High,838,12984.2,38484.3,4807.3,10880787.4,145,358,4774,17,Daily,4,66.8,2,1100493.932,
6309,64,Suburban,Low,115,19845.3,20555.6,6379.1,2282205.1,259,352,1982,36,Weekly,11,16.4,7,241088.9164,
6310,58,Suburban,Low,417,12939,17745.9,1331.9,5395545.5,159,204,2776,27,Daily,12,2.7,8,555592.694,
6311,63,Urban,High,352,2232.7,4772,972.2,785915.9,217,314,1714,30,Weekly,5,20.1,4,87629.00912,
6312,59,Rural,High,976,16860.2,23075.7,4047.7,16455564.8,303,257,1181,6,Daily,15,4.9,3,1649380.393,
6313,62,Rural,Low,75,19333.5,88467.1,5023.3,1450011.2,17,277,4648,46,Weekly,11,17.5,1,158660.5216,
6314,38,Urban,High,662,14253,62961.5,5885.3,9435514.7,81,257,2097,37,Daily,3,20.3,10,961234.6027,
6315,19,Suburban,Low,36,8387.2,40958.3,1466.4,301938.2,184,159,1819,4,Monthly,2,30.6,7,41138.37068,
6316,42,Urban,Middle,242,18968.5,72570.9,1973.3,4590381.7,283,317,2803,18,Monthly,1,21.1,7,471891.1687,
6317,33,Urban,High,663,19371.8,69386.9,8979.5,12843473.3,71,259,2113,12,Monthly,9,51.5,9,1298599.502,
6318,36,Suburban,Low,63,18703,87791.6,5651.9,1178288,90,203,2673,38,Weekly,11,69.9,6,132796.5751,
6319,43,Rural,High,666,8242.3,39443.9,1976.6,5489346.4,197,176,2986,27,Monthly,3,4.4,4,560543.0409,
6320,50,Urban,High,509,15796.3,71240.3,6754.8,8040294.5,130,82,415,1,Monthly,14,37.4,1,805435.6801,
6321,37,Rural,Low,188,13087,58183.6,1446.4,2460364.5,80,25,3160,5,Daily,13,19.6,6,258345.9635,
6322,55,Rural,Middle,735,3602.3,13281.1,651.7,2647717.1,365,18,2569,14,Monthly,12,33.9,2,272107.2739,
6323,38,Suburban,Low,93,10714.9,10783.8,1737.1,996489.7,203,284,3982,27,Weekly,16,51.0,10,119610.9645,
6324,18,Urban,High,5,14956.3,40652.4,5909.7,74781.7,231,260,2546,36,Weekly,4,63.3,9,24622.0054,
6325,55,Urban,Low,438,17919.3,63481.8,4028.9,7848647.4,87,116,2448,24,Daily,9,64.0,7,797874.7079,
6326,65,Rural,High,166,17253.3,55012.4,7059.4,2864054.7,227,149,3774,31,Weekly,9,12.6,1,297326.2583,
6327,25,Rural,Low,446,3101.6,13288.9,361.6,1383324,6,326,2613,36,Weekly,16,40.9,4,150957.8534,
6328,40,Suburban,Middle,25,9765.8,41754.7,3352.1,244144.6,357,21,1686,35,Daily,18,21.1,5,34579.61382,
6329,67,Rural,Middle,508,9570.6,32489.5,2175.3,4861859.7,225,94,838,29,Monthly,11,36.3,3,492297.947,
6330,64,Suburban,Middle,98,17975.8,19557.2,3141.6,1761623.9,146,148,931,44,Daily,1,66.3,9,190894.0951,
6331,23,Urban,Middle,268,48.7,120.7,20.8,13058.8,55,126,2309,23,Daily,2,5.3,9,15768.2625,
6332,26,Suburban,Low,662,14776.9,28301.7,3914.4,9782297,67,224,4545,17,Monthly,14,43.2,9,995630.7213,
6333,20,Rural,Middle,393,12376.6,29148.9,4067.6,4864021.1,185,121,4972,0,Daily,12,26.5,2,495954.9095,
6334,60,Urban,Low,764,18432.2,63944.5,2087.1,14082211.3,147,128,2079,2,Weekly,3,62.6,3,1414249.274,
6335,68,Suburban,High,596,9143.8,11574.6,3809.8,5449691.6,74,287,3947,6,Daily,20,16.5,10,563218.0846,
6336,52,Urban,High,285,13156.9,14327.4,2825.5,3749707.5,139,356,4164,32,Monthly,13,24.6,7,392353.282,
6337,60,Suburban,High,684,19455.2,53453,7341.7,13307365.8,224,153,82,20,Monthly,12,2.4,6,1338833.12,
6338,53,Rural,Middle,733,14880.6,62116.2,6014.6,10907506.3,232,325,769,13,Daily,6,31.5,8,1100550.632,
6339,44,Rural,Middle,109,1357,1523.6,199.3,147913.6,183,200,810,46,Monthly,13,46.0,1,19737.81442,
6340,20,Urban,Middle,27,3359,14766.8,733.5,90692.9,96,273,470,47,Daily,5,14.9,8,21540.67912,
6341,24,Urban,High,758,16430.8,41660.6,6397.8,12454552.1,342,148,3623,36,Weekly,4,46.1,1,1255924.994,
6342,63,Urban,High,55,6702.6,9872.5,1292.7,368641,248,301,3245,2,Weekly,12,53.9,6,49159.0045,
6343,17,Suburban,High,977,14121.3,46176.5,6203.1,13796513.1,132,221,2195,48,Monthly,5,14.7,8,1396802.179,
6344,16,Rural,High,133,13999.5,67329.7,3146.9,1861930.4,13,228,121,36,Monthly,16,54.6,10,197551.5765,
6345,55,Urban,Low,52,19874.1,63001.8,5185.8,1033451.8,70,306,1890,24,Daily,7,67.2,7,115679.5388,
6346,66,Urban,Low,493,9402.8,35227.8,1315.4,4635558.6,349,179,2554,32,Weekly,6,16.8,3,474165.4833,
6347,45,Urban,Middle,765,14759.3,62958.4,2347.8,11290840.7,256,98,1933,12,Monthly,13,10.6,7,1139721.866,
6348,26,Suburban,Middle,781,984.6,4132.6,206.9,768949.2,188,116,4784,49,Weekly,2,24.7,3,92499.62199,
6349,43,Urban,High,298,9257.2,11964.7,1106.8,2758644,89,123,1410,32,Daily,17,14.5,3,284255.8767,
6350,59,Urban,Low,399,3741.8,14832.3,663.1,1492963.9,319,285,4628,28,Weekly,20,56.0,5,165042.0772,
6351,27,Suburban,Low,591,16813,80665.5,4431.5,9936498,316,195,316,18,Daily,14,10.4,2,997250.2073,
6352,54,Suburban,Middle,18,16799.8,63882.9,4233.3,302395.8,154,240,4244,25,Monthly,14,2.6,1,41025.16783,
6353,41,Urban,Low,818,4734.9,20576.9,849.8,3873168.5,150,215,504,37,Monthly,18,26.0,4,395621.5714,
6354,28,Urban,Middle,770,6372.5,18749.2,842.3,4906840.6,330,3,2825,8,Monthly,18,56.7,4,499858.7605,
6355,23,Suburban,High,855,14052.5,31987.5,3193.6,12014913.9,132,248,1882,45,Monthly,12,47.2,4,1213637.025,
6356,69,Rural,High,619,14767.9,54714.6,5879.7,9141352.3,144,262,2542,29,Daily,13,38.7,10,930019.2332,
6357,43,Suburban,Middle,909,13156.1,39057.7,4000,11958854.7,247,168,3508,21,Daily,18,33.5,10,1213432.316,
6358,45,Rural,High,964,19933.9,91320.4,9542.8,19216304.5,63,332,432,42,Monthly,18,47.1,9,1933340.721,
6359,24,Urban,High,559,17375,85094.4,2709.7,9712612.4,170,261,591,3,Monthly,16,35.9,3,974243.9073,
6360,54,Urban,Low,246,8347,35718.6,1526.9,2053363.7,302,3,2744,6,Weekly,11,56.0,6,216968.9576,
6361,46,Rural,Low,503,6546.3,32539.6,1388.6,3292771.1,236,260,600,17,Daily,15,62.5,7,337966.9857,
6362,36,Suburban,Low,89,11941,28580.6,1256.2,1062751.4,289,216,3479,49,Weekly,18,13.3,7,123471.3969,
6363,62,Urban,Low,203,16354.6,74953.3,7806.9,3319973.7,123,261,3630,5,Daily,20,17.5,5,343821.8138,
6364,49,Rural,Low,946,9512.1,22065.6,2645.8,8998461.8,270,57,2023,28,Daily,12,37.5,2,907310.5532,
6365,46,Suburban,Middle,240,14756.5,21723.8,4318.6,3541554.1,8,355,3153,4,Monthly,9,62.5,2,362454.6838,
6366,67,Rural,Middle,490,393,1369.8,64.1,192574.5,218,170,2452,5,Monthly,7,66.2,9,31718.6399,
6367,40,Suburban,Low,780,18517.5,52218.6,8315.8,14443684.1,342,83,1147,33,Weekly,16,9.9,1,1448688.589,
6368,27,Suburban,High,13,15479,72546.7,5836.4,201226.4,174,200,4359,33,Monthly,12,22.5,1,32353.45162,
6369,16,Suburban,High,649,7889.9,23423.2,2150.3,5120519,126,156,658,0,Monthly,1,55.6,8,519384.5748,
6370,37,Suburban,Middle,315,7686.4,36207.1,3468,2421218,315,311,1114,17,Monthly,11,67.3,7,252819.9374,
6371,55,Rural,Middle,685,2066.7,2716.8,955.2,1415694.5,316,279,995,26,Daily,17,6.8,9,154542.6879,
6372,52,Rural,Middle,742,16324.9,70557,1955.6,12113085.4,49,135,2963,9,Monthly,18,34.3,6,1222979.865,
6373,62,Rural,High,198,15374.9,62060.1,2271.3,3044231,336,294,360,38,Monthly,15,36.2,3,310977.0792,
6374,16,Rural,Middle,243,12608.7,48920.6,1400.2,3063912.1,236,205,3784,1,Daily,19,1.6,2,314510.1427,
6375,16,Rural,High,507,2038.1,4933.3,678.1,1033324.2,349,365,2262,18,Weekly,1,61.7,7,115248.9618,
6376,57,Suburban,Middle,43,5254.2,21726.3,983.5,225930.8,317,185,1708,26,Monthly,19,8.6,1,29390.8968,
6377,69,Urban,High,330,9183.7,26937.5,4022.2,3030621.1,256,85,4020,21,Monthly,5,60.5,8,320872.8746,
6378,57,Urban,Middle,791,5326.8,20565.7,1525.4,4213482.3,116,293,4273,9,Daily,13,2.5,8,438664.9522,
6379,36,Rural,Middle,591,8685.1,27869.8,3778.8,5132917,279,138,1179,43,Monthly,2,70.8,9,526568.1818,
6380,30,Rural,High,429,4526.9,7377.7,1458.8,1942036.3,85,218,3641,26,Monthly,20,38.3,9,211472.2735,
6381,32,Urban,Middle,791,6998.5,8805.8,2928.6,5535824.6,120,106,1054,11,Daily,18,22.2,9,563651.502,
6382,37,Suburban,Low,744,13049.4,32163.5,3245.9,9708764.5,50,57,4735,14,Weekly,7,44.0,7,987393.2942,
6383,53,Rural,High,613,17848.3,84443.1,8534.3,10941006.7,164,92,3898,49,Daily,7,21.1,3,1109312.072,
6384,50,Suburban,Middle,162,7706.8,24036.9,2827.3,1248495.7,148,272,2275,0,Monthly,5,8.6,10,137833.0635,
6385,60,Urban,High,656,13841.2,58254.6,4681.1,9079857.1,43,59,4211,37,Weekly,9,18.9,6,924844.3602,
6386,31,Urban,Middle,959,2704.5,8935.2,651.6,2593628.7,136,259,4554,40,Daily,10,60.7,6,277450.3923,
6387,23,Rural,Low,621,10821,52282.7,5138.6,6719810.8,246,193,3595,23,Monthly,16,18.5,2,682541.5673,
6388,62,Suburban,Middle,435,18434.9,45678.3,4333.9,8019167.3,218,117,321,5,Monthly,10,30.2,4,805433.5436,
6389,32,Rural,Middle,233,568.4,698.2,246.9,132445.8,281,195,2919,28,Weekly,18,40.0,2,22338.1717,
6390,32,Urban,Low,111,5358.5,22091.2,1402.4,594790.4,234,158,2472,5,Weekly,12,62.8,3,67544.12054,
6391,69,Suburban,High,928,2658.5,10160.5,1081.7,2467130.4,263,275,3937,37,Monthly,2,1.8,7,263246.4894,
6392,41,Rural,Middle,934,10667.1,33176.1,4957.5,9963069.9,115,353,4278,47,Weekly,5,63.6,8,1015972.76,
6393,28,Rural,Middle,232,13596.1,31346.6,3891.8,3154284.3,342,275,3908,14,Monthly,1,53.6,1,324304.9051,
6394,32,Rural,Low,952,1165,2042.3,361.7,1109085.8,189,36,4612,7,Weekly,0,28.5,8,126960.2821,
6395,53,Urban,High,750,1415,4144.6,328.5,1061239.2,197,112,3062,28,Daily,15,71.4,8,122663.7517,
6396,32,Rural,High,709,17393.9,63745.2,2119.9,12332266.3,38,229,3723,1,Daily,8,5.2,7,1245473.338,
6397,63,Suburban,Low,273,9130.1,30271.3,3295.9,2492517.5,12,197,4396,10,Weekly,20,53.4,7,265367.2795,
6398,29,Rural,Low,598,9264.4,25476.8,1369.8,5540112.7,124,316,2715,8,Weekly,0,52.1,3,562584.3747,
6399,60,Urban,Middle,807,18892.2,59676.1,4564.8,15245974.8,44,290,2303,15,Monthly,17,68.2,9,1537666.225,
6400,21,Rural,Low,41,6411,9179.4,1537.3,262850.6,309,183,2727,23,Monthly,16,59.5,3,36204.08143,
6401,50,Urban,Low,560,17941.5,67879.2,2877.8,10047241.5,14,254,3704,33,Monthly,15,41.9,7,1020355.381,
6402,61,Urban,Low,466,19485.4,76714.3,7145,9080174.2,348,239,2428,42,Daily,5,17.5,8,924253.3945,
6403,29,Suburban,High,924,4841.5,5063.3,822.3,4473515.5,52,298,3379,23,Daily,17,37.2,2,457032.8319,
6404,62,Suburban,Low,77,10285.6,21415.5,4230.8,791994,245,42,4618,48,Daily,13,8.3,4,96658.28943,
6405,23,Rural,Middle,690,10691.8,14631.4,2135.3,7377327.9,180,88,689,37,Weekly,16,35.7,4,744981.9843,
6406,30,Urban,Middle,490,17324.7,86501,3723.3,8489103.3,302,176,2170,37,Daily,5,14.8,7,863532.9744,
6407,69,Urban,Middle,769,6085.1,20527.4,1445.2,4679460.1,130,278,4574,24,Weekly,10,67.4,6,483245.4297,
6408,42,Suburban,Low,117,15962.9,45700.9,2571.6,1867655.6,100,343,4092,40,Weekly,1,29.9,10,208020.4387,
6409,28,Suburban,High,434,19420.4,55387.2,5315.5,8428470,284,297,4655,32,Weekly,2,11.6,6,860178.0622,
6410,64,Rural,Low,19,16808.3,81673.3,2220.9,319358.3,111,280,4563,43,Daily,7,2.7,6,51301.77167,
6411,46,Urban,Low,994,18183.7,66178.2,4925,18074612,288,307,2437,42,Daily,8,24.5,9,1823095.723,
6412,68,Suburban,Middle,571,14170,23729.6,3343.6,8091073,92,33,2800,16,Weekly,9,5.1,4,818274.3608,
6413,50,Rural,Low,196,18080.1,50491.1,4254.4,3543694.8,76,28,2303,6,Daily,20,33.6,10,368457.9604,
6414,21,Urban,High,619,3305.4,13541.4,1204,2046020.4,205,209,212,26,Weekly,12,4.3,2,207325.3907,
6415,20,Urban,Middle,451,14250.1,38381.2,5808.5,6426797.2,22,90,4994,35,Weekly,11,60.2,2,655840.0723,
6416,37,Suburban,High,425,14640.2,32766.8,3548.8,6222097,170,82,1320,40,Daily,9,34.1,9,636517.0735,
6417,64,Rural,High,394,8789.2,43637.3,1800.1,3462955.5,157,248,2267,18,Weekly,20,57.3,4,356044.9216,
6418,38,Suburban,High,284,1604,7606.9,477.6,455528,222,335,2587,14,Daily,13,26.8,10,60909.0279,
6419,40,Rural,Low,34,12452.7,59352.3,5168.9,423390.1,360,358,4518,5,Daily,5,55.5,9,60063.01514,
6420,49,Urban,Low,295,1047.1,1598.6,374.7,308893.7,68,191,1214,35,Weekly,1,29.8,1,36697.40697,
6421,41,Rural,Low,251,7654.2,14826.4,881.8,1921210.7,161,278,128,4,Monthly,14,48.7,2,192498.59,
6422,62,Rural,Low,638,7879.5,21812.5,2300.6,5027100.5,174,18,4256,44,Daily,14,51.6,7,521917.4641,
6423,20,Rural,Middle,339,19978.5,86477.1,9917,6772698.3,38,213,1056,4,Weekly,3,43.8,7,684684.409,
6424,41,Rural,Low,618,6003,23695.9,1448.2,3709880.4,336,211,4106,1,Monthly,10,4.9,1,377961.7834,
6425,35,Rural,Middle,440,16410.9,72186,4534.1,7220784.7,26,2,2554,42,Monthly,6,27.1,8,737373.8337,
6426,21,Suburban,High,180,1072.9,5024.5,230.6,193122.4,254,94,3286,17,Monthly,14,56.1,7,33266.10242,
6427,21,Rural,Middle,622,10600,43704.6,3170.2,6593213.7,299,345,1777,31,Weekly,19,66.7,10,674565.4281,
6428,65,Rural,Low,228,10738.5,21982.5,1765.1,2448370.4,283,295,3867,46,Weekly,18,47.9,2,257121.9522,
6429,33,Urban,Middle,633,12578.7,26940.9,2500.7,7962323.2,247,17,1781,48,Monthly,13,69.7,1,805483.0635,
6430,19,Rural,Low,619,16202,39046,6232.8,10029040.5,11,239,1838,28,Weekly,9,20.5,2,1009540.224,
6431,32,Urban,Low,643,15240.8,33717.4,2367.1,9799865.5,238,16,1424,48,Daily,5,10.7,7,993312.3834,
6432,29,Suburban,Middle,23,15222.6,30390.2,7161.6,350118.7,107,155,4937,19,Monthly,1,24.3,10,55793.02711,
6433,29,Suburban,Middle,657,8651.6,34692.3,1930.9,5684072.1,334,177,2440,18,Monthly,6,49.1,4,577169.8934,
6434,28,Rural,High,327,14552.2,16530.7,4802.4,4758554.7,313,131,1106,15,Monthly,20,28.7,6,484901.8483,
6435,22,Suburban,High,154,9831.4,38475.9,2248.8,1514035.8,1,298,3002,10,Monthly,2,47.8,5,161168.7441,
6436,59,Rural,High,619,1348.4,5790.2,392.7,834631.2,11,63,3405,27,Weekly,7,50.8,8,99251.89657,
6437,30,Suburban,High,146,17804.7,22508.3,8217.3,2599491.1,158,285,812,21,Monthly,17,44.6,7,269147.725,
6438,34,Rural,High,252,17804.4,22209,2268.8,4486699.9,88,130,3232,26,Monthly,14,56.3,7,463426.1844,
6439,58,Rural,Middle,302,6464.3,13845.7,2860.7,1952232.6,242,363,4202,16,Monthly,10,17.6,9,213695.3703,
6440,62,Urban,High,70,18278.9,33509.4,5904.6,1279523.9,132,104,3051,7,Monthly,9,8.8,4,137212.0311,
6441,59,Urban,Middle,543,15162.1,50406.9,5549.8,8233020.8,86,270,3877,7,Daily,20,4.4,9,838943.7955,
6442,50,Urban,High,93,8022,29696,981.5,746047.5,110,268,2882,22,Monthly,16,70.3,3,85539.53013,
6443,32,Urban,Low,649,6636.8,23471.5,2685,4307281.2,328,280,359,31,Weekly,17,52.0,3,436630.0718,
6444,50,Rural,High,886,19503.1,47380.6,2947.1,17279748.9,111,28,2197,43,Daily,0,17.9,5,1739587.727,
6445,34,Suburban,Low,163,14255.4,42674.9,6927.1,2323632.3,208,217,98,14,Daily,1,34.9,10,242378.7048,
6446,35,Rural,Middle,81,7582.4,26993.1,3182.5,614175.3,289,357,2703,26,Monthly,4,5.4,3,70885.35297,
6447,51,Urban,High,828,12843.3,18978.5,3816.3,10634217.6,74,134,3742,3,Weekly,9,48.2,9,1079634.224,
6448,50,Urban,Middle,588,11434.8,21932.5,5370.5,6723667.5,322,286,811,39,Daily,11,69.7,1,677308.5308,
6449,47,Suburban,High,63,10495.6,47880.6,1759.4,661220,249,34,2510,31,Daily,12,51.1,6,78276.62167,
6450,63,Urban,Middle,612,12897.6,30558.3,6405.8,7893325.7,108,211,1920,46,Weekly,15,45.2,7,803768.1756,
6451,59,Rural,High,436,10757.2,45229.8,4160.1,4690117.5,4,186,1875,36,Daily,2,66.5,1,476906.5175,
6452,55,Rural,High,48,13099.3,26250.4,1825.4,628764.4,215,331,4694,9,Monthly,3,37.4,5,77971.25837,
6453,39,Rural,Low,445,18152.3,21175.8,5711.4,8077771.5,179,181,1240,27,Daily,15,53.9,9,820692.9132,
6454,32,Rural,Middle,920,19865.4,59627.9,7635.3,18276137.4,155,272,2798,31,Monthly,9,67.2,6,1840600.091,
6455,22,Rural,Middle,74,14188.6,64841.1,4898,1049959.7,289,185,3070,31,Weekly,13,46.9,4,117829.3719,
6456,58,Suburban,Middle,826,18557.1,79371.4,5002.6,15328195.8,225,27,684,50,Weekly,20,38.3,4,1542133.975,
6457,65,Rural,Middle,704,17169.6,34541.1,3421.2,12087413.2,105,112,2239,14,Daily,18,42.2,5,1218197.709,
6458,16,Urban,Middle,542,5907.8,27410.7,1153.7,3202026.3,84,305,898,5,Weekly,4,55.6,5,327108.9831,
6459,50,Urban,Low,157,18658.8,54462.6,8784.2,2929436.4,77,137,1687,8,Monthly,18,4.7,6,302442.9152,
6460,47,Urban,High,487,1425.5,1704.9,276.4,694204.8,203,26,1831,37,Monthly,10,24.3,3,78261.4486,
6461,51,Urban,Low,266,6605.1,7342.9,3203.2,1756966.5,339,262,2481,29,Monthly,16,4.7,4,185746.0897,
6462,28,Suburban,Middle,256,12802.5,37645.2,2356.8,3277439.8,241,135,4425,40,Daily,6,56.8,5,344003.9974,
6463,21,Urban,Middle,39,10543,33582.7,2674.9,411178.6,288,269,2574,39,Monthly,3,66.0,2,50381.76955,
6464,29,Suburban,High,55,10852.8,14321.9,1138.8,596905.3,195,177,20,15,Monthly,14,29.4,10,69776.76933,
6465,52,Urban,Low,28,15899.8,74553.7,7333.9,445194.9,205,10,4411,24,Weekly,3,18.9,4,57651.90732,
6466,63,Suburban,High,914,3902.1,15112.4,553.1,3566543.7,214,299,3292,9,Daily,15,3.9,7,369071.5321,
6467,30,Suburban,High,937,19641.7,82595.8,4771.6,18404263,19,110,617,29,Weekly,18,1.5,4,1846569.682,
6468,62,Suburban,Low,118,8754.8,29206.8,3825.9,1033065.2,159,112,4840,8,Monthly,1,39.7,8,120347.8763,
6469,19,Urban,High,370,18997.4,69419.7,7917.3,7029025.7,212,101,1088,39,Monthly,10,24.7,1,707493.2484,
6470,55,Suburban,Low,209,7668.5,19565.7,3348.1,1602713.6,53,274,148,45,Weekly,18,69.5,9,173969.5801,
6471,31,Rural,Low,587,12039.7,44753.9,5606.2,7067313,88,267,4377,6,Weekly,13,59.0,5,720596.1677,
6472,43,Rural,Middle,577,9011.7,44272.2,4185.3,5199766.1,160,266,112,42,Weekly,11,33.0,2,524378.415,
6473,31,Urban,High,849,13521.9,48555.5,5519.7,11480130.4,9,156,1069,47,Monthly,18,15.1,6,1158785.308,
6474,19,Rural,Middle,868,3680.7,8710.4,1225.5,3194811.4,179,213,2493,48,Weekly,9,28.2,4,331220.2619,
6475,60,Rural,High,612,8018.6,17167.4,2603,4907361.4,83,309,1093,39,Daily,7,6.1,8,502640.3547,
6476,41,Rural,High,558,1376.9,6682.8,144.8,768331.8,151,54,2229,11,Daily,16,45.2,8,89334.65577,
6477,43,Urban,Middle,316,11966,20821,4655.1,3781271,25,153,3971,16,Weekly,7,62.4,10,395339.5117,
6478,47,Urban,Middle,393,19254,81344.1,3671.2,7566824.8,225,262,980,24,Daily,8,31.9,7,767519.555,
6479,60,Rural,Middle,941,927.7,2654.1,400.3,872938.6,194,362,2357,46,Daily,13,35.1,3,97265.49227,
6480,17,Urban,Low,444,13196,36619.4,4242.8,5859025.9,118,289,3280,6,Daily,14,67.6,10,601670.8897,
6481,46,Suburban,High,668,15504.2,61864.1,7673,10356811.1,323,325,4438,18,Weekly,15,23.0,4,1049947.404,
6482,18,Rural,Low,752,4270,6798.6,786.2,3211068.1,248,226,3051,16,Daily,7,8.2,3,329968.6197,
6483,69,Urban,High,865,5468.8,15669,2129.5,4730473.2,78,96,4093,31,Daily,2,5.9,1,484593.6201,
6484,23,Urban,High,259,4039.6,4618.6,1288.7,1046257.9,152,174,2595,22,Monthly,1,55.5,7,118464.6492,
6485,39,Rural,Low,947,5955.3,21925.1,2815.2,5639648.8,56,344,1971,44,Weekly,0,16.5,10,581876.6959,
6486,30,Urban,Low,648,2210.6,2726.7,456.3,1432436.6,306,205,4485,31,Monthly,7,71.9,8,163240.1499,
6487,58,Rural,High,882,7413.3,10001.6,917.6,6538490,357,55,2981,25,Monthly,5,69.4,8,668399.3631,
6488,46,Urban,Middle,198,7384.9,32340.7,2345,1462209.1,259,235,4384,7,Weekly,10,61.6,8,162472.6527,
6489,24,Suburban,Middle,699,16147.3,44757.4,4983.8,11286946.2,23,198,4662,21,Daily,2,36.8,1,1138671.794,
6490,54,Rural,Middle,628,16021.2,28900.6,3599.7,10061286.4,162,226,2582,45,Monthly,13,37.1,1,1015694.464,
6491,60,Suburban,Middle,445,15936.5,53711.4,7882.4,7091742.5,265,307,3964,7,Daily,4,67.2,10,725693.8751,
6492,17,Rural,High,570,11345,34910.2,1450.9,6466677.3,82,281,4084,45,Daily,20,22.1,5,661915.494,
6493,23,Urban,Middle,582,6524.4,17248,2138.7,3797174.6,59,105,4860,4,Daily,19,35.6,10,399781.3018,
6494,22,Suburban,Middle,605,8225.2,38014.1,1678.7,4976234.3,66,279,4651,11,Weekly,12,29.6,3,510762.1341,
6495,59,Urban,Middle,741,6361.7,25433,641,4714014.3,115,178,1123,26,Monthly,20,26.5,1,476377.7667,
6496,66,Rural,High,908,11642.7,18702.6,5764.8,10571606.8,291,302,1051,19,Monthly,4,64.3,2,1060987.394,
6497,54,Rural,Low,649,18760.2,61591.6,5490.1,12175371.5,242,205,4671,10,Weekly,4,52.4,8,1233784.275,
6498,57,Rural,Middle,617,5697.1,7719.4,2523.1,3515105,334,220,815,35,Daily,9,68.1,5,360723.6594,
6499,31,Rural,High,305,9182.4,18168.5,4003.8,2800646.6,109,141,978,1,Daily,12,6.1,4,285620.8989,
6500,50,Rural,High,339,13105.8,60803.5,5568.8,4442861.9,304,145,2858,9,Daily,9,59.7,2,450896.3918,
6501,45,Suburban,Middle,529,16895.5,48123.6,4791.7,8937693.7,309,14,682,41,Weekly,7,24.3,8,905741.0866,
6502,25,Rural,Low,54,5074.1,23180.8,2325.8,274003.8,331,158,3655,6,Monthly,1,43.0,6,41231.38223,
6503,53,Urban,Low,112,5613,9340,1385.9,628655.6,32,105,2602,11,Monthly,1,51.0,8,75159.01671,
6504,33,Suburban,Low,684,17704.5,32246.3,4662.6,12109849.9,213,230,780,15,Weekly,18,11.1,1,1212652.593,
6505,65,Urban,High,928,1614.4,3892.7,326.6,1498125.9,88,289,4599,30,Monthly,9,54.1,3,164905.3737,
6506,20,Rural,Middle,419,12112.9,29862,3382.3,5075304.1,62,120,1442,26,Monthly,14,25.2,1,513299.7272,
6507,68,Urban,Middle,974,17210.5,68516.9,8512.3,16763030.7,3,182,4500,31,Weekly,15,20.8,4,1690354.405,
6508,44,Suburban,High,305,18435.6,62637.7,6070.8,5622869.5,262,185,2759,41,Monthly,9,34.5,5,575443.322,
6509,54,Suburban,Middle,438,263.6,847,114,115464.8,112,217,2201,39,Daily,9,56.6,6,23375.08713,
6510,49,Suburban,Middle,656,7399.6,25229,1519.4,4854152.6,12,31,2261,26,Daily,19,30.0,6,496248.5041,
6511,58,Urban,Low,85,5152.7,20243.8,2485.5,437981.5,53,279,3633,24,Weekly,18,39.7,7,60018.46727,
6512,60,Suburban,Middle,524,11365,51952.3,1196.4,5955245,148,225,3120,39,Daily,3,17.9,6,609979.4333,
6513,38,Urban,Middle,252,12660.9,33664.9,5977.2,3190551.1,134,310,2545,4,Daily,1,23.6,3,325911.8888,
6514,20,Rural,High,728,19995.5,84215.1,9182,14556718,84,175,4041,3,Daily,8,67.8,2,1465776.66,
6515,45,Rural,High,126,10260.1,30579.1,1302.4,1292775.4,184,177,1370,43,Monthly,10,66.2,8,144093.7438,
6516,21,Urban,Low,610,11033.8,42903,3772.9,6730632,169,84,2389,42,Monthly,2,64.0,6,686617.587,
6517,61,Suburban,High,904,8292.1,37308.7,3433.8,7496082.8,49,56,2828,14,Daily,6,28.6,1,756656.8499,
6518,59,Urban,Low,405,2962.1,3343.8,774.6,1199637.5,108,92,1462,12,Daily,5,3.1,10,132724.1386,
6519,19,Urban,Low,304,6073.5,19353.2,830.5,1846331.7,193,8,553,32,Weekly,0,66.3,10,198342.0995,
6520,44,Urban,Middle,904,4947.2,24526,2136,4472294.6,340,150,2572,4,Daily,11,29.5,9,460381.7993,
6521,38,Rural,Low,28,16026.4,47837.1,4593.2,448738.7,214,62,715,5,Weekly,17,58.1,2,47845.38031,
6522,21,Urban,Middle,848,10920.9,48676.7,2242.1,9260898,360,54,4295,44,Daily,8,37.6,10,946860.9548,
6523,47,Rural,Low,266,5930.9,10341.1,761.2,1577622.2,95,163,3389,24,Monthly,4,64.4,5,171175.0071,
6524,57,Urban,High,52,9787,33443.5,3484.8,508922.3,31,119,3742,24,Weekly,12,9.3,2,60599.14268,
6525,33,Rural,High,655,4385.1,19650.7,512.7,2872246.4,156,108,4044,9,Daily,17,59.9,9,304237.6594,
6526,30,Urban,High,644,3710.7,10115.8,1545.3,2389685.5,12,344,3163,11,Weekly,14,62.6,9,253949.1333,
6527,55,Urban,Low,858,17200.2,50687.2,7022.9,14757810.5,272,271,3651,2,Daily,14,21.6,3,1485567.106,
6528,47,Suburban,Low,511,18896.8,25096.3,4330.7,9656248.9,225,114,3135,28,Monthly,5,45.4,2,974672.1725,
6529,24,Suburban,Middle,207,1609.5,1881,465,333164.8,163,237,2833,28,Weekly,6,4.9,8,47673.36823,
6530,52,Urban,Middle,996,15300,43985,5625.6,15238805.3,44,261,3495,42,Weekly,12,23.3,9,1542047.904,
6531,25,Urban,Middle,992,9071.7,39678.7,4387.5,8999124,324,17,1337,23,Monthly,11,27.5,2,905286.812,
6532,35,Urban,Middle,574,7785.5,36789,2398.4,4468901.7,226,92,2421,23,Daily,9,7.7,9,462270.2143,
6533,21,Urban,Low,875,13791.3,50126.1,6877.3,12067415.6,253,117,4131,24,Monthly,0,31.8,3,1218812.336,
6534,63,Suburban,Low,511,5332.4,22959.2,1226.7,2724862.1,233,358,3011,46,Monthly,10,47.0,1,281709.4316,
6535,18,Rural,Middle,998,421.4,1660.1,130.9,420575.9,259,219,2659,48,Weekly,15,47.1,6,56554.62421,
6536,57,Urban,Low,644,4287.9,16319.6,627.1,2761418.5,287,149,1164,36,Daily,0,34.4,2,281678.8676,
6537,26,Suburban,Low,553,3706.7,15108.8,1195.7,2049778.7,180,357,2735,4,Weekly,17,9.8,1,211086.4201,
6538,58,Urban,Low,201,690.6,2086.6,217.2,138820.1,223,51,4813,10,Weekly,10,6.6,4,26393.00478,
6539,32,Urban,Low,611,6433.1,18216.9,2827.5,3930621.1,116,54,4713,39,Weekly,8,59.4,9,413591.9435,
6540,47,Rural,Middle,823,9495.6,15540.3,4734.7,7814899.8,5,139,4718,42,Weekly,13,40.7,8,801077.9672,
6541,19,Urban,Middle,284,14719.2,64400.4,7278.2,4180257.2,261,158,178,21,Monthly,10,54.2,3,421704.8172,
6542,19,Urban,Low,357,6520,7683.5,1268.3,2327629.3,66,346,1037,14,Daily,0,3.3,8,243036.0181,
6543,32,Rural,High,47,3898.9,8069.8,917.7,183246.4,15,237,3834,8,Monthly,10,32.3,6,31076.20413,
6544,56,Rural,Middle,137,4620.1,14228.3,969.6,632952.2,149,113,4778,49,Weekly,8,65.2,5,80420.99709,
6545,34,Rural,Middle,130,17824.6,87098.1,3206.1,2317201.9,101,292,4805,5,Weekly,1,51.3,1,241786.3346,
6546,20,Rural,High,195,4102.4,16999.7,656.6,799960.4,267,346,2557,25,Weekly,9,55.4,9,94230.67479,
6547,47,Suburban,Middle,629,17586,43519.9,5358.4,11061607.2,218,234,1839,5,Monthly,2,34.4,2,1112215.217,
6548,37,Suburban,High,364,8947.5,34499.7,4017.4,3256893.2,42,120,3568,31,Monthly,12,53.9,9,344889.893,
6549,21,Suburban,High,432,18688.7,88312.9,6278.4,8073503.1,66,91,4423,42,Daily,10,48.7,5,824161.8054,
6550,50,Urban,Low,69,8167.8,25773.6,3667.9,563575.6,350,210,4812,19,Daily,17,10.5,3,68760.27407,
6551,37,Rural,Middle,458,3561.9,10143.4,1723.2,1631341.9,317,228,3986,34,Weekly,13,7.5,10,183886.6002,
6552,16,Rural,High,540,10985.1,35283.9,2782.1,5931958.5,316,98,3176,42,Monthly,4,13.5,7,609014.2877,
6553,35,Suburban,Low,335,11758.3,26410.5,5106.2,3939015.4,120,316,3313,2,Monthly,7,6.6,1,400360.2798,
6554,37,Urban,Middle,526,12713.4,58855.5,1537.5,6687264.8,245,90,491,17,Weekly,9,42.0,5,675681.4919,
6555,63,Urban,Low,558,8235.8,34500.9,2408.4,4595587.2,287,278,4896,34,Weekly,5,69.5,5,477036.2392,
6556,26,Urban,Low,983,981.5,3751.4,242.8,964854.6,48,24,4210,9,Weekly,14,55.9,7,112622.2704,
6557,28,Suburban,High,909,12538.1,42082.6,2281.2,11397161.3,288,75,309,35,Weekly,7,53.9,8,1150493.596,
6558,57,Urban,Middle,16,18661.3,91027.8,5138.5,298580.4,313,316,2598,29,Monthly,3,59.9,8,44828.68417,
6559,18,Urban,Low,990,19151.6,41957.8,5314.2,18960081,255,149,1701,25,Weekly,8,65.0,1,1902186.544,
6560,24,Urban,High,936,11941.7,25466.2,5056.3,11177467.2,351,336,805,29,Daily,4,22.6,4,1123830.643,
6561,27,Rural,High,456,407.5,802.3,182.4,185838.9,155,164,4019,30,Weekly,18,7.4,6,33575.70502,
6562,38,Suburban,Low,510,2129.7,8448.8,772.6,1086151.7,338,7,4207,3,Weekly,16,54.3,10,126016.7937,
6563,29,Rural,Low,209,16681.5,69881.1,5894.5,3486427.4,261,53,1892,23,Weekly,1,31.3,2,355422.4751,
6564,48,Rural,High,158,16596.6,56236.8,2391.1,2622261.4,17,156,1326,0,Daily,12,68.1,7,271394.1135,
6565,33,Suburban,Low,337,18920.9,68265.2,6245.9,6376327.1,203,280,1917,25,Monthly,16,67.3,9,651343.8926,
6566,64,Rural,Low,739,11279.9,27024.8,2366.3,8335809.7,166,309,2624,48,Daily,13,70.2,10,851244.879,
6567,56,Urban,Middle,961,17277.7,20025.4,3764.9,16603857.9,48,269,4410,28,Daily,10,56.0,5,1674760.067,
6568,24,Urban,High,241,16499.5,33238.9,2275.4,3976377,229,334,2241,37,Monthly,6,44.5,5,410607.7729,
6569,38,Urban,Low,58,11792.5,39354.2,4178.6,683966.3,213,95,1973,35,Daily,1,55.5,5,80709.88414,
6570,25,Urban,High,984,15674.9,66645.5,5228,15424116.1,216,328,4040,8,Monthly,2,20.5,9,1557888.493,
6571,34,Suburban,Middle,816,2523,10366.3,474.6,2058730.3,305,1,3978,41,Weekly,10,1.2,5,222429.2642,
6572,62,Rural,High,305,12787.7,21968.6,2624.2,3900237.2,169,360,1315,31,Monthly,2,33.7,4,398377.6896,
6573,20,Rural,High,345,19069.5,22993.7,7803.2,6578972.2,22,115,3429,36,Daily,0,46.4,8,676168.4448,
6574,62,Urban,High,642,3247.5,14296.4,1354.8,2084914.5,275,337,2572,39,Weekly,18,60.6,4,219427.2074,
6575,67,Urban,Middle,729,14883.4,19383.5,4423.9,10850008.2,113,41,610,17,Daily,13,4.6,8,1095626.162,
6576,38,Rural,Middle,14,6422.5,16526.7,1025,89915.1,357,187,2867,23,Weekly,16,4.2,7,22416.11845,
6577,45,Suburban,High,359,16343.9,22504,1997.8,5867462.8,203,269,1489,39,Daily,18,67.5,8,601482.707,
6578,40,Rural,High,377,13947.2,45415,2909.2,5258112,33,27,203,17,Weekly,18,15.3,2,529525.5158,
6579,43,Urban,Middle,243,18524.2,45446.3,7270.3,4501386.3,89,123,3389,38,Weekly,20,49.9,4,463436.2762,
6580,49,Urban,Low,993,14241.6,25776.9,4846.8,14141897.9,134,40,1399,7,Daily,18,11.4,3,1420573.578,
6581,60,Suburban,Middle,145,8212.1,27762.4,3180.1,1190755.8,11,219,2267,38,Daily,18,65.0,7,133920.5456,
6582,63,Rural,High,891,227.7,558.8,65.7,202917.9,27,254,1372,50,Weekly,0,54.1,9,36695.36046,
6583,62,Suburban,Low,415,15860.4,26441.7,6374,6582069.6,31,186,1256,10,Daily,10,4.9,6,667617.5262,
6584,40,Suburban,Low,394,8175.2,31068.6,2389.8,3221034.6,91,76,2347,42,Daily,0,20.3,4,332569.9666,
6585,25,Urban,Low,838,13416,58322.4,1792.5,11242587.5,169,52,3203,34,Weekly,6,69.9,10,1142939.336,
6586,29,Rural,Middle,615,2110.3,4421,278.4,1297821.6,47,205,1694,23,Monthly,7,61.1,4,137322.8165,
6587,57,Urban,Middle,729,17820.5,31109.2,7709.2,12991117.6,79,336,2682,12,Weekly,6,4.4,3,1307780.198,
6588,61,Rural,Middle,358,8718.8,11343.2,3067.7,3121330.2,2,290,2992,30,Monthly,14,22.8,6,327010.5375,
6589,45,Urban,Middle,933,18394.6,57236.9,3893.2,17162197,20,304,233,29,Daily,15,24.4,3,1720846.568,
6590,56,Urban,High,576,14143.3,61172.2,5697.9,8146528.4,106,337,2137,28,Monthly,7,35.1,5,826629.9562,
6591,40,Rural,Low,158,2438,4883.8,376.2,385208.8,295,167,3575,41,Daily,9,20.6,5,53388.92823,
6592,29,Rural,High,674,11588.1,32939.9,4149.7,7810406.6,330,263,2806,5,Weekly,3,59.9,5,791804.8763,
6593,50,Urban,Middle,18,18199.6,29905.8,9023.3,327592.6,90,262,1927,2,Weekly,12,34.4,7,42136.21887,
6594,67,Rural,Middle,728,16001.4,41872.5,2560.4,11649027.6,138,226,4850,27,Weekly,3,1.9,5,1180070.997,
6595,63,Urban,High,831,8365.4,8882.2,1311.5,6951671,168,309,1957,9,Daily,18,28.7,1,698591.6862,
6596,49,Rural,Low,561,19101.7,88687.8,5484.8,10716074.6,141,1,1493,33,Daily,5,43.1,7,1083574.022,
6597,25,Urban,Low,568,5378.8,19935.5,1920.6,3055179.9,213,29,931,0,Daily,15,47.8,7,313048.2308,
6598,50,Urban,Middle,347,7508.4,17504,830.6,2605415.8,300,92,47,11,Weekly,6,7.8,10,271639.8861,
6599,26,Urban,Middle,58,14996.8,67857.4,4497.1,869813.6,32,103,2270,35,Daily,12,36.3,3,96096.67032,
6600,26,Suburban,Middle,155,4665.8,8079.8,621.8,723193.1,30,123,2760,31,Monthly,2,31.6,6,84548.79149,
6601,36,Rural,Middle,567,10312.3,13560.1,2026.7,5847094.3,309,102,4561,10,Weekly,20,13.5,5,598735.8463,
6602,36,Urban,Low,487,14578.5,69546.5,5612.1,7099727.5,332,354,2064,0,Daily,17,13.8,1,713116.5206,
6603,37,Suburban,High,853,12882.9,28807.1,5095.8,10989127,44,213,678,47,Daily,16,70.1,7,1109975.063,
6604,60,Urban,Low,531,3115.8,14781.2,1221.1,1654513.5,35,177,3945,5,Monthly,2,30.4,4,175877.0952,
6605,22,Suburban,High,487,12596.9,44724.7,1587.9,6134695,45,315,1590,26,Weekly,19,46.5,2,619352.8009,
6606,32,Urban,Middle,151,11458.5,56377.7,4751.9,1730231,138,45,2518,14,Monthly,3,15.6,2,180921.3586,
6607,17,Urban,Middle,359,11161.3,44798.4,3045.7,4006913.2,47,279,828,9,Daily,10,68.9,8,409368.7559,
6608,27,Suburban,High,368,16522.7,23494.2,4793.6,6080347.4,185,288,1566,23,Daily,17,68.2,3,616105.7555,
6609,57,Suburban,Middle,620,3686.1,16251.6,987.4,2285370.5,18,328,1567,7,Monthly,18,57.3,6,236589.7948,
6610,33,Rural,Low,47,15033.8,23926.5,6657.1,706588.8,185,331,3334,16,Weekly,7,32.0,8,86918.03221,
6611,69,Rural,Middle,207,15220.9,57364.4,5662,3150728.6,72,309,205,23,Daily,12,30.5,7,322485.7971,
6612,26,Suburban,Middle,875,14455.7,43390.6,4336.9,12648722,123,276,1805,12,Monthly,17,64.2,3,1270613.732,
6613,31,Rural,Middle,450,10124.3,38785.2,4391.1,4555938,171,313,479,8,Weekly,0,62.7,9,464644.3877,
6614,64,Suburban,Middle,483,7916.8,32142,3342,3823823.9,77,66,2120,5,Daily,19,66.6,2,388886.2157,
6615,66,Rural,Low,947,7899.6,33294.1,805.9,7480917.8,9,46,1461,28,Monthly,16,20.4,8,759751.3105,
6616,33,Urban,High,852,14678.8,63705,4279.6,12506368.4,201,30,2629,22,Monthly,2,48.0,7,1262906.909,
6617,50,Rural,Middle,924,9963,43726.4,1164.7,9205770.5,243,197,2766,21,Weekly,6,48.7,10,936489.0803,
6618,68,Urban,Middle,640,6775.3,17956.5,1510,4336185.7,69,263,1437,20,Daily,5,26.6,2,438052.8528,
6619,41,Urban,Low,697,12513.1,57021.3,5274.7,8721657.9,239,95,1942,16,Weekly,14,7.7,5,882417.5893,
6620,31,Rural,Low,570,16741.9,64930.3,7996.3,9542857.4,317,43,3742,33,Weekly,6,8.4,5,968298.1166,
6621,21,Suburban,Low,143,1239.6,5399.4,244,177257,11,250,2805,25,Daily,6,60.8,10,34523.71414,
6622,59,Urban,Middle,400,19443,96374.5,2110.9,7777207.1,320,335,2827,49,Daily,11,25.3,2,789910.6961,
6623,58,Urban,High,97,1942.1,2846.4,506.8,188381,38,36,770,24,Weekly,8,64.2,8,29132.06576,
6624,62,Rural,Low,47,10239.6,25418.1,2396.6,481263.3,10,129,66,47,Weekly,8,21.3,2,52959.51109,
6625,62,Suburban,Low,191,11208.6,47369.6,4156,2140840.5,16,7,1445,37,Daily,10,15.4,7,227262.1752,
6626,63,Suburban,Low,140,2772.8,3730.1,826.4,388196.5,325,44,2901,2,Monthly,9,28.9,6,48837.92123,
6627,57,Rural,High,615,18312.7,57925.4,4752.9,11262322.3,243,61,2418,2,Monthly,9,52.4,7,1138035.799,
6628,27,Suburban,Middle,231,9434.6,41829.3,1809.8,2179398.8,247,26,363,13,Daily,14,45.0,9,227487.3805,
6629,28,Rural,Middle,939,2871,3089.1,1238.5,2695849.4,42,363,4495,41,Monthly,15,11.7,5,285678.7607,
6630,19,Rural,Middle,340,14235.1,67731.8,2837.9,4839944.9,234,363,2897,9,Monthly,7,70.7,7,497323.5936,
6631,54,Rural,Low,925,13271.5,65197.1,1617.7,12276093.9,44,121,259,1,Weekly,12,70.5,4,1230798.592,
6632,69,Urban,Middle,491,19257.7,44083.2,6275,9455522.2,164,158,3859,6,Weekly,8,20.3,4,956808.027,
6633,17,Urban,Low,49,8835.9,35937.1,2005.2,432959.7,150,257,1068,13,Weekly,13,38.6,10,55213.77705,
6634,41,Urban,High,899,5363.2,8091.5,2064.7,4821554.1,280,63,3934,48,Monthly,19,17.2,9,502762.8569,
6635,42,Rural,High,624,1209.3,4947.7,160,754590.8,204,271,4993,16,Weekly,17,71.4,7,93417.80392,
6636,42,Urban,Middle,453,14665.1,42911.4,7134.9,6643290,231,311,1310,9,Monthly,1,25.7,8,675214.4704,
6637,30,Urban,Low,316,12349.4,54844.7,2158,3902404.4,291,313,1442,34,Monthly,8,65.0,9,403362.6894,
6638,23,Urban,Low,322,19452.5,35995.4,4723.5,6263702,306,117,1328,48,Weekly,9,31.5,7,640435.0612,
6639,22,Rural,Middle,87,14246.2,52577.4,4165.3,1239417.5,339,276,228,44,Daily,19,51.9,5,133489.9625,
6640,62,Rural,High,894,18663.9,77352.1,8511.6,16685524.8,334,345,4845,26,Monthly,10,65.3,4,1684599.782,
6641,61,Rural,High,474,19831.7,35894.7,7714.8,9400206.9,296,178,1209,47,Monthly,9,45.1,4,950953.3022,
6642,55,Urban,High,282,8574.3,36639.4,1354.2,2417963.5,22,117,1970,2,Daily,18,17.4,7,252900.1173,
6643,27,Suburban,High,839,3014.4,14565.4,830.3,2529079.3,175,164,4221,46,Weekly,0,57.6,1,266548.9203,
6644,28,Urban,High,764,3925.1,13597.6,1244.9,2998743.6,242,243,4227,24,Monthly,13,65.5,1,311246.5385,
6645,58,Urban,Middle,74,6374.3,26385.9,2427.7,471699.7,331,165,3232,6,Daily,8,7.3,8,61559.6631,
6646,32,Rural,Middle,453,10182.8,31875.7,3347.4,4612820.4,66,174,1725,12,Daily,4,27.5,6,471621.9365,
6647,32,Rural,Middle,47,2457.2,8335.8,695.2,115487.3,94,119,1616,38,Daily,11,71.5,1,19345.33657,
6648,51,Urban,High,588,6041.3,6364,2454.1,3552308.1,213,237,1897,42,Weekly,19,47.3,5,366871.1154,
6649,36,Urban,High,96,6162.8,19087.1,1548.2,591628.7,241,155,4441,45,Daily,17,13.4,8,78748.15438,
6650,23,Suburban,Middle,938,91.7,302.7,45.4,85988.6,110,147,1962,24,Weekly,16,60.9,1,14347.38843,
6651,20,Suburban,Middle,31,7089.8,26091.9,3396.8,219784.8,47,83,2131,42,Daily,19,34.4,10,39048.71671,
6652,41,Rural,High,534,2331.9,3911.9,893,1245225.2,360,272,2482,28,Monthly,7,62.2,8,139185.115,
6653,31,Suburban,Low,17,8599.9,16903.1,3896.2,146198.8,156,310,1450,18,Monthly,0,55.2,3,20734.93119,
6654,51,Suburban,Middle,212,3938.8,15849.7,1013.3,835019.1,80,213,4280,38,Daily,3,52.3,10,103607.2439,
6655,43,Rural,High,660,16444.1,27470.7,5469.1,10853082,45,225,1255,21,Monthly,11,20.2,10,1098349.655,
6656,69,Suburban,High,235,1619.7,4315.1,338.6,380629.9,357,234,400,1,Weekly,15,40.6,3,41810.83964,
6657,44,Urban,Middle,392,17314.6,34663.1,7865.2,6787304.4,195,351,1747,21,Daily,4,61.7,4,686898.3921,
6658,62,Suburban,Low,354,11614.7,36943.4,3349.8,4111613.4,237,162,1982,34,Monthly,17,61.7,8,425214.8012,
6659,27,Rural,High,305,9178.2,45409.1,2886.2,2799359.2,211,79,1975,33,Daily,17,13.1,10,296055.861,
6660,52,Urban,Middle,599,10999.3,48486.8,4903.8,6588610,268,179,3653,4,Monthly,18,29.5,8,673145.0117,
6661,45,Suburban,High,550,7528.4,15643.3,3153.7,4140631.8,83,292,3464,26,Weekly,12,33.6,2,423909.6379,
6662,38,Urban,High,565,2561,6337,585.7,1446943.5,113,127,2414,17,Daily,0,35.1,2,153129.2017,
6663,31,Urban,High,540,15319.9,71613.6,2067.7,8272766.3,267,181,3182,47,Monthly,7,33.5,5,842140.1237,
6664,29,Suburban,High,589,18559,85244.6,3059.2,10931223.1,131,90,2308,2,Daily,0,7.8,1,1096895.243,
6665,25,Suburban,Low,925,19001.9,31203.2,4477.6,17576712.9,317,94,1087,46,Monthly,19,65.1,8,1771118.347,
6666,22,Rural,Middle,509,13417.5,57924.6,2980.3,6829519.2,56,89,3874,20,Daily,6,56.5,9,701530.2767,
6667,60,Rural,Middle,712,8212.8,17989.7,947.1,5847545.7,238,268,2547,23,Weekly,18,31.6,4,594210.893,
6668,67,Urban,Middle,395,9572.4,30394.5,2611.6,3781104.2,26,249,3160,25,Weekly,2,68.5,8,392577.0891,
6669,52,Rural,Middle,431,13142.7,13410.8,1870.7,5664522.8,342,181,1392,19,Monthly,20,39.4,2,571006.6687,
6670,44,Urban,Middle,685,16463.2,82223.3,3100.9,11277305.4,245,61,1515,12,Weekly,17,5.1,7,1138054.121,
6671,18,Urban,Low,786,7497.6,30323.2,3111.5,5893111.3,209,147,2693,5,Weekly,20,32.5,5,598860.0709,
6672,30,Rural,High,562,18336.5,36066.6,5463.4,10305088.7,290,119,2903,25,Weekly,17,15.7,10,1047336.585,
6673,51,Rural,High,857,6492.2,24249.5,1617.7,5563815.7,183,184,3958,47,Daily,20,71.9,3,570208.0758,
6674,62,Rural,Middle,177,10621.9,23083.8,1850.1,1880074,207,265,4500,42,Daily,5,9.8,3,202542.2263,
6675,61,Suburban,High,406,19227.6,26107.7,8585.4,7806414.7,204,281,4463,29,Monthly,19,22.7,1,792969.7901,
6676,67,Urban,High,301,18764.6,50687.7,8659.4,5648143.5,208,54,220,13,Weekly,13,49.2,1,565446.7532,
6677,34,Urban,High,445,13917.9,48084.8,4279.4,6193485.2,72,112,3012,46,Weekly,6,16.9,8,635849.5671,
6678,28,Urban,Middle,739,6498,8831.4,3044.4,4801991.2,312,175,1270,36,Monthly,10,9.0,10,495328.2385,
6679,57,Rural,Middle,127,4388.5,13488.6,1254.7,557340.8,339,297,4268,37,Monthly,20,28.4,5,72642.79423,
6680,36,Rural,Low,349,1612.1,4932,230.4,562610.9,147,179,4218,29,Daily,4,64.6,8,74075.67513,
6681,52,Rural,Middle,21,14176,49822.7,1514.2,297696,204,50,1752,14,Weekly,12,42.0,4,37780.45344,
6682,42,Rural,Low,711,10074,19932.2,1524.7,7162599.3,349,117,635,18,Weekly,12,53.9,7,724476.4569,
6683,67,Rural,Middle,701,11450,12395.4,3996.8,8026471.7,133,27,2863,10,Weekly,0,21.2,10,818584.0305,
6684,44,Suburban,High,844,9453.1,21736.8,2158.7,7978432.9,282,311,2737,19,Daily,1,64.4,5,809559.7924,
6685,35,Rural,Low,420,9664.1,25071.8,3472.5,4058921.7,78,191,2696,24,Daily,17,40.8,4,415514.8908,
6686,40,Urban,Low,152,11429.8,40495.2,3465.4,1737323.5,97,363,4089,37,Daily,3,26.1,5,189070.7953,
6687,21,Rural,Low,160,18286.1,86323,4264.4,2925775.6,163,163,1499,42,Weekly,13,47.5,4,303560.5809,
6688,51,Urban,Middle,859,597,1082.7,111.9,512850.8,331,6,3261,29,Monthly,4,29.9,3,61983.66972,
6689,17,Rural,Low,480,16034.7,60119.5,2123.3,7696665.2,196,191,500,39,Daily,15,20.7,8,780684.6889,
6690,37,Rural,Middle,443,7816.4,10861.7,3227.8,3462674.1,116,18,1656,22,Weekly,19,55.4,6,357191.3991,
6691,47,Urban,Low,96,14901,26262.9,6371.7,1430499.5,161,159,3358,43,Daily,2,8.6,1,152646.8057,
6692,31,Urban,Middle,352,18971,57606.3,6005.9,6677806.5,255,308,1896,16,Monthly,19,48.1,10,682240.5089,
6693,33,Urban,Low,986,6132.7,23509.7,998.6,6046819.5,70,144,2108,0,Weekly,13,38.3,6,612546.5176,
6694,20,Urban,High,75,1800.2,7982.6,369.8,135014.8,202,195,1161,41,Daily,4,37.5,8,27189.43661,
6695,69,Suburban,High,878,4653.6,18501.1,2243.3,4085901,36,230,125,13,Weekly,11,25.3,4,412617.1062,
6696,51,Urban,Low,594,4449.6,4722.9,847.1,2643083.6,305,190,3775,38,Monthly,12,20.5,2,276364.4356,
6697,45,Rural,Middle,640,14839.6,55436.6,1821.1,9497324.7,218,337,4287,17,Monthly,15,50.0,4,961526.0744,
6698,60,Rural,Middle,359,1246.5,5358.4,398.9,447509.7,309,180,1969,40,Monthly,15,58.6,9,60668.07837,
6699,34,Suburban,Middle,133,1028.2,3189.5,210.5,136745.6,197,133,3285,15,Monthly,18,28.4,7,28296.33142,
6700,38,Urban,High,400,13875.2,67466.9,6701.4,5550094.3,336,208,2240,9,Weekly,3,11.2,10,568306.41,
6701,49,Rural,High,139,11138.8,11331,3674.8,1548296.9,327,145,588,43,Daily,12,2.5,7,167200.578,
6702,28,Suburban,High,246,8361.2,35740.9,4066.3,2056848.6,192,159,3094,8,Monthly,17,42.2,2,212460.4712,
6703,58,Rural,Middle,291,11511.6,26928.9,4768.5,3349879.8,277,272,742,13,Weekly,12,18.8,3,340495.5069,
6704,69,Suburban,Middle,112,14707.6,52973.8,5724.7,1647251.8,291,21,3227,1,Monthly,11,30.3,7,176849.1521,
6705,44,Suburban,Middle,715,2078.4,7843.7,898.2,1486050.8,86,169,1116,41,Monthly,18,40.6,5,158153.5426,
6706,51,Urban,Low,170,11070.2,24631.1,3785.5,1881933.2,22,295,825,20,Weekly,16,52.4,8,199002.5144,
6707,37,Suburban,Low,599,16490.1,82148.7,1722.4,9877565.4,134,293,1703,41,Weekly,9,31.1,7,1000150.687,
6708,67,Rural,Low,631,7255,10251.3,1864.4,4577879.2,161,309,2656,1,Weekly,6,50.9,4,465715.658,
6709,67,Rural,High,610,15262.7,24849.5,2863.4,9310265,295,330,1153,5,Monthly,20,65.9,4,936844.6142,
6710,62,Urban,High,240,16910,77257.7,4628.7,4058391,43,288,2272,10,Monthly,13,20.7,8,418569.693,
6711,51,Urban,Middle,337,16420.4,24248.3,4732.7,5533666.2,41,281,3943,40,Daily,6,50.5,9,573972.6016,
6712,24,Suburban,Low,138,13010.6,32853.7,1966.3,1795466.2,291,64,2395,2,Monthly,20,22.6,8,190935.7089,
6713,54,Urban,Middle,594,14349.7,56431.2,1569.5,8523731.9,280,359,1134,50,Daily,0,5.8,5,863731.0778,
6714,66,Rural,Low,236,15755.6,65637.4,2446.5,3718327.9,183,229,1505,10,Monthly,13,6.9,1,376041.3926,
6715,34,Rural,Low,648,14676.8,70723,6501.4,9510598.2,252,102,2244,3,Daily,2,50.9,6,959472.9515,
6716,53,Urban,Middle,794,9039.1,37587.2,3636.8,7177034.6,360,294,2238,14,Daily,8,11.6,3,725897.4697,
6717,21,Urban,Middle,3,3190.8,13969.9,1338.7,9572.5,40,247,3135,25,Daily,10,71.8,4,11535.83552,
6718,67,Urban,Low,571,6201.5,29751.8,1305.6,3541064.9,87,92,4589,43,Weekly,14,39.6,10,375147.2488,
6719,62,Suburban,Low,116,4152.9,13350.4,807.5,481731.6,225,335,168,35,Weekly,4,23.2,1,50952.31197,
6720,30,Suburban,High,472,7235.3,17174.6,831.7,3415046.8,285,136,176,14,Daily,18,44.0,5,348207.8874,
6721,35,Rural,Middle,131,9791.7,39621.8,2828.9,1282716.4,138,1,1168,48,Weekly,3,7.4,8,141236.0807,
6722,24,Suburban,Middle,934,19181.3,31729.1,4852.2,17915374.3,335,315,586,49,Monthly,19,4.8,2,1799075.895,
6723,47,Suburban,Middle,898,19189.7,24427,8335.1,17232315.8,138,291,54,21,Weekly,12,39.1,6,1730556.388,
6724,19,Suburban,Middle,483,15394.1,63751.8,5738.1,7435338,64,246,2734,36,Weekly,5,13.7,10,760122.842,
6725,65,Suburban,Low,401,19603,94147.1,3091.7,7860804.8,117,240,3745,9,Monthly,6,6.2,8,801458.0304,
6726,33,Rural,High,201,19960.3,55285.9,9877.6,4012027.6,98,272,135,19,Monthly,15,45.6,8,409735.6696,
6727,20,Urban,Middle,292,17706.3,29118.6,7228.7,5170234.5,146,142,537,31,Daily,7,32.9,7,527420.6478,
6728,35,Rural,Low,342,1599.3,4778.8,620.7,546952.6,85,5,2209,8,Weekly,8,36.3,9,67989.68902,
6729,38,Suburban,Low,991,8526.6,21941.3,1591.5,8449882,51,336,2207,49,Monthly,8,55.3,7,859808.14,
6730,26,Urban,Low,610,10687.1,26609.7,4938.1,6519105.6,95,277,2565,30,Monthly,18,49.9,10,667669.8493,
6731,52,Urban,Low,216,2490.4,8747.1,721.1,537928.8,278,314,1728,43,Weekly,18,58.2,6,66842.73624,
6732,37,Urban,Low,636,16174.5,27479.6,3543.2,10286998.7,9,57,4410,39,Weekly,20,7.3,6,1046801.454,
6733,19,Rural,Middle,585,2982.2,7520.8,1079.4,1744576.2,347,139,707,30,Daily,10,6.8,4,182805.9293,
6734,44,Urban,Middle,366,7672.7,34333.3,1417.2,2808223.7,89,327,1240,27,Weekly,15,42.0,8,293497.0932,
6735,59,Rural,High,890,1387.6,5437.4,642.5,1234923.5,89,121,4359,10,Monthly,8,66.5,2,134554.317,
6736,49,Rural,Middle,642,10496.6,12830.6,4636.7,6738827.4,219,177,1575,35,Weekly,14,54.0,10,690375.5468,
6737,28,Suburban,Low,469,11944.9,36498.9,3415.8,5602138.6,330,364,2989,40,Daily,10,50.8,2,570782.8427,
6738,57,Suburban,High,418,14706.2,20076.6,2592.2,6147185.4,350,161,4557,3,Weekly,7,26.1,9,632815.6319,
6739,24,Urban,Low,27,6795.8,32823.8,2029.2,183487.5,286,152,1184,49,Weekly,2,41.4,8,32339.06393,
6740,57,Urban,Low,677,11814.7,23376.2,1886.3,7998568.6,161,38,4409,13,Weekly,13,50.4,5,814502.4073,
6741,46,Suburban,Middle,455,14685.6,69470,3053.7,6681950.4,43,335,4979,45,Monthly,5,36.9,3,683313.7283,
6742,22,Rural,Low,918,15243.1,66094.5,4467.6,13993149.9,246,50,4226,28,Monthly,4,17.4,4,1413799.241,
6743,19,Rural,Middle,580,6039.8,19360.4,655.1,3503095.9,258,235,4762,27,Monthly,10,49.2,3,365301.2684,
6744,34,Suburban,Low,14,1363.4,3197.5,553.9,19087.6,343,89,4160,24,Monthly,9,37.6,5,15538.37638,
6745,57,Rural,High,98,762,3377.1,136.2,74677.3,159,64,568,22,Daily,19,18.7,8,17798.63995,
6746,45,Suburban,Low,279,15363.5,24752.7,6862,4286423.5,132,209,1442,32,Monthly,10,38.5,3,435676.0478,
6747,46,Suburban,Middle,940,7714.9,13268.9,840.2,7252028.5,47,225,2016,29,Monthly,5,25.3,4,735353.6278,
6748,50,Urban,Low,490,2687.5,5103.3,840.8,1316881.8,340,167,946,8,Daily,7,5.7,9,142130.0832,
6749,36,Urban,Middle,985,3697.9,12538.9,1518.6,3642464.8,89,202,2832,37,Monthly,13,34.5,4,376497.0881,
6750,46,Suburban,Middle,961,15325.3,34593.9,2991.2,14727659.4,45,142,4044,24,Monthly,12,69.8,5,1486859.176,
6751,34,Urban,High,883,11982.1,59391.7,4589.4,10580151,321,337,51,17,Monthly,2,18.7,4,1062812.975,
6752,46,Suburban,Middle,759,10033,17863.4,3896.3,7615084.4,194,78,3659,42,Weekly,5,32.3,6,777784.4359,
6753,68,Rural,High,624,12463.9,52628.2,4426.4,7777487.1,6,10,2384,6,Daily,16,59.3,6,787418.3913,
6754,47,Rural,High,207,2758.6,3816.1,677.8,571033.5,263,248,4234,23,Monthly,0,68.4,6,72834.64607,
6755,17,Rural,Low,864,6387.7,15418.4,2644.7,5518933.4,196,44,4487,39,Daily,10,5.0,5,568056.3314,
6756,67,Rural,High,846,7487.5,14788.2,2630.9,6334450.1,18,296,233,20,Monthly,0,54.2,7,641125.2589,
6757,25,Suburban,Middle,233,6296.8,30900.6,2116.7,1467156.8,297,109,4527,34,Weekly,13,23.9,3,160297.3656,
6758,17,Rural,Middle,573,17289.7,19069.2,7394.2,9906987.8,107,188,4383,42,Monthly,8,8.6,8,1010487.441,
6759,17,Rural,High,597,11632.6,45212.2,2301.6,6944667.4,69,70,1129,10,Monthly,9,54.7,3,700715.2631,
6760,39,Rural,Low,695,14589.1,29045.3,2815.6,10139448.8,25,232,4703,1,Weekly,11,34.4,3,1024567.1,
6761,32,Rural,High,239,4741.8,20128.7,1207.2,1133279.4,56,31,2551,14,Weekly,20,15.7,4,121557.2254,
6762,47,Suburban,High,250,5288.8,11872.9,683.6,1322210,1,293,4728,14,Daily,3,51.9,2,143445.4554,
6763,31,Rural,Middle,583,4514.5,7896.4,1060.7,2631933.9,183,186,615,4,Daily,17,16.7,6,269512.0178,
6764,31,Urban,Low,740,13762.7,51915.1,3612.8,10184406.7,54,171,1924,39,Monthly,10,45.7,8,1032789.692,
6765,61,Urban,Low,597,6987.3,14186.4,2082.4,4171435.7,81,109,3928,15,Monthly,15,24.7,10,434897.542,
6766,54,Urban,Low,306,8107.6,23854.2,1634.5,2480935.3,160,97,2345,43,Weekly,17,17.1,9,263587.2217,
6767,68,Urban,Low,1000,14185.3,21648.7,6564.1,14185340.9,226,327,4889,45,Monthly,6,3.8,4,1436656.954,
6768,46,Urban,Middle,908,19436.3,75770.1,4160,17648120.5,264,38,2772,20,Daily,19,12.1,4,1776303.092,
6769,58,Urban,Low,463,3245.9,8528.1,1430.2,1502845.9,109,264,918,44,Weekly,3,67.4,1,155110.1723,
6770,39,Suburban,Low,783,1262.9,1973.1,351.1,988849.6,309,290,3242,8,Weekly,1,33.0,9,114067.7739,
6771,16,Urban,Low,913,3905,15488.6,1512.2,3565237.8,44,145,4855,6,Weekly,8,61.0,2,367302.8932,
6772,26,Rural,Middle,802,14701.9,20780.3,2122.4,11790895,201,17,4921,26,Monthly,11,55.0,4,1193647.898,
6773,36,Urban,Middle,236,3900.6,12869.2,1239.8,920541.5,284,94,1951,16,Daily,18,50.1,7,102700.9088,
6774,19,Suburban,Low,291,11691.2,40100.1,5662.4,3402140.5,147,338,273,1,Weekly,8,53.3,8,347242.0663,
6775,22,Urban,Middle,39,11810.4,55761.8,4328.5,460606.7,199,53,2345,39,Daily,9,12.9,10,63470.93866,
6776,41,Rural,High,998,5895.5,9456,2524,5883726.7,234,320,4307,25,Weekly,8,18.5,2,600046.4783,
6777,62,Rural,Low,718,1383.8,5000.3,282.9,993595.9,184,109,3073,44,Weekly,4,56.3,6,114081.4774,
6778,65,Suburban,Middle,183,7990,20159.4,3356.3,1462173.4,35,57,955,7,Daily,20,48.4,1,147700.2994,
6779,27,Suburban,Low,699,3743.8,9746.2,900.4,2616944.6,209,148,2336,49,Weekly,0,58.6,10,280948.1972,
6780,46,Suburban,Low,645,3697.6,11119.9,1087.2,2384964.6,360,61,3757,44,Monthly,15,49.7,7,256715.5595,
6781,32,Suburban,Middle,30,10456.6,20234.9,1831.8,313696.5,63,25,4061,39,Daily,8,56.8,2,44397.6677,
6782,48,Urban,High,388,13465.7,38306.3,3962.7,5224688.3,82,78,4792,15,Daily,4,42.4,6,537889.0865,
6783,26,Urban,Low,767,1517.5,5686.8,464.8,1163958.5,263,27,2888,19,Weekly,3,59.0,10,133082.6683,
6784,43,Rural,High,143,11570.6,32727,4037.4,1654602.2,255,99,2718,31,Daily,4,24.0,3,176399.0074,
6785,47,Suburban,Middle,615,4931.6,5770.1,2206.6,3032916.1,39,28,596,31,Monthly,3,5.8,9,316500.75,
6786,16,Suburban,Low,419,13469.2,27360.1,2989.4,5643606.6,286,134,2320,34,Weekly,13,15.3,4,574294.3934,
6787,62,Urban,Middle,74,16206.2,38989.6,8000.3,1199259.9,23,297,4384,14,Monthly,7,11.8,2,131046.6534,
6788,43,Suburban,Middle,55,16142.2,39046.1,7087.7,887821.1,84,315,2239,41,Monthly,12,34.5,2,98537.04168,
6789,68,Rural,Middle,962,7403.5,9802.5,1933.6,7122194.5,303,223,4361,49,Monthly,20,65.2,8,732514.3811,
6790,57,Rural,Middle,748,11349.7,31759.7,2164,8489591.1,206,334,3844,31,Daily,10,23.1,2,861439.8149,
6791,22,Suburban,Low,572,15876,59817.4,2041.6,9081053,95,189,835,29,Weekly,20,37.7,10,921681.9008,
6792,17,Rural,High,24,1225.6,1464.2,237.5,29414.3,63,305,4773,18,Weekly,20,58.9,2,14407.96876,
6793,57,Rural,High,988,12116.4,48510.5,5498.5,11971033.3,137,364,991,23,Monthly,13,62.8,7,1206545.038,
6794,39,Urban,Low,22,16732.1,80655.6,3627.7,368105.6,151,356,4776,1,Monthly,9,20.8,1,45532.8229,
6795,19,Rural,Low,428,7453.4,7731.8,1156.7,3190062.2,117,261,700,20,Weekly,6,38.2,1,322237.6787,
6796,59,Suburban,High,32,9113.6,16174.6,994,291635.5,191,267,4915,41,Weekly,18,19.2,6,48171.26192,
6797,34,Suburban,High,863,13977.6,44364.1,3062.1,12062646.4,202,342,1633,15,Monthly,16,30.8,10,1218952.043,
6798,41,Rural,Low,339,1367,2559.3,254.9,463418.2,250,235,3869,39,Weekly,3,28.9,8,65546.59413,
6799,26,Suburban,Middle,947,7718.9,31327,1087.4,7309763.1,87,40,4681,38,Monthly,19,5.5,10,752325.4673,
6800,55,Urban,Low,981,5921.3,13314.2,2844.8,5808754.4,74,114,77,35,Monthly,13,2.9,8,590309.5707,
6801,65,Rural,High,515,349.7,760.5,72.4,180103.3,322,326,4987,40,Monthly,11,44.9,7,38268.94434,
6802,58,Rural,Middle,512,3927.5,3942,402.5,2010876.7,37,167,3745,1,Monthly,10,13.2,4,212183.1785,
6803,26,Rural,High,70,7923.7,16485.3,3785.2,554659.9,125,326,2746,15,Daily,0,11.5,6,67176.67582,
6804,60,Suburban,Middle,672,3956.6,7401.5,1311.2,2658835.1,166,110,3285,28,Weekly,8,26.4,9,283712.5353,
6805,18,Suburban,High,898,12051.9,28598.8,1604.4,10822644.3,1,20,1932,6,Weekly,0,17.4,4,1088551.504,
6806,27,Rural,Middle,88,8978.6,14281.5,1010.7,790113.8,338,230,3250,14,Weekly,9,53.9,8,94300.33521,
6807,18,Suburban,Low,877,799.2,2700.3,114.4,700925.7,291,269,2618,22,Monthly,10,47.1,8,84743.65113,
6808,57,Suburban,Low,571,5508.1,10768.1,1854,3145099.3,71,305,2652,4,Daily,4,69.3,6,323992.885,
6809,42,Rural,Middle,764,399.3,1727.9,49.8,305096.2,108,76,2530,0,Weekly,8,29.5,7,42055.57084,
6810,64,Rural,Middle,219,7169.1,15329.2,2346.1,1570037.8,86,265,4925,4,Monthly,2,2.9,1,166041.8171,
6811,69,Suburban,Low,713,5189.6,9566.9,1873.5,3700191.4,181,315,1764,12,Monthly,1,61.1,2,376222.6325,
6812,17,Rural,Low,589,13766.9,16892,2189.4,8108676.9,25,116,764,25,Daily,17,9.7,10,822616.1732,
6813,64,Rural,Middle,767,6155.1,24371.8,1818,4720934.4,298,3,4112,12,Daily,13,20.1,10,490723.338,
6814,31,Rural,Middle,759,7509.4,22774.8,3646.2,5699651.1,151,11,4247,31,Monthly,4,45.8,5,585943.5209,
6815,17,Rural,Low,270,14509.4,21113.1,6305.7,3917544.8,265,261,460,28,Weekly,13,33.8,4,398281.5086,
6816,69,Suburban,High,819,9623.5,18143.6,3746.9,7881682.8,203,152,4343,17,Monthly,4,50.1,5,802631.2228,
6817,45,Rural,Low,651,11133.5,55610.6,3419,7247923.5,51,198,599,1,Daily,1,14.8,5,730585.9749,
6818,35,Urban,Middle,78,16828.5,71085.6,4336.9,1312624.5,220,82,4193,26,Monthly,6,42.6,10,151402.57,
6819,53,Rural,Middle,592,4145.7,9947.5,1163.2,2454252.8,57,125,4634,49,Monthly,17,33.2,3,260810.2024,
6820,43,Urban,High,10,19783.8,62719,8029.1,197838.2,82,230,295,41,Daily,15,42.7,6,28394.06712,
6821,40,Rural,Low,468,18003.1,47961.5,5791.9,8425451.2,164,134,4533,2,Daily,4,63.6,1,850759.2122,
6822,47,Urban,Middle,336,5738.2,6573.4,2328.9,1928032.2,269,86,1422,29,Monthly,19,38.9,4,200655.1759,
6823,25,Urban,Low,636,17859.8,73488,8714.7,11358857.6,183,298,2019,9,Daily,11,53.6,10,1150810.17,
6824,57,Rural,Middle,186,15081.6,58334.7,5372.1,2805174.6,180,43,664,8,Weekly,12,53.8,10,291578.9452,
6825,55,Rural,High,546,18615.8,49056.6,6352.5,10164238.7,284,204,3443,2,Weekly,7,48.0,4,1027087.444,
6826,48,Rural,Low,121,13825.8,60606.6,3628.8,1672920.9,86,281,2421,21,Weekly,13,35.3,9,183050.3986,
6827,28,Urban,Low,592,13492.8,42353.3,2411.2,7987739.3,111,18,3678,37,Daily,4,1.2,1,808990.2257,
6828,56,Suburban,High,718,79.3,99.9,19.8,56904,158,191,558,10,Monthly,3,9.6,9,14822.70434,
6829,69,Suburban,Middle,565,9497.5,19352.3,2925.6,5366078.7,45,223,2532,5,Monthly,8,39.6,8,548135.3303,
6830,57,Rural,Middle,668,4013.4,11426.4,457.3,2680930.8,38,362,1107,4,Monthly,14,4.1,10,278481.3014,
6831,62,Suburban,Low,274,6488.4,9173.3,1883.7,1777818.4,20,257,4761,29,Monthly,13,4.2,2,190728.7208,
6832,52,Suburban,High,410,19576.5,64295.7,8708.8,8026375.1,97,15,4578,13,Weekly,4,10.0,2,812598.181,
6833,69,Rural,Low,358,1719.2,2548.3,843.5,615467.9,358,182,3367,1,Monthly,14,17.6,4,71171.4855,
6834,31,Urban,Low,647,14452.5,26043.9,6391.2,9350770.4,59,34,4934,32,Monthly,3,72.0,6,951936.2965,
6835,60,Rural,Middle,941,3467.2,15865.5,585.2,3262604.5,224,180,105,36,Daily,17,9.5,3,332788.0994,
6836,37,Suburban,Middle,98,158,789.6,25.6,15479.4,298,2,3678,7,Daily,4,20.3,9,18231.62846,
6837,35,Urban,Middle,241,10033.4,32116.9,2581.8,2418039.8,189,151,1706,9,Monthly,16,49.5,7,251640.1021,
6838,65,Suburban,Middle,557,3232.7,11245.2,614.8,1800610.5,59,110,790,20,Weekly,20,49.0,1,184330.709,
6839,58,Urban,Middle,711,19309.7,80902.2,7152.3,13729175.7,8,307,811,18,Weekly,13,63.1,10,1386151.318,
6840,42,Suburban,High,993,4081.9,15448.2,546.3,4053324.5,313,302,4945,34,Weekly,16,44.4,4,422132.2875,
6841,56,Rural,Low,803,3848.8,6657.9,1068,3090574.5,102,353,169,17,Daily,18,19.9,3,312126.6036,
6842,31,Suburban,High,948,653,1728.3,138.5,619059.9,340,106,4445,6,Weekly,12,18.0,4,73077.3499,
6843,49,Suburban,Low,114,6603.1,20736.8,2232.9,752752.8,21,255,1932,12,Daily,12,59.9,6,85505.60987,
6844,47,Urban,Middle,487,492,1199.9,206.1,239600.3,305,14,1751,45,Weekly,12,7.9,3,32525.13939,
6845,41,Suburban,High,789,9982.7,17014.8,4686.2,7876384.9,216,273,448,49,Daily,1,35.1,9,800410.6127,
6846,40,Rural,Low,241,10117.2,39906.7,4912.3,2438234.8,310,144,2679,11,Daily,14,35.3,10,259716.2084,
6847,17,Rural,Middle,156,1074.3,1928.8,258.4,167596,231,207,1124,39,Daily,0,53.5,9,30442.31211,
6848,27,Rural,Middle,352,4808.8,9819.4,2127.1,1692713.4,236,107,1392,23,Monthly,14,71.7,4,175900.8575,
6849,55,Urban,High,44,16643.8,35718.9,5605.4,732327.6,151,247,1818,17,Daily,15,36.2,9,85446.79348,
6850,24,Urban,High,592,9256.3,15246.2,3488.7,5479711.8,68,223,1683,37,Daily,10,56.1,2,556128.7869,
6851,27,Suburban,High,312,8697.9,38255,3831,2713730.7,46,268,3601,11,Daily,2,61.5,9,287909.2603,
6852,41,Suburban,Middle,138,13978.6,48120.7,2125.4,1929040.1,222,225,1855,2,Weekly,19,3.4,4,198765.8709,
6853,24,Suburban,Low,663,14300.5,62049.7,6849.4,9481224.9,240,75,4860,24,Daily,20,46.1,10,968869.5773,
6854,25,Urban,Low,944,15241.6,45342.6,4861.5,14388101,156,43,1288,34,Monthly,13,63.8,4,1448377.491,
6855,47,Urban,High,436,16611.3,51133.9,3893.7,7242545,95,133,2249,15,Weekly,20,52.2,10,739432.9158,
6856,49,Suburban,Low,754,4652.7,16119.6,1095.7,3508128.6,97,283,1141,48,Weekly,4,55.9,3,359240.3253,
6857,63,Urban,Middle,143,1336.9,3320.5,535.3,191183.6,306,56,1048,47,Monthly,16,58.6,2,27531.46404,
6858,35,Urban,Low,823,7611.5,22730.5,2827.4,6264260.3,83,208,2416,44,Daily,1,2.4,8,641911.2417,
6859,54,Rural,Middle,299,17103.4,54519.9,6701,5113918.8,245,227,4480,12,Daily,6,66.9,5,524777.0544,
6860,17,Rural,High,562,1569.8,7557.2,315.8,882223.7,63,104,2321,23,Weekly,9,65.3,10,104487.5007,
6861,16,Suburban,Low,262,11523.3,52219.4,1936.8,3019108.9,10,336,4629,11,Monthly,9,43.7,6,317273.8142,
6862,66,Suburban,Middle,512,14024.6,21275.2,5452,7180619.9,89,68,2391,1,Weekly,19,25.8,3,723605.3588,
6863,51,Rural,High,673,9633.3,11224.1,2113.5,6483231.2,165,250,3392,25,Weekly,7,27.2,4,659734.1826,
6864,39,Urban,High,62,5111,19019.6,965.8,316879.3,326,91,4202,45,Daily,0,39.0,2,44622.40749,
6865,69,Suburban,High,567,6532.9,7818.6,1214.1,3704169.3,286,271,921,9,Daily,15,21.7,3,374868.2719,
6866,42,Suburban,High,423,1442.3,1790.5,229.8,610103.7,215,26,709,18,Monthly,8,41.2,10,73695.51623,
6867,17,Suburban,Low,396,5858.7,9591.1,1586.1,2320063.1,336,207,446,21,Weekly,15,44.9,5,238520.1666,
6868,46,Urban,Middle,884,897.1,2159.2,183.4,793050.9,72,252,2509,23,Monthly,19,52.7,4,88692.82648,
6869,29,Rural,Low,996,14529.2,39809.9,6647.8,14471119.8,208,10,3287,25,Weekly,14,5.7,10,1466176.268,
6870,17,Suburban,Middle,31,17960.9,55275,6747.1,556788.7,139,98,2853,4,Monthly,8,5.7,10,71500.42878,
6871,44,Rural,High,330,12673.9,62978.7,5038.5,4182396.1,246,102,1072,15,Monthly,11,66.5,2,422697.8702,
6872,30,Rural,Low,949,13137.5,33381.5,3434.7,12467485.1,129,136,3688,36,Monthly,1,53.9,2,1258631.515,
6873,27,Urban,High,802,9448.1,18622.4,3213.2,7577396.5,100,336,3128,33,Monthly,9,25.3,6,770839.943,
6874,52,Urban,Middle,169,3129.2,10329.4,939.7,528829.5,11,221,3597,37,Weekly,20,2.8,9,72546.56742,
6875,43,Urban,High,266,164.4,305.9,27.5,43737.2,340,32,4434,27,Monthly,15,44.3,7,22132.50435,
6876,35,Urban,Low,308,6886.1,32792.7,820.4,2120912.7,176,277,4118,11,Weekly,4,18.7,8,227389.4939,
6877,54,Urban,Low,459,15032.3,30621,5613.2,6899805.6,317,96,1067,44,Monthly,12,5.1,4,698983.4934,
6878,39,Urban,Middle,185,19209,95271.7,2851.9,3553670,357,301,436,44,Daily,6,54.6,2,361234.9684,
6879,36,Suburban,Middle,334,8627.4,23075.4,1060.6,2881547.5,316,268,1092,20,Weekly,8,70.3,7,297485.7454,
6880,25,Rural,Low,515,7314.2,31090.6,2024.2,3766795.7,150,176,593,31,Weekly,16,54.0,1,381865.6088,
6881,61,Urban,Low,441,8924.7,32067.6,3527.1,3935797.3,75,103,2560,24,Weekly,16,9.0,1,399731.0056,
6882,29,Suburban,Low,673,8561.2,40528.6,3489.1,5761701.2,99,187,276,13,Monthly,16,27.1,5,582543.9574,
6883,52,Rural,Low,391,12521.3,43846.1,5626.9,4895843.1,265,330,4587,50,Weekly,4,18.6,3,506553.7166,
6884,33,Urban,Middle,772,14685.6,48827.8,2638.8,11337288.2,243,326,82,46,Monthly,5,27.6,6,1143645.435,
6885,39,Urban,Low,935,15701.3,56703.9,7760.4,14680725.7,83,37,3383,34,Monthly,5,40.6,4,1480482.677,
6886,29,Suburban,Middle,560,12995.6,53878,5266.9,7277536.1,293,210,467,8,Daily,8,46.1,7,735908.8997,
6887,49,Rural,Low,254,8760.1,40255.9,1426.9,2225065.9,70,255,997,29,Daily,9,22.9,1,228275.9361,
6888,27,Urban,Low,586,19002.6,39283.3,8290.6,11135508.4,228,131,2379,41,Daily,16,48.9,6,1128265.309,
6889,37,Rural,High,335,14223.3,25652.4,4261.1,4764800,172,325,1292,28,Monthly,2,49.6,2,483222.5624,
6890,21,Suburban,High,400,8538.9,9712.1,1081.2,3415557.7,131,98,4095,38,Weekly,19,71.5,3,356207.5848,
6891,51,Urban,Low,166,8937.2,22167,1365.7,1483570.2,10,33,1367,30,Weekly,8,35.2,10,163159.9346,
6892,60,Rural,Middle,260,16361.4,71740.6,4475.8,4253973.7,56,36,3934,13,Daily,0,24.3,5,439132.6842,
6893,51,Suburban,Low,4,8816.4,11280,2752.5,35265.6,33,237,93,16,Weekly,18,61.9,6,10451.77909,
6894,37,Suburban,High,888,10330.3,32582.6,4948.2,9173315,244,3,922,24,Daily,13,12.9,1,921464.2853,
6895,29,Urban,Low,119,5838.1,22063.2,1087.6,694737.5,226,131,3141,45,Daily,7,32.7,5,83399.40273,
6896,31,Rural,High,996,16779.9,72949.2,4860.2,16712787.9,228,220,1909,41,Weekly,17,45.5,3,1681628.291,
6897,51,Urban,Low,923,10450.5,34839,1989.3,9645799.3,245,362,3454,36,Weekly,5,11.1,9,982900.2677,
6898,40,Urban,Low,470,11055.2,19294.4,3574.8,5195940.9,103,182,2629,26,Monthly,1,4.9,8,533413.7022,
6899,47,Rural,Middle,470,17614.7,85574.8,8168.4,8278909.6,197,28,1879,17,Weekly,6,29.2,10,840883.0181,
6900,48,Rural,High,785,18411.1,25381.7,6022.3,14452745,301,26,1804,28,Weekly,5,25.8,3,1453289.239,
6901,60,Rural,High,493,16485.6,67195.4,5012.1,8127417.6,313,157,1158,48,Daily,10,53.9,4,822776.9551,
6902,51,Suburban,High,738,1316.8,1772.7,526.8,971764.9,209,10,3220,17,Monthly,9,38.9,10,113737.6534,
6903,35,Suburban,Middle,864,8875.7,13967.6,1411.6,7668645.4,192,109,357,3,Weekly,10,2.6,4,770662.7969,
6904,33,Rural,Low,500,6873.2,31567.6,3177.1,3436592.7,127,318,141,19,Monthly,7,66.3,9,354429.3821,
6905,53,Suburban,Middle,70,4278.2,17165.3,1416.3,299471.2,10,96,1794,0,Monthly,12,62.1,4,36386.5054,
6906,18,Urban,Low,694,18180,44759.7,6808.8,12616911.7,330,146,2878,44,Daily,5,6.3,9,1278399.415,
6907,38,Rural,Middle,865,17802.5,63286,7612.1,15399143.9,66,181,2218,23,Daily,9,19.1,4,1549049.317,
6908,47,Urban,Middle,776,9311.3,26341.6,3296.3,7225572.4,358,210,2059,41,Weekly,17,45.3,6,736066.6631,
6909,60,Rural,High,370,2699.9,3418.4,962.5,998952.4,341,342,1078,46,Daily,14,13.8,5,109283.377,
6910,31,Urban,Middle,181,277.2,1076.7,108.6,50169.4,158,145,501,23,Monthly,4,70.1,6,13347.48125,
6911,20,Rural,Low,996,8775,35565.1,1060.8,8739857.1,256,49,885,4,Daily,10,30.9,8,883180.4078,
6912,19,Urban,Middle,5,808.7,3662.9,204.5,4043.5,338,154,2939,25,Daily,20,51.0,9,16240.85298,
6913,36,Rural,Middle,197,12195,38567.4,5916.7,2402419.6,35,261,602,17,Monthly,3,37.3,2,243723.5243,
6914,55,Rural,Low,47,12172.1,44946.1,2473.1,572088.4,309,329,4420,35,Monthly,12,22.9,1,69822.74722,
6915,66,Suburban,High,970,17979.8,49484,5697.8,17440405.6,167,44,1964,0,Daily,14,50.5,2,1748800.857,
6916,29,Urban,Low,552,3809.1,8668.1,648.2,2102613.3,22,236,3894,9,Daily,1,34.8,4,222118.0479,
6917,54,Suburban,Low,634,7434.2,19676.8,1704.7,4713264.4,67,121,2544,16,Daily,6,46.1,6,482169.9843,
6918,46,Urban,Low,647,17192.3,79892.8,6650.5,11123426.1,198,248,4411,34,Monthly,5,28.9,5,1129258.35,
6919,29,Suburban,Middle,140,9491.2,15723.9,3390.6,1328766.2,100,7,1724,3,Monthly,18,71.8,4,138748.9914,
6920,21,Rural,Middle,862,1203.9,2400.5,319.9,1037734.7,336,20,171,43,Daily,14,15.7,8,116012.5511,
6921,27,Suburban,Low,665,2224.6,7618.6,1057.2,1479339.3,195,184,4676,26,Weekly,13,14.0,3,162120.9761,
6922,31,Suburban,Low,540,16271,23839,6671.4,8786316.7,100,364,1301,10,Monthly,15,1.7,1,882400.3424,
6923,32,Rural,High,427,14876.5,67947.8,3082,6352270.5,75,200,83,2,Daily,19,62.8,9,642117.016,
6924,60,Suburban,Middle,589,17518.9,20829,5013.5,10318615.3,17,254,1171,27,Monthly,20,12.2,7,1042428.978,
6925,38,Rural,Middle,687,2386,9594.8,1076.6,1639205.8,147,245,943,10,Daily,9,18.5,4,168862.6989,
6926,29,Urban,Middle,561,15210.7,37949.4,1657.8,8533219.9,250,64,4828,2,Daily,5,15.7,10,871789.5478,
6927,22,Suburban,Middle,854,13105.5,15787.7,4358.7,11192128,255,299,1786,35,Daily,14,70.5,10,1133826.901,
6928,61,Rural,Low,310,4653.5,20343.9,897.1,1442598,188,300,4193,2,Weekly,3,61.6,1,153402.3452,
6929,47,Rural,Low,274,19478.3,69378.8,2445.1,5337067.5,328,153,4309,24,Weekly,1,54.2,9,552212.5682,
6930,30,Suburban,High,539,11411.4,11815.8,5307.9,6150740.7,346,17,806,11,Monthly,18,28.6,3,618792.6186,
6931,59,Urban,Middle,840,18138.5,37549.1,7736.3,15236332.2,240,39,310,11,Monthly,6,1.5,4,1527781.831,
6932,32,Suburban,Middle,390,17183.3,41380.5,2991.9,6701476,307,153,1760,48,Weekly,10,69.7,4,680225.2579,
6933,56,Rural,Low,459,6669.2,15274.5,2899.6,3061152.7,176,355,2230,31,Daily,14,15.4,1,313173.4982,
6934,69,Urban,High,733,10723.8,32100.2,1700.5,7860529,313,295,1982,39,Weekly,15,5.7,4,795850.8069,
6935,62,Suburban,Low,634,8633.1,26824.7,2507.6,5473355.2,32,39,1356,9,Weekly,4,28.0,10,560508.0233,
6936,59,Rural,Middle,361,14184.5,36695.4,5536.3,5120590.3,335,187,3986,47,Daily,8,20.8,2,526075.869,
6937,49,Suburban,Middle,69,11765,27378,3688.6,811782.2,122,238,3897,18,Monthly,0,68.0,4,93662.05029,
6938,20,Urban,High,583,15699.2,47374.6,6912.6,9152646.5,324,272,356,46,Weekly,12,2.9,7,925447.6056,
6939,60,Urban,Low,662,244.9,277.9,84.9,162142.1,28,309,3162,42,Monthly,2,70.5,8,33671.81323,
6940,42,Urban,Middle,699,13759,49268.3,3753.2,9617532.1,189,362,4951,6,Weekly,4,42.7,7,977686.5646,
6941,67,Urban,Middle,431,6388.1,21872.5,3002.8,2753276.5,333,157,1198,23,Weekly,13,22.3,1,280034.1177,
6942,38,Urban,High,885,4492.2,9509.4,514.4,3975597.5,140,231,2701,38,Monthly,4,62.6,4,408747.45,
6943,55,Suburban,Middle,758,16026.8,27535.1,4733.7,12148325.7,271,194,4738,31,Monthly,19,30.6,7,1233907.851,
6944,29,Urban,Middle,708,1793.5,2317.1,653.4,1269820.7,285,250,4734,22,Daily,13,38.8,6,143165.6427,
6945,30,Urban,Low,32,4576.9,15329.8,1988.3,146461.3,343,266,2311,49,Daily,20,11.1,6,28723.40669,
6946,58,Rural,High,979,4082.6,13373.1,1292,3996913.8,269,2,2776,18,Weekly,0,63.5,6,412035.2794,
6947,48,Urban,High,621,8402.3,26326.7,3816.4,5217834.9,294,141,526,47,Weekly,10,63.4,6,531772.671,
6948,68,Rural,High,865,6453.5,31896.3,1745.7,5582288.2,186,182,3244,2,Daily,4,54.4,6,570845.6244,
6949,46,Rural,Low,513,14412.2,45055,3269.4,7393438.9,110,2,3330,24,Daily,2,52.5,6,752300.1431,
6950,50,Rural,High,182,13990.4,54383,6848.6,2546253.5,255,170,364,24,Weekly,9,15.2,8,264883.4381,
6951,32,Suburban,Middle,686,6516.2,9459.3,2390.6,4470087.9,35,270,4104,5,Daily,8,32.4,2,455734.2331,
6952,43,Suburban,High,681,8745.2,19203.5,2363.9,5955512.3,332,307,3331,32,Monthly,14,7.5,1,605650.5845,
6953,34,Rural,Middle,248,4166.1,8756.2,1880.1,1033189,222,364,112,32,Weekly,5,43.0,6,112273.132,
6954,61,Suburban,High,620,13420,44338.3,5008.8,8320393.6,110,49,3790,14,Weekly,5,16.0,7,847045.6353,
6955,69,Urban,High,882,7930.5,18424.5,2816.7,6994694.5,261,285,2522,19,Weekly,7,22.2,10,714420.0278,
6956,38,Suburban,Low,297,2665.2,9499.5,1043.2,791562.6,2,320,4574,42,Weekly,1,58.9,9,99745.4616,
6957,47,Urban,High,776,2554,9604.1,1009.7,1981932.9,234,279,847,41,Monthly,3,70.9,3,205984.7074,
6958,55,Urban,High,928,6453.2,7322.8,1917.8,5988560.7,286,279,3807,31,Daily,1,28.0,1,608225.3937,
6959,28,Suburban,Low,30,14949,53204,4002.2,448470.8,99,272,2529,23,Weekly,8,57.4,6,57183.1415,
6960,35,Suburban,Middle,302,519.8,762.7,241.1,156989.2,119,44,1669,2,Weekly,4,10.4,10,28360.03489,
6961,50,Rural,High,476,5162.9,14768.7,1543.2,2457548.1,10,60,3666,3,Weekly,18,38.6,5,258025.0099,
6962,20,Suburban,High,873,3258.1,12727.1,607.1,2844319.8,73,199,4811,43,Weekly,18,40.1,4,302178.2864,
6963,24,Suburban,Middle,948,19130,72949.9,5904.3,18135232.1,209,109,580,5,Monthly,8,64.1,10,1824308.452,
6964,44,Suburban,Low,352,14108.6,31028.9,1605.1,4966219.9,124,65,375,18,Daily,4,18.1,10,508941.9846,
6965,21,Urban,High,985,4672.3,9762.6,1819.1,4602236.5,38,173,2977,25,Monthly,15,5.6,7,474521.0661,
6966,40,Urban,Low,482,4157.1,11477.5,626.9,2003740.1,94,353,4541,47,Weekly,6,25.8,5,217005.9845,
6967,46,Urban,Middle,317,17162,30113.7,2483.2,5440363.7,233,98,4054,24,Weekly,1,54.0,4,557354.0785,
6968,37,Rural,Middle,737,3812.6,18677.3,1824.5,2809909.5,163,129,2613,24,Monthly,13,4.3,10,297415.501,
6969,17,Rural,Low,397,19941.2,47453.5,8156.4,7916661.7,327,268,871,9,Weekly,0,11.4,10,803674.5709,
6970,60,Rural,Middle,89,5653.2,26524.8,1502,503138.3,140,87,484,37,Monthly,7,4.2,10,64566.09144,
6971,20,Urban,Middle,234,1695.8,7856.8,332.1,396819.8,242,89,4772,19,Monthly,16,36.2,9,59570.15456,
6972,42,Suburban,High,168,13821.9,33993.6,6045.7,2322084,170,344,3488,4,Daily,18,59.6,8,246164.427,
6973,40,Rural,Low,743,12196.8,24592.8,5945.1,9062192.3,98,229,3760,41,Daily,5,19.9,4,920359.7424,
6974,23,Rural,High,126,19996.4,81652.3,6065.8,2519552.1,67,130,1710,43,Daily,13,3.2,4,263124.7386,
6975,16,Urban,Low,573,16043.7,30764,5327,9193036.7,289,132,1160,49,Daily,7,13.5,10,935526.367,
6976,35,Rural,High,120,8582.4,26476.7,1692.6,1029893.1,104,253,1381,34,Monthly,10,6.9,9,116729.6009,
6977,59,Suburban,Middle,428,13535.5,19528.4,4543.9,5793178.1,141,110,230,4,Weekly,13,40.3,8,586276.6548, 
6978,38,Urban,Low,190,16358.8,41612.4,4257.2,3108174,203,297,3186,34,Monthly,9,36.5,7,326789.9776,
6979,47,Urban,Low,633,10279.4,13492.9,4504.8,6506855.9,290,294,3902,2,Weekly,16,18.4,1,659011.2,
6980,26,Suburban,Low,428,5464.7,11660.4,1370.8,2338891.7,306,215,2562,40,Daily,11,60.8,4,245187.0054,
6981,54,Suburban,Low,560,4210,15413.6,1513.5,2357606.6,137,312,2031,31,Weekly,3,30.2,1,242638.1298,
6982,62,Suburban,Middle,202,5912.7,29357.8,1072.5,1194360.5,263,204,111,35,Weekly,18,69.8,5,126016.1871,
6983,69,Rural,Middle,59,16962.9,34252,2311.5,1000810.8,106,24,3217,29,Monthly,16,17.6,4,112887.5726,
6984,39,Suburban,Middle,697,7614.8,22031.9,884.4,5307545.7,130,93,1372,48,Daily,4,45.2,7,543371.2087,
6985,26,Urban,High,223,5740.4,16028.3,1528.4,1280112.9,261,169,1231,38,Monthly,13,57.5,8,141868.2048,
6986,44,Suburban,Middle,492,16119.7,27993.7,2666.4,7930885.4,113,28,3,28,Weekly,6,14.4,1,795432.6075,
6987,69,Urban,High,11,648.1,2229.6,322.4,7129,322,318,3149,25,Weekly,2,57.3,5,13801.81212,
6988,41,Urban,High,793,11883.2,46330.6,4983.3,9423398.1,116,190,1762,44,Weekly,4,63.8,10,960011.0814,
6989,31,Rural,Middle,701,17473.9,27763.9,6593.8,12249203.7,138,266,1720,24,Monthly,4,48.4,7,1236218.461,
6990,50,Suburban,Middle,512,8207.6,33064.2,3458.1,4202278,161,285,4834,11,Monthly,7,64.6,3,432728.7988,
6991,35,Rural,Middle,814,5393.7,20499.4,1106.2,4390447.4,108,63,2096,17,Monthly,2,28.9,9,452721.7912,
6992,61,Suburban,High,310,9839.3,17606.1,4444.5,3050171.9,248,87,1132,25,Daily,0,29.5,8,316299.8947,
6993,18,Suburban,Low,749,14352.4,51608.1,7151.1,10749924.1,134,7,1716,14,Weekly,1,2.3,5,1083893.314,
6994,16,Suburban,Middle,34,10336.9,26614.4,2232.2,351456.1,14,155,3443,4,Monthly,6,57.7,3,43756.19479,
6995,68,Suburban,High,340,162.7,606,80.4,55319.2,78,20,521,32,Monthly,14,3.4,3,12446.80976,
6996,62,Suburban,High,647,1575.7,4702.5,359.5,1019483,271,252,2972,40,Monthly,13,19.7,3,113104.8709,
6997,16,Urban,Middle,481,14429.4,17207.7,1510.6,6940519.8,225,348,2423,8,Monthly,12,45.0,2,700248.4498,
6998,32,Urban,High,574,8005,33203.8,1976.3,4594885.6,121,50,634,31,Monthly,11,44.1,1,463640.3788,
6999,17,Suburban,Middle,825,15697.7,50584.2,7833.2,12950576.8,223,189,648,12,Monthly,17,35.1,1,1298234.556,
